
> buymore-production@1.1.0 typecheck
> tsc --noEmit -p tsconfig.json && tsc --noEmit -p tsconfig.node.json

main.tsx(1,44): error TS2307: Cannot find module 'react' or its corresponding type declarations.
main.tsx(2,22): error TS2307: Cannot find module 'react-dom/client' or its corresponding type declarations.
main.tsx(7,23): error TS2307: Cannot find module 'xlsx' or its corresponding type declarations.
main.tsx(458,3): error TS7026: JSX element implicitly has type 'any' because no interface 'JSX.IntrinsicElements' exists.
main.tsx(462,3): error TS7026: JSX element implicitly has type 'any' because no interface 'JSX.IntrinsicElements' exists.
main.tsx(481,5): error TS7026: JSX element implicitly has type 'any' because no interface 'JSX.IntrinsicElements' exists.
main.tsx(489,5): error TS7026: JSX element implicitly has type 'any' because no interface 'JSX.IntrinsicElements' exists.
main.tsx(506,5): error TS7026: JSX element implicitly has type 'any' because no interface 'JSX.IntrinsicElements' exists.
main.tsx(507,7): error TS7026: JSX element implicitly has type 'any' because no interface 'JSX.IntrinsicElements' exists.
main.tsx(508,9): error TS7026: JSX element implicitly has type 'any' because no interface 'JSX.IntrinsicElements' exists.
main.tsx(510,9): error TS7026: JSX element implicitly has type 'any' because no interface 'JSX.IntrinsicElements' exists.
main.tsx(511,9): error TS7026: JSX element implicitly has type 'any' because no interface 'JSX.IntrinsicElements' exists.
main.tsx(513,9): error TS7026: JSX element implicitly has type 'any' because no interface 'JSX.IntrinsicElements' exists.
main.tsx(514,9): error TS7026: JSX element implicitly has type 'any' because no interface 'JSX.IntrinsicElements' exists.
main.tsx(516,9): error TS7026: JSX element implicitly has type 'any' because no interface 'JSX.IntrinsicElements' exists.
main.tsx(517,7): error TS7026: JSX element implicitly has type 'any' because no interface 'JSX.IntrinsicElements' exists.
main.tsx(518,7): error TS7026: JSX element implicitly has type 'any' because no interface 'JSX.IntrinsicElements' exists.
main.tsx(520,7): error TS7026: JSX element implicitly has type 'any' because no interface 'JSX.IntrinsicElements' exists.
main.tsx(521,5): error TS7026: JSX element implicitly has type 'any' because no interface 'JSX.IntrinsicElements' exists.
main.tsx(526,5): error TS7026: JSX element implicitly has type 'any' because no interface 'JSX.IntrinsicElements' exists.
main.tsx(527,7): error TS7026: JSX element implicitly has type 'any' because no interface 'JSX.IntrinsicElements' exists.
main.tsx(529,7): error TS7026: JSX element implicitly has type 'any' because no interface 'JSX.IntrinsicElements' exists.
main.tsx(530,7): error TS7026: JSX element implicitly has type 'any' because no interface 'JSX.IntrinsicElements' exists.
main.tsx(532,7): error TS7026: JSX element implicitly has type 'any' because no interface 'JSX.IntrinsicElements' exists.
main.tsx(533,5): error TS7026: JSX element implicitly has type 'any' because no interface 'JSX.IntrinsicElements' exists.
main.tsx(538,3): error TS7026: JSX element implicitly has type 'any' because no interface 'JSX.IntrinsicElements' exists.
main.tsx(540,3): error TS7026: JSX element implicitly has type 'any' because no interface 'JSX.IntrinsicElements' exists.
main.tsx(558,5): error TS7026: JSX element implicitly has type 'any' because no interface 'JSX.IntrinsicElements' exists.
main.tsx(565,11): error TS7026: JSX element implicitly has type 'any' because no interface 'JSX.IntrinsicElements' exists.
main.tsx(569,13): error TS7026: JSX element implicitly has type 'any' because no interface 'JSX.IntrinsicElements' exists.
main.tsx(570,15): error TS7026: JSX element implicitly has type 'any' because no interface 'JSX.IntrinsicElements' exists.
main.tsx(575,15): error TS7026: JSX element implicitly has type 'any' because no interface 'JSX.IntrinsicElements' exists.
main.tsx(576,15): error TS7026: JSX element implicitly has type 'any' because no interface 'JSX.IntrinsicElements' exists.
main.tsx(584,13): error TS7026: JSX element implicitly has type 'any' because no interface 'JSX.IntrinsicElements' exists.
main.tsx(585,13): error TS7026: JSX element implicitly has type 'any' because no interface 'JSX.IntrinsicElements' exists.
main.tsx(590,13): error TS7026: JSX element implicitly has type 'any' because no interface 'JSX.IntrinsicElements' exists.
main.tsx(591,11): error TS7026: JSX element implicitly has type 'any' because no interface 'JSX.IntrinsicElements' exists.
main.tsx(594,5): error TS7026: JSX element implicitly has type 'any' because no interface 'JSX.IntrinsicElements' exists.
main.tsx(608,5): error TS7026: JSX element implicitly has type 'any' because no interface 'JSX.IntrinsicElements' exists.
main.tsx(613,9): error TS7026: JSX element implicitly has type 'any' because no interface 'JSX.IntrinsicElements' exists.
main.tsx(614,11): error TS7026: JSX element implicitly has type 'any' because no interface 'JSX.IntrinsicElements' exists.
main.tsx(615,13): error TS7026: JSX element implicitly has type 'any' because no interface 'JSX.IntrinsicElements' exists.
main.tsx(620,13): error TS7026: JSX element implicitly has type 'any' because no interface 'JSX.IntrinsicElements' exists.
main.tsx(621,13): error TS7026: JSX element implicitly has type 'any' because no interface 'JSX.IntrinsicElements' exists.
main.tsx(623,13): error TS7026: JSX element implicitly has type 'any' because no interface 'JSX.IntrinsicElements' exists.
main.tsx(624,11): error TS7026: JSX element implicitly has type 'any' because no interface 'JSX.IntrinsicElements' exists.
main.tsx(625,11): error TS7026: JSX element implicitly has type 'any' because no interface 'JSX.IntrinsicElements' exists.
main.tsx(626,13): error TS7026: JSX element implicitly has type 'any' because no interface 'JSX.IntrinsicElements' exists.
main.tsx(633,11): error TS7026: JSX element implicitly has type 'any' because no interface 'JSX.IntrinsicElements' exists.
main.tsx(634,9): error TS7026: JSX element implicitly has type 'any' because no interface 'JSX.IntrinsicElements' exists.
main.tsx(636,5): error TS7026: JSX element implicitly has type 'any' because no interface 'JSX.IntrinsicElements' exists.
main.tsx(658,5): error TS7026: JSX element implicitly has type 'any' because no interface 'JSX.IntrinsicElements' exists.
main.tsx(662,7): error TS7026: JSX element implicitly has type 'any' because no interface 'JSX.IntrinsicElements' exists.
main.tsx(663,9): error TS7026: JSX element implicitly has type 'any' because no interface 'JSX.IntrinsicElements' exists.
main.tsx(669,11): error TS7026: JSX element implicitly has type 'any' because no interface 'JSX.IntrinsicElements' exists.
main.tsx(682,15): error TS7026: JSX element implicitly has type 'any' because no interface 'JSX.IntrinsicElements' exists.
main.tsx(694,17): error TS7026: JSX element implicitly has type 'any' because no interface 'JSX.IntrinsicElements' exists.
main.tsx(694,112): error TS7026: JSX element implicitly has type 'any' because no interface 'JSX.IntrinsicElements' exists.
main.tsx(695,15): error TS7026: JSX element implicitly has type 'any' because no interface 'JSX.IntrinsicElements' exists.
main.tsx(698,9): error TS7026: JSX element implicitly has type 'any' because no interface 'JSX.IntrinsicElements' exists.
main.tsx(699,9): error TS7026: JSX element implicitly has type 'any' because no interface 'JSX.IntrinsicElements' exists.
main.tsx(700,11): error TS7026: JSX element implicitly has type 'any' because no interface 'JSX.IntrinsicElements' exists.
main.tsx(702,11): error TS7026: JSX element implicitly has type 'any' because no interface 'JSX.IntrinsicElements' exists.
main.tsx(703,11): error TS7026: JSX element implicitly has type 'any' because no interface 'JSX.IntrinsicElements' exists.
main.tsx(705,11): error TS7026: JSX element implicitly has type 'any' because no interface 'JSX.IntrinsicElements' exists.
main.tsx(706,9): error TS7026: JSX element implicitly has type 'any' because no interface 'JSX.IntrinsicElements' exists.
main.tsx(707,7): error TS7026: JSX element implicitly has type 'any' because no interface 'JSX.IntrinsicElements' exists.
main.tsx(708,7): error TS7026: JSX element implicitly has type 'any' because no interface 'JSX.IntrinsicElements' exists.
main.tsx(710,11): error TS7026: JSX element implicitly has type 'any' because no interface 'JSX.IntrinsicElements' exists.
main.tsx(714,13): error TS7026: JSX element implicitly has type 'any' because no interface 'JSX.IntrinsicElements' exists.
main.tsx(715,15): error TS7026: JSX element implicitly has type 'any' because no interface 'JSX.IntrinsicElements' exists.
main.tsx(721,15): error TS7026: JSX element implicitly has type 'any' because no interface 'JSX.IntrinsicElements' exists.
main.tsx(726,15): error TS7026: JSX element implicitly has type 'any' because no interface 'JSX.IntrinsicElements' exists.
main.tsx(727,13): error TS7026: JSX element implicitly has type 'any' because no interface 'JSX.IntrinsicElements' exists.
main.tsx(728,13): error TS7026: JSX element implicitly has type 'any' because no interface 'JSX.IntrinsicElements' exists.
main.tsx(730,13): error TS7026: JSX element implicitly has type 'any' because no interface 'JSX.IntrinsicElements' exists.
main.tsx(731,11): error TS7026: JSX element implicitly has type 'any' because no interface 'JSX.IntrinsicElements' exists.
main.tsx(733,7): error TS7026: JSX element implicitly has type 'any' because no interface 'JSX.IntrinsicElements' exists.
main.tsx(734,5): error TS7026: JSX element implicitly has type 'any' because no interface 'JSX.IntrinsicElements' exists.
main.tsx(738,21): error TS7026: JSX element implicitly has type 'any' because no interface 'JSX.IntrinsicElements' exists.
main.tsx(738,21): error TS2875: This JSX tag requires the module path 'react/jsx-runtime' to exist, but none could be found. Make sure you have types for the appropriate package installed.
main.tsx(738,140): error TS7026: JSX element implicitly has type 'any' because no interface 'JSX.IntrinsicElements' exists.
main.tsx(739,23): error TS7026: JSX element implicitly has type 'any' because no interface 'JSX.IntrinsicElements' exists.
main.tsx(739,148): error TS7026: JSX element implicitly has type 'any' because no interface 'JSX.IntrinsicElements' exists.
main.tsx(740,20): error TS7026: JSX element implicitly has type 'any' because no interface 'JSX.IntrinsicElements' exists.
main.tsx(740,154): error TS7026: JSX element implicitly has type 'any' because no interface 'JSX.IntrinsicElements' exists.
main.tsx(744,10): error TS7026: JSX element implicitly has type 'any' because no interface 'JSX.IntrinsicElements' exists.
main.tsx(745,68): error TS7026: JSX element implicitly has type 'any' because no interface 'JSX.IntrinsicElements' exists.
main.tsx(745,179): error TS7006: Parameter 'e' implicitly has an 'any' type.
main.tsx(746,56): error TS7026: JSX element implicitly has type 'any' because no interface 'JSX.IntrinsicElements' exists.
main.tsx(746,165): error TS7006: Parameter 'e' implicitly has an 'any' type.
main.tsx(751,59): error TS7026: JSX element implicitly has type 'any' because no interface 'JSX.IntrinsicElements' exists.
main.tsx(751,131): error TS7006: Parameter 'e' implicitly has an 'any' type.
main.tsx(752,9): error TS7026: JSX element implicitly has type 'any' because no interface 'JSX.IntrinsicElements' exists.
main.tsx(752,44): error TS7026: JSX element implicitly has type 'any' because no interface 'JSX.IntrinsicElements' exists.
main.tsx(752,75): error TS7026: JSX element implicitly has type 'any' because no interface 'JSX.IntrinsicElements' exists.
main.tsx(752,160): error TS7026: JSX element implicitly has type 'any' because no interface 'JSX.IntrinsicElements' exists.
main.tsx(753,7): error TS7026: JSX element implicitly has type 'any' because no interface 'JSX.IntrinsicElements' exists.
main.tsx(755,3): error TS7026: JSX element implicitly has type 'any' because no interface 'JSX.IntrinsicElements' exists.
main.tsx(758,10): error TS7026: JSX element implicitly has type 'any' because no interface 'JSX.IntrinsicElements' exists.
main.tsx(759,5): error TS7026: JSX element implicitly has type 'any' because no interface 'JSX.IntrinsicElements' exists.
main.tsx(759,122): error TS7026: JSX element implicitly has type 'any' because no interface 'JSX.IntrinsicElements' exists.
main.tsx(760,5): error TS7026: JSX element implicitly has type 'any' because no interface 'JSX.IntrinsicElements' exists.
main.tsx(760,33): error TS7026: JSX element implicitly has type 'any' because no interface 'JSX.IntrinsicElements' exists.
main.tsx(760,161): error TS7026: JSX element implicitly has type 'any' because no interface 'JSX.IntrinsicElements' exists.
main.tsx(761,5): error TS7026: JSX element implicitly has type 'any' because no interface 'JSX.IntrinsicElements' exists.
main.tsx(761,145): error TS7026: JSX element implicitly has type 'any' because no interface 'JSX.IntrinsicElements' exists.
main.tsx(761,154): error TS7026: JSX element implicitly has type 'any' because no interface 'JSX.IntrinsicElements' exists.
main.tsx(762,3): error TS7026: JSX element implicitly has type 'any' because no interface 'JSX.IntrinsicElements' exists.
main.tsx(766,10): error TS7026: JSX element implicitly has type 'any' because no interface 'JSX.IntrinsicElements' exists.
main.tsx(766,41): error TS7026: JSX element implicitly has type 'any' because no interface 'JSX.IntrinsicElements' exists.
main.tsx(766,148): error TS7026: JSX element implicitly has type 'any' because no interface 'JSX.IntrinsicElements' exists.
main.tsx(767,5): error TS7026: JSX element implicitly has type 'any' because no interface 'JSX.IntrinsicElements' exists.
main.tsx(767,92): error TS7026: JSX element implicitly has type 'any' because no interface 'JSX.IntrinsicElements' exists.
main.tsx(767,215): error TS7026: JSX element implicitly has type 'any' because no interface 'JSX.IntrinsicElements' exists.
main.tsx(768,3): error TS7026: JSX element implicitly has type 'any' because no interface 'JSX.IntrinsicElements' exists.
main.tsx(773,48): error TS7026: JSX element implicitly has type 'any' because no interface 'JSX.IntrinsicElements' exists.
main.tsx(773,176): error TS7006: Parameter 'e' implicitly has an 'any' type.
main.tsx(778,59): error TS7026: JSX element implicitly has type 'any' because no interface 'JSX.IntrinsicElements' exists.
main.tsx(778,152): error TS7006: Parameter 'e' implicitly has an 'any' type.
main.tsx(779,9): error TS7026: JSX element implicitly has type 'any' because no interface 'JSX.IntrinsicElements' exists.
main.tsx(779,52): error TS7026: JSX element implicitly has type 'any' because no interface 'JSX.IntrinsicElements' exists.
main.tsx(780,71): error TS7026: JSX element implicitly has type 'any' because no interface 'JSX.IntrinsicElements' exists.
main.tsx(780,160): error TS7026: JSX element implicitly has type 'any' because no interface 'JSX.IntrinsicElements' exists.
main.tsx(781,31): error TS7026: JSX element implicitly has type 'any' because no interface 'JSX.IntrinsicElements' exists.
main.tsx(781,86): error TS7026: JSX element implicitly has type 'any' because no interface 'JSX.IntrinsicElements' exists.
main.tsx(782,7): error TS7026: JSX element implicitly has type 'any' because no interface 'JSX.IntrinsicElements' exists.
main.tsx(784,64): error TS7026: JSX element implicitly has type 'any' because no interface 'JSX.IntrinsicElements' exists.
main.tsx(784,252): error TS7006: Parameter 'e' implicitly has an 'any' type.
main.tsx(785,74): error TS7026: JSX element implicitly has type 'any' because no interface 'JSX.IntrinsicElements' exists.
main.tsx(785,179): error TS7006: Parameter 'e' implicitly has an 'any' type.
main.tsx(793,5): error TS7026: JSX element implicitly has type 'any' because no interface 'JSX.IntrinsicElements' exists.
main.tsx(793,49): error TS7026: JSX element implicitly has type 'any' because no interface 'JSX.IntrinsicElements' exists.
main.tsx(793,209): error TS7026: JSX element implicitly has type 'any' because no interface 'JSX.IntrinsicElements' exists.
main.tsx(794,5): error TS7026: JSX element implicitly has type 'any' because no interface 'JSX.IntrinsicElements' exists.
main.tsx(794,179): error TS7026: JSX element implicitly has type 'any' because no interface 'JSX.IntrinsicElements' exists.
main.tsx(795,69): error TS7026: JSX element implicitly has type 'any' because no interface 'JSX.IntrinsicElements' exists.
main.tsx(795,158): error TS7006: Parameter 'e' implicitly has an 'any' type.
main.tsx(796,143): error TS7026: JSX element implicitly has type 'any' because no interface 'JSX.IntrinsicElements' exists.
main.tsx(811,10): error TS7026: JSX element implicitly has type 'any' because no interface 'JSX.IntrinsicElements' exists.
main.tsx(812,319): error TS7026: JSX element implicitly has type 'any' because no interface 'JSX.IntrinsicElements' exists.
main.tsx(812,347): error TS7026: JSX element implicitly has type 'any' because no interface 'JSX.IntrinsicElements' exists.
main.tsx(812,423): error TS7006: Parameter 'n' implicitly has an 'any' type.
main.tsx(812,455): error TS7026: JSX element implicitly has type 'any' because no interface 'JSX.IntrinsicElements' exists.
main.tsx(812,464): error TS7026: JSX element implicitly has type 'any' because no interface 'JSX.IntrinsicElements' exists.
main.tsx(812,591): error TS7026: JSX element implicitly has type 'any' because no interface 'JSX.IntrinsicElements' exists.
main.tsx(812,600): error TS7026: JSX element implicitly has type 'any' because no interface 'JSX.IntrinsicElements' exists.
main.tsx(813,28): error TS7026: JSX element implicitly has type 'any' because no interface 'JSX.IntrinsicElements' exists.
main.tsx(813,207): error TS7026: JSX element implicitly has type 'any' because no interface 'JSX.IntrinsicElements' exists.
main.tsx(813,337): error TS7026: JSX element implicitly has type 'any' because no interface 'JSX.IntrinsicElements' exists.
main.tsx(813,348): error TS7026: JSX element implicitly has type 'any' because no interface 'JSX.IntrinsicElements' exists.
main.tsx(815,28): error TS7026: JSX element implicitly has type 'any' because no interface 'JSX.IntrinsicElements' exists.
main.tsx(815,151): error TS7026: JSX element implicitly has type 'any' because no interface 'JSX.IntrinsicElements' exists.
main.tsx(816,5): error TS7026: JSX element implicitly has type 'any' because no interface 'JSX.IntrinsicElements' exists.
main.tsx(816,77): error TS7026: JSX element implicitly has type 'any' because no interface 'JSX.IntrinsicElements' exists.
main.tsx(818,7): error TS7026: JSX element implicitly has type 'any' because no interface 'JSX.IntrinsicElements' exists.
main.tsx(827,7): error TS7026: JSX element implicitly has type 'any' because no interface 'JSX.IntrinsicElements' exists.
main.tsx(828,7): error TS7026: JSX element implicitly has type 'any' because no interface 'JSX.IntrinsicElements' exists.
main.tsx(834,192): error TS7026: JSX element implicitly has type 'any' because no interface 'JSX.IntrinsicElements' exists.
main.tsx(834,376): error TS7026: JSX element implicitly has type 'any' because no interface 'JSX.IntrinsicElements' exists.
main.tsx(835,7): error TS7026: JSX element implicitly has type 'any' because no interface 'JSX.IntrinsicElements' exists.
main.tsx(837,9): error TS7026: JSX element implicitly has type 'any' because no interface 'JSX.IntrinsicElements' exists.
main.tsx(837,42): error TS7026: JSX element implicitly has type 'any' because no interface 'JSX.IntrinsicElements' exists.
main.tsx(837,90): error TS7026: JSX element implicitly has type 'any' because no interface 'JSX.IntrinsicElements' exists.
main.tsx(837,97): error TS7026: JSX element implicitly has type 'any' because no interface 'JSX.IntrinsicElements' exists.
main.tsx(837,231): error TS7026: JSX element implicitly has type 'any' because no interface 'JSX.IntrinsicElements' exists.
main.tsx(837,262): error TS7026: JSX element implicitly has type 'any' because no interface 'JSX.IntrinsicElements' exists.
main.tsx(837,269): error TS7026: JSX element implicitly has type 'any' because no interface 'JSX.IntrinsicElements' exists.
main.tsx(837,274): error TS7026: JSX element implicitly has type 'any' because no interface 'JSX.IntrinsicElements' exists.
main.tsx(838,9): error TS7026: JSX element implicitly has type 'any' because no interface 'JSX.IntrinsicElements' exists.
main.tsx(838,86): error TS7026: JSX element implicitly has type 'any' because no interface 'JSX.IntrinsicElements' exists.
main.tsx(838,103): error TS7026: JSX element implicitly has type 'any' because no interface 'JSX.IntrinsicElements' exists.
main.tsx(838,140): error TS7026: JSX element implicitly has type 'any' because no interface 'JSX.IntrinsicElements' exists.
main.tsx(838,145): error TS7026: JSX element implicitly has type 'any' because no interface 'JSX.IntrinsicElements' exists.
main.tsx(838,188): error TS7026: JSX element implicitly has type 'any' because no interface 'JSX.IntrinsicElements' exists.
main.tsx(838,193): error TS7026: JSX element implicitly has type 'any' because no interface 'JSX.IntrinsicElements' exists.
main.tsx(838,256): error TS7026: JSX element implicitly has type 'any' because no interface 'JSX.IntrinsicElements' exists.
main.tsx(838,261): error TS7026: JSX element implicitly has type 'any' because no interface 'JSX.IntrinsicElements' exists.
main.tsx(838,313): error TS7026: JSX element implicitly has type 'any' because no interface 'JSX.IntrinsicElements' exists.
main.tsx(838,318): error TS7026: JSX element implicitly has type 'any' because no interface 'JSX.IntrinsicElements' exists.
main.tsx(838,373): error TS7026: JSX element implicitly has type 'any' because no interface 'JSX.IntrinsicElements' exists.
main.tsx(838,378): error TS7026: JSX element implicitly has type 'any' because no interface 'JSX.IntrinsicElements' exists.
main.tsx(838,450): error TS7026: JSX element implicitly has type 'any' because no interface 'JSX.IntrinsicElements' exists.
main.tsx(838,455): error TS7026: JSX element implicitly has type 'any' because no interface 'JSX.IntrinsicElements' exists.
main.tsx(838,595): error TS7026: JSX element implicitly has type 'any' because no interface 'JSX.IntrinsicElements' exists.
main.tsx(838,600): error TS7026: JSX element implicitly has type 'any' because no interface 'JSX.IntrinsicElements' exists.
main.tsx(838,607): error TS7026: JSX element implicitly has type 'any' because no interface 'JSX.IntrinsicElements' exists.
main.tsx(838,615): error TS7026: JSX element implicitly has type 'any' because no interface 'JSX.IntrinsicElements' exists.
main.tsx(838,623): error TS7026: JSX element implicitly has type 'any' because no interface 'JSX.IntrinsicElements' exists.
main.tsx(839,35): error TS7026: JSX element implicitly has type 'any' because no interface 'JSX.IntrinsicElements' exists.
main.tsx(839,144): error TS7026: JSX element implicitly has type 'any' because no interface 'JSX.IntrinsicElements' exists.
main.tsx(842,3): error TS7026: JSX element implicitly has type 'any' because no interface 'JSX.IntrinsicElements' exists.
main.tsx(960,3): error TS7026: JSX element implicitly has type 'any' because no interface 'JSX.IntrinsicElements' exists.
main.tsx(961,5): error TS7026: JSX element implicitly has type 'any' because no interface 'JSX.IntrinsicElements' exists.
main.tsx(962,7): error TS7026: JSX element implicitly has type 'any' because no interface 'JSX.IntrinsicElements' exists.
main.tsx(964,7): error TS7026: JSX element implicitly has type 'any' because no interface 'JSX.IntrinsicElements' exists.
main.tsx(966,9): error TS7026: JSX element implicitly has type 'any' because no interface 'JSX.IntrinsicElements' exists.
main.tsx(968,9): error TS7026: JSX element implicitly has type 'any' because no interface 'JSX.IntrinsicElements' exists.
main.tsx(970,5): error TS7026: JSX element implicitly has type 'any' because no interface 'JSX.IntrinsicElements' exists.
main.tsx(972,3): error TS7026: JSX element implicitly has type 'any' because no interface 'JSX.IntrinsicElements' exists.
main.tsx(985,5): error TS7026: JSX element implicitly has type 'any' because no interface 'JSX.IntrinsicElements' exists.
main.tsx(989,5): error TS7026: JSX element implicitly has type 'any' because no interface 'JSX.IntrinsicElements' exists.
main.tsx(1003,7): error TS7026: JSX element implicitly has type 'any' because no interface 'JSX.IntrinsicElements' exists.
main.tsx(1006,7): error TS7026: JSX element implicitly has type 'any' because no interface 'JSX.IntrinsicElements' exists.
main.tsx(1008,7): error TS7026: JSX element implicitly has type 'any' because no interface 'JSX.IntrinsicElements' exists.
main.tsx(1009,7): error TS7026: JSX element implicitly has type 'any' because no interface 'JSX.IntrinsicElements' exists.
main.tsx(1011,7): error TS7026: JSX element implicitly has type 'any' because no interface 'JSX.IntrinsicElements' exists.
main.tsx(1013,9): error TS7026: JSX element implicitly has type 'any' because no interface 'JSX.IntrinsicElements' exists.
main.tsx(1015,9): error TS7026: JSX element implicitly has type 'any' because no interface 'JSX.IntrinsicElements' exists.
main.tsx(1021,3): error TS7026: JSX element implicitly has type 'any' because no interface 'JSX.IntrinsicElements' exists.
main.tsx(1022,5): error TS7026: JSX element implicitly has type 'any' because no interface 'JSX.IntrinsicElements' exists.
main.tsx(1024,5): error TS7026: JSX element implicitly has type 'any' because no interface 'JSX.IntrinsicElements' exists.
main.tsx(1026,3): error TS7026: JSX element implicitly has type 'any' because no interface 'JSX.IntrinsicElements' exists.
main.tsx(1048,5): error TS7026: JSX element implicitly has type 'any' because no interface 'JSX.IntrinsicElements' exists.
main.tsx(1050,9): error TS7026: JSX element implicitly has type 'any' because no interface 'JSX.IntrinsicElements' exists.
main.tsx(1054,11): error TS7026: JSX element implicitly has type 'any' because no interface 'JSX.IntrinsicElements' exists.
main.tsx(1056,11): error TS7026: JSX element implicitly has type 'any' because no interface 'JSX.IntrinsicElements' exists.
main.tsx(1057,11): error TS7026: JSX element implicitly has type 'any' because no interface 'JSX.IntrinsicElements' exists.
main.tsx(1059,11): error TS7026: JSX element implicitly has type 'any' because no interface 'JSX.IntrinsicElements' exists.
main.tsx(1060,9): error TS7026: JSX element implicitly has type 'any' because no interface 'JSX.IntrinsicElements' exists.
main.tsx(1063,9): error TS7026: JSX element implicitly has type 'any' because no interface 'JSX.IntrinsicElements' exists.
main.tsx(1065,9): error TS7026: JSX element implicitly has type 'any' because no interface 'JSX.IntrinsicElements' exists.
main.tsx(1067,5): error TS7026: JSX element implicitly has type 'any' because no interface 'JSX.IntrinsicElements' exists.
main.tsx(1087,5): error TS7026: JSX element implicitly has type 'any' because no interface 'JSX.IntrinsicElements' exists.
main.tsx(1089,21): error TS7006: Parameter 'event' implicitly has an 'any' type.
main.tsx(1093,7): error TS7026: JSX element implicitly has type 'any' because no interface 'JSX.IntrinsicElements' exists.
main.tsx(1096,9): error TS7026: JSX element implicitly has type 'any' because no interface 'JSX.IntrinsicElements' exists.
main.tsx(1097,11): error TS7026: JSX element implicitly has type 'any' because no interface 'JSX.IntrinsicElements' exists.
main.tsx(1097,60): error TS7026: JSX element implicitly has type 'any' because no interface 'JSX.IntrinsicElements' exists.
main.tsx(1098,11): error TS7026: JSX element implicitly has type 'any' because no interface 'JSX.IntrinsicElements' exists.
main.tsx(1103,11): error TS7026: JSX element implicitly has type 'any' because no interface 'JSX.IntrinsicElements' exists.
main.tsx(1104,9): error TS7026: JSX element implicitly has type 'any' because no interface 'JSX.IntrinsicElements' exists.
main.tsx(1105,9): error TS7026: JSX element implicitly has type 'any' because no interface 'JSX.IntrinsicElements' exists.
main.tsx(1105,47): error TS7026: JSX element implicitly has type 'any' because no interface 'JSX.IntrinsicElements' exists.
main.tsx(1106,7): error TS7026: JSX element implicitly has type 'any' because no interface 'JSX.IntrinsicElements' exists.
main.tsx(1107,5): error TS7026: JSX element implicitly has type 'any' because no interface 'JSX.IntrinsicElements' exists.
main.tsx(1119,10): error TS2339: Property 'state' does not exist on type 'AppErrorBoundary'.
main.tsx(1137,14): error TS2339: Property 'state' does not exist on type 'AppErrorBoundary'.
main.tsx(1139,9): error TS7026: JSX element implicitly has type 'any' because no interface 'JSX.IntrinsicElements' exists.
main.tsx(1141,13): error TS7026: JSX element implicitly has type 'any' because no interface 'JSX.IntrinsicElements' exists.
main.tsx(1143,13): error TS7026: JSX element implicitly has type 'any' because no interface 'JSX.IntrinsicElements' exists.
main.tsx(1144,13): error TS7026: JSX element implicitly has type 'any' because no interface 'JSX.IntrinsicElements' exists.
main.tsx(1145,21): error TS2339: Property 'state' does not exist on type 'AppErrorBoundary'.
main.tsx(1146,13): error TS7026: JSX element implicitly has type 'any' because no interface 'JSX.IntrinsicElements' exists.
main.tsx(1147,13): error TS7026: JSX element implicitly has type 'any' because no interface 'JSX.IntrinsicElements' exists.
main.tsx(1149,22): error TS2339: Property 'setState' does not exist on type 'AppErrorBoundary'.
main.tsx(1158,13): error TS7026: JSX element implicitly has type 'any' because no interface 'JSX.IntrinsicElements' exists.
main.tsx(1160,9): error TS7026: JSX element implicitly has type 'any' because no interface 'JSX.IntrinsicElements' exists.
main.tsx(1163,17): error TS2339: Property 'props' does not exist on type 'AppErrorBoundary'.
main.tsx(1205,25): error TS7006: Parameter 'nextStatus' implicitly has an 'any' type.
main.tsx(1220,5): error TS7026: JSX element implicitly has type 'any' because no interface 'JSX.IntrinsicElements' exists.
main.tsx(1224,7): error TS7026: JSX element implicitly has type 'any' because no interface 'JSX.IntrinsicElements' exists.
main.tsx(1229,5): error TS7026: JSX element implicitly has type 'any' because no interface 'JSX.IntrinsicElements' exists.
main.tsx(1281,5): error TS7026: JSX element implicitly has type 'any' because no interface 'JSX.IntrinsicElements' exists.
main.tsx(1282,7): error TS7026: JSX element implicitly has type 'any' because no interface 'JSX.IntrinsicElements' exists.
main.tsx(1284,20): error TS7006: Parameter 'event' implicitly has an 'any' type.
main.tsx(1287,38): error TS7006: Parameter 'item' implicitly has an 'any' type.
main.tsx(1292,9): error TS7026: JSX element implicitly has type 'any' because no interface 'JSX.IntrinsicElements' exists.
main.tsx(1292,60): error TS7026: JSX element implicitly has type 'any' because no interface 'JSX.IntrinsicElements' exists.
main.tsx(1293,21): error TS7006: Parameter 'item' implicitly has an 'any' type.
main.tsx(1294,11): error TS7026: JSX element implicitly has type 'any' because no interface 'JSX.IntrinsicElements' exists.
main.tsx(1296,11): error TS7026: JSX element implicitly has type 'any' because no interface 'JSX.IntrinsicElements' exists.
main.tsx(1298,7): error TS7026: JSX element implicitly has type 'any' because no interface 'JSX.IntrinsicElements' exists.
main.tsx(1299,7): error TS7026: JSX element implicitly has type 'any' because no interface 'JSX.IntrinsicElements' exists.
main.tsx(1301,7): error TS7026: JSX element implicitly has type 'any' because no interface 'JSX.IntrinsicElements' exists.
main.tsx(1302,7): error TS7026: JSX element implicitly has type 'any' because no interface 'JSX.IntrinsicElements' exists.
main.tsx(1304,7): error TS7026: JSX element implicitly has type 'any' because no interface 'JSX.IntrinsicElements' exists.
main.tsx(1305,5): error TS7026: JSX element implicitly has type 'any' because no interface 'JSX.IntrinsicElements' exists.
main.tsx(1409,5): error TS7026: JSX element implicitly has type 'any' because no interface 'JSX.IntrinsicElements' exists.
main.tsx(1416,7): error TS7026: JSX element implicitly has type 'any' because no interface 'JSX.IntrinsicElements' exists.
main.tsx(1417,9): error TS7026: JSX element implicitly has type 'any' because no interface 'JSX.IntrinsicElements' exists.
main.tsx(1419,13): error TS7026: JSX element implicitly has type 'any' because no interface 'JSX.IntrinsicElements' exists.
main.tsx(1421,13): error TS7026: JSX element implicitly has type 'any' because no interface 'JSX.IntrinsicElements' exists.
main.tsx(1423,11): error TS7026: JSX element implicitly has type 'any' because no interface 'JSX.IntrinsicElements' exists.
main.tsx(1428,11): error TS7026: JSX element implicitly has type 'any' because no interface 'JSX.IntrinsicElements' exists.
main.tsx(1429,9): error TS7026: JSX element implicitly has type 'any' because no interface 'JSX.IntrinsicElements' exists.
main.tsx(1431,11): error TS7026: JSX element implicitly has type 'any' because no interface 'JSX.IntrinsicElements' exists.
main.tsx(1437,13): error TS7026: JSX element implicitly has type 'any' because no interface 'JSX.IntrinsicElements' exists.
main.tsx(1443,11): error TS7026: JSX element implicitly has type 'any' because no interface 'JSX.IntrinsicElements' exists.
main.tsx(1447,7): error TS7026: JSX element implicitly has type 'any' because no interface 'JSX.IntrinsicElements' exists.
main.tsx(1448,7): error TS7026: JSX element implicitly has type 'any' because no interface 'JSX.IntrinsicElements' exists.
main.tsx(1449,21): error TS7006: Parameter 'item' implicitly has an 'any' type.
main.tsx(1450,11): error TS7026: JSX element implicitly has type 'any' because no interface 'JSX.IntrinsicElements' exists.
main.tsx(1454,13): error TS7026: JSX element implicitly has type 'any' because no interface 'JSX.IntrinsicElements' exists.
main.tsx(1458,15): error TS7026: JSX element implicitly has type 'any' because no interface 'JSX.IntrinsicElements' exists.
main.tsx(1460,15): error TS7026: JSX element implicitly has type 'any' because no interface 'JSX.IntrinsicElements' exists.
main.tsx(1461,15): error TS7026: JSX element implicitly has type 'any' because no interface 'JSX.IntrinsicElements' exists.
main.tsx(1465,15): error TS7026: JSX element implicitly has type 'any' because no interface 'JSX.IntrinsicElements' exists.
main.tsx(1466,13): error TS7026: JSX element implicitly has type 'any' because no interface 'JSX.IntrinsicElements' exists.
main.tsx(1468,15): error TS7026: JSX element implicitly has type 'any' because no interface 'JSX.IntrinsicElements' exists.
main.tsx(1473,15): error TS7026: JSX element implicitly has type 'any' because no interface 'JSX.IntrinsicElements' exists.
main.tsx(1475,11): error TS7026: JSX element implicitly has type 'any' because no interface 'JSX.IntrinsicElements' exists.
main.tsx(1478,11): error TS7026: JSX element implicitly has type 'any' because no interface 'JSX.IntrinsicElements' exists.
main.tsx(1480,11): error TS7026: JSX element implicitly has type 'any' because no interface 'JSX.IntrinsicElements' exists.
main.tsx(1482,7): error TS7026: JSX element implicitly has type 'any' because no interface 'JSX.IntrinsicElements' exists.
main.tsx(1483,5): error TS7026: JSX element implicitly has type 'any' because no interface 'JSX.IntrinsicElements' exists.
main.tsx(1633,5): error TS7026: JSX element implicitly has type 'any' because no interface 'JSX.IntrinsicElements' exists.
main.tsx(1635,9): error TS7026: JSX element implicitly has type 'any' because no interface 'JSX.IntrinsicElements' exists.
main.tsx(1637,9): error TS7026: JSX element implicitly has type 'any' because no interface 'JSX.IntrinsicElements' exists.
main.tsx(1639,7): error TS7026: JSX element implicitly has type 'any' because no interface 'JSX.IntrinsicElements' exists.
main.tsx(1646,9): error TS7026: JSX element implicitly has type 'any' because no interface 'JSX.IntrinsicElements' exists.
main.tsx(1647,29): error TS7006: Parameter 'bar' implicitly has an 'any' type.
main.tsx(1647,34): error TS7006: Parameter 'index' implicitly has an 'any' type.
main.tsx(1648,11): error TS7026: JSX element implicitly has type 'any' because no interface 'JSX.IntrinsicElements' exists.
main.tsx(1657,9): error TS7026: JSX element implicitly has type 'any' because no interface 'JSX.IntrinsicElements' exists.
main.tsx(1666,9): error TS7026: JSX element implicitly has type 'any' because no interface 'JSX.IntrinsicElements' exists.
main.tsx(1667,7): error TS7026: JSX element implicitly has type 'any' because no interface 'JSX.IntrinsicElements' exists.
main.tsx(1668,5): error TS7026: JSX element implicitly has type 'any' because no interface 'JSX.IntrinsicElements' exists.
main.tsx(1778,47): error TS7006: Parameter 'track' implicitly has an 'any' type.
main.tsx(1789,7): error TS7026: JSX element implicitly has type 'any' because no interface 'JSX.IntrinsicElements' exists.
main.tsx(1790,9): error TS7026: JSX element implicitly has type 'any' because no interface 'JSX.IntrinsicElements' exists.
main.tsx(1791,11): error TS7026: JSX element implicitly has type 'any' because no interface 'JSX.IntrinsicElements' exists.
main.tsx(1797,9): error TS7026: JSX element implicitly has type 'any' because no interface 'JSX.IntrinsicElements' exists.
main.tsx(1799,11): error TS7026: JSX element implicitly has type 'any' because no interface 'JSX.IntrinsicElements' exists.
main.tsx(1801,11): error TS7026: JSX element implicitly has type 'any' because no interface 'JSX.IntrinsicElements' exists.
main.tsx(1803,9): error TS7026: JSX element implicitly has type 'any' because no interface 'JSX.IntrinsicElements' exists.
main.tsx(1804,11): error TS7026: JSX element implicitly has type 'any' because no interface 'JSX.IntrinsicElements' exists.
main.tsx(1806,24): error TS7006: Parameter 'event' implicitly has an 'any' type.
main.tsx(1813,11): error TS7026: JSX element implicitly has type 'any' because no interface 'JSX.IntrinsicElements' exists.
main.tsx(1823,11): error TS7026: JSX element implicitly has type 'any' because no interface 'JSX.IntrinsicElements' exists.
main.tsx(1824,9): error TS7026: JSX element implicitly has type 'any' because no interface 'JSX.IntrinsicElements' exists.
main.tsx(1825,7): error TS7026: JSX element implicitly has type 'any' because no interface 'JSX.IntrinsicElements' exists.
main.tsx(1901,7): error TS7026: JSX element implicitly has type 'any' because no interface 'JSX.IntrinsicElements' exists.
main.tsx(1902,23): error TS7006: Parameter 'factor' implicitly has an 'any' type.
main.tsx(1903,11): error TS7026: JSX element implicitly has type 'any' because no interface 'JSX.IntrinsicElements' exists.
main.tsx(1907,13): error TS7026: JSX element implicitly has type 'any' because no interface 'JSX.IntrinsicElements' exists.
main.tsx(1908,15): error TS7026: JSX element implicitly has type 'any' because no interface 'JSX.IntrinsicElements' exists.
main.tsx(1910,15): error TS7026: JSX element implicitly has type 'any' because no interface 'JSX.IntrinsicElements' exists.
main.tsx(1911,15): error TS7026: JSX element implicitly has type 'any' because no interface 'JSX.IntrinsicElements' exists.
main.tsx(1914,15): error TS7026: JSX element implicitly has type 'any' because no interface 'JSX.IntrinsicElements' exists.
main.tsx(1915,13): error TS7026: JSX element implicitly has type 'any' because no interface 'JSX.IntrinsicElements' exists.
main.tsx(1916,13): error TS7026: JSX element implicitly has type 'any' because no interface 'JSX.IntrinsicElements' exists.
main.tsx(1921,13): error TS7026: JSX element implicitly has type 'any' because no interface 'JSX.IntrinsicElements' exists.
main.tsx(1922,11): error TS7026: JSX element implicitly has type 'any' because no interface 'JSX.IntrinsicElements' exists.
main.tsx(1925,11): error TS7026: JSX element implicitly has type 'any' because no interface 'JSX.IntrinsicElements' exists.
main.tsx(1930,11): error TS7026: JSX element implicitly has type 'any' because no interface 'JSX.IntrinsicElements' exists.
main.tsx(1933,11): error TS7026: JSX element implicitly has type 'any' because no interface 'JSX.IntrinsicElements' exists.
main.tsx(1935,11): error TS7026: JSX element implicitly has type 'any' because no interface 'JSX.IntrinsicElements' exists.
main.tsx(1937,11): error TS7026: JSX element implicitly has type 'any' because no interface 'JSX.IntrinsicElements' exists.
main.tsx(1938,13): error TS7026: JSX element implicitly has type 'any' because no interface 'JSX.IntrinsicElements' exists.
main.tsx(1943,13): error TS7026: JSX element implicitly has type 'any' because no interface 'JSX.IntrinsicElements' exists.
main.tsx(1945,15): error TS7026: JSX element implicitly has type 'any' because no interface 'JSX.IntrinsicElements' exists.
main.tsx(1951,13): error TS7026: JSX element implicitly has type 'any' because no interface 'JSX.IntrinsicElements' exists.
main.tsx(1953,13): error TS7026: JSX element implicitly has type 'any' because no interface 'JSX.IntrinsicElements' exists.
main.tsx(1954,13): error TS7026: JSX element implicitly has type 'any' because no interface 'JSX.IntrinsicElements' exists.
main.tsx(1955,15): error TS7026: JSX element implicitly has type 'any' because no interface 'JSX.IntrinsicElements' exists.
main.tsx(1957,28): error TS7006: Parameter 'event' implicitly has an 'any' type.
main.tsx(1963,15): error TS7026: JSX element implicitly has type 'any' because no interface 'JSX.IntrinsicElements' exists.
main.tsx(1969,15): error TS7026: JSX element implicitly has type 'any' because no interface 'JSX.IntrinsicElements' exists.
main.tsx(1970,13): error TS7026: JSX element implicitly has type 'any' because no interface 'JSX.IntrinsicElements' exists.
main.tsx(1971,11): error TS7026: JSX element implicitly has type 'any' because no interface 'JSX.IntrinsicElements' exists.
main.tsx(1973,7): error TS7026: JSX element implicitly has type 'any' because no interface 'JSX.IntrinsicElements' exists.
main.tsx(1990,16): error TS7031: Binding element 'data' implicitly has an 'any' type.
main.tsx(2003,9): error TS7026: JSX element implicitly has type 'any' because no interface 'JSX.IntrinsicElements' exists.
main.tsx(2004,11): error TS7026: JSX element implicitly has type 'any' because no interface 'JSX.IntrinsicElements' exists.
main.tsx(2021,15): error TS7026: JSX element implicitly has type 'any' because no interface 'JSX.IntrinsicElements' exists.
main.tsx(2025,17): error TS7026: JSX element implicitly has type 'any' because no interface 'JSX.IntrinsicElements' exists.
main.tsx(2027,17): error TS7026: JSX element implicitly has type 'any' because no interface 'JSX.IntrinsicElements' exists.
main.tsx(2028,17): error TS7026: JSX element implicitly has type 'any' because no interface 'JSX.IntrinsicElements' exists.
main.tsx(2030,17): error TS7026: JSX element implicitly has type 'any' because no interface 'JSX.IntrinsicElements' exists.
main.tsx(2031,15): error TS7026: JSX element implicitly has type 'any' because no interface 'JSX.IntrinsicElements' exists.
main.tsx(2033,11): error TS7026: JSX element implicitly has type 'any' because no interface 'JSX.IntrinsicElements' exists.
main.tsx(2034,11): error TS7026: JSX element implicitly has type 'any' because no interface 'JSX.IntrinsicElements' exists.
main.tsx(2035,13): error TS7026: JSX element implicitly has type 'any' because no interface 'JSX.IntrinsicElements' exists.
main.tsx(2037,13): error TS7026: JSX element implicitly has type 'any' because no interface 'JSX.IntrinsicElements' exists.
main.tsx(2038,13): error TS7026: JSX element implicitly has type 'any' because no interface 'JSX.IntrinsicElements' exists.
main.tsx(2040,13): error TS7026: JSX element implicitly has type 'any' because no interface 'JSX.IntrinsicElements' exists.
main.tsx(2041,11): error TS7026: JSX element implicitly has type 'any' because no interface 'JSX.IntrinsicElements' exists.
main.tsx(2048,11): error TS7026: JSX element implicitly has type 'any' because no interface 'JSX.IntrinsicElements' exists.
main.tsx(2049,13): error TS7026: JSX element implicitly has type 'any' because no interface 'JSX.IntrinsicElements' exists.
main.tsx(2051,13): error TS7026: JSX element implicitly has type 'any' because no interface 'JSX.IntrinsicElements' exists.
main.tsx(2052,13): error TS7026: JSX element implicitly has type 'any' because no interface 'JSX.IntrinsicElements' exists.
main.tsx(2053,26): error TS7006: Parameter 'log' implicitly has an 'any' type.
main.tsx(2054,17): error TS7026: JSX element implicitly has type 'any' because no interface 'JSX.IntrinsicElements' exists.
main.tsx(2058,19): error TS7026: JSX element implicitly has type 'any' because no interface 'JSX.IntrinsicElements' exists.
main.tsx(2072,21): error TS7026: JSX element implicitly has type 'any' because no interface 'JSX.IntrinsicElements' exists.
main.tsx(2074,21): error TS7026: JSX element implicitly has type 'any' because no interface 'JSX.IntrinsicElements' exists.
main.tsx(2075,19): error TS7026: JSX element implicitly has type 'any' because no interface 'JSX.IntrinsicElements' exists.
main.tsx(2076,19): error TS7026: JSX element implicitly has type 'any' because no interface 'JSX.IntrinsicElements' exists.
main.tsx(2078,19): error TS7026: JSX element implicitly has type 'any' because no interface 'JSX.IntrinsicElements' exists.
main.tsx(2079,19): error TS7026: JSX element implicitly has type 'any' because no interface 'JSX.IntrinsicElements' exists.
main.tsx(2081,19): error TS7026: JSX element implicitly has type 'any' because no interface 'JSX.IntrinsicElements' exists.
main.tsx(2082,46): error TS7026: JSX element implicitly has type 'any' because no interface 'JSX.IntrinsicElements' exists.
main.tsx(2082,80): error TS7026: JSX element implicitly has type 'any' because no interface 'JSX.IntrinsicElements' exists.
main.tsx(2082,176): error TS7026: JSX element implicitly has type 'any' because no interface 'JSX.IntrinsicElements' exists.
main.tsx(2082,186): error TS7026: JSX element implicitly has type 'any' because no interface 'JSX.IntrinsicElements' exists.
main.tsx(2082,316): error TS7026: JSX element implicitly has type 'any' because no interface 'JSX.IntrinsicElements' exists.
main.tsx(2082,322): error TS7026: JSX element implicitly has type 'any' because no interface 'JSX.IntrinsicElements' exists.
main.tsx(2083,17): error TS7026: JSX element implicitly has type 'any' because no interface 'JSX.IntrinsicElements' exists.
main.tsx(2086,17): error TS7026: JSX element implicitly has type 'any' because no interface 'JSX.IntrinsicElements' exists.
main.tsx(2088,17): error TS7026: JSX element implicitly has type 'any' because no interface 'JSX.IntrinsicElements' exists.
main.tsx(2090,13): error TS7026: JSX element implicitly has type 'any' because no interface 'JSX.IntrinsicElements' exists.
main.tsx(2091,11): error TS7026: JSX element implicitly has type 'any' because no interface 'JSX.IntrinsicElements' exists.
main.tsx(2092,9): error TS7026: JSX element implicitly has type 'any' because no interface 'JSX.IntrinsicElements' exists.
main.tsx(2104,294): error TS7006: Parameter 'n' implicitly has an 'any' type.
main.tsx(2106,349): error TS7006: Parameter 'n' implicitly has an 'any' type.
main.tsx(2108,10): error TS7026: JSX element implicitly has type 'any' because no interface 'JSX.IntrinsicElements' exists.
main.tsx(2110,7): error TS7026: JSX element implicitly has type 'any' because no interface 'JSX.IntrinsicElements' exists.
main.tsx(2110,172): error TS7026: JSX element implicitly has type 'any' because no interface 'JSX.IntrinsicElements' exists.
main.tsx(2110,297): error TS7026: JSX element implicitly has type 'any' because no interface 'JSX.IntrinsicElements' exists.
main.tsx(2110,308): error TS7026: JSX element implicitly has type 'any' because no interface 'JSX.IntrinsicElements' exists.
main.tsx(2112,7): error TS7026: JSX element implicitly has type 'any' because no interface 'JSX.IntrinsicElements' exists.
main.tsx(2112,75): error TS7026: JSX element implicitly has type 'any' because no interface 'JSX.IntrinsicElements' exists.
main.tsx(2112,152): error TS7006: Parameter 'e' implicitly has an 'any' type.
main.tsx(2112,280): error TS7026: JSX element implicitly has type 'any' because no interface 'JSX.IntrinsicElements' exists.
main.tsx(2113,7): error TS7026: JSX element implicitly has type 'any' because no interface 'JSX.IntrinsicElements' exists.
main.tsx(2113,97): error TS7026: JSX element implicitly has type 'any' because no interface 'JSX.IntrinsicElements' exists.
main.tsx(2115,16): error TS7026: JSX element implicitly has type 'any' because no interface 'JSX.IntrinsicElements' exists.
main.tsx(2115,508): error TS7026: JSX element implicitly has type 'any' because no interface 'JSX.IntrinsicElements' exists.
main.tsx(2116,24): error TS7026: JSX element implicitly has type 'any' because no interface 'JSX.IntrinsicElements' exists.
main.tsx(2116,188): error TS7026: JSX element implicitly has type 'any' because no interface 'JSX.IntrinsicElements' exists.
main.tsx(2116,241): error TS7026: JSX element implicitly has type 'any' because no interface 'JSX.IntrinsicElements' exists.
main.tsx(2116,246): error TS7026: JSX element implicitly has type 'any' because no interface 'JSX.IntrinsicElements' exists.
main.tsx(2116,368): error TS7026: JSX element implicitly has type 'any' because no interface 'JSX.IntrinsicElements' exists.
main.tsx(2116,440): error TS7026: JSX element implicitly has type 'any' because no interface 'JSX.IntrinsicElements' exists.
main.tsx(2118,7): error TS7026: JSX element implicitly has type 'any' because no interface 'JSX.IntrinsicElements' exists.
main.tsx(2118,51): error TS7026: JSX element implicitly has type 'any' because no interface 'JSX.IntrinsicElements' exists.
main.tsx(2118,243): error TS7026: JSX element implicitly has type 'any' because no interface 'JSX.IntrinsicElements' exists.
main.tsx(2119,71): error TS7026: JSX element implicitly has type 'any' because no interface 'JSX.IntrinsicElements' exists.
main.tsx(2119,191): error TS7006: Parameter 'e' implicitly has an 'any' type.
main.tsx(2120,7): error TS7026: JSX element implicitly has type 'any' because no interface 'JSX.IntrinsicElements' exists.
main.tsx(2120,148): error TS7026: JSX element implicitly has type 'any' because no interface 'JSX.IntrinsicElements' exists.
main.tsx(2120,294): error TS7026: JSX element implicitly has type 'any' because no interface 'JSX.IntrinsicElements' exists.
main.tsx(2120,304): error TS7026: JSX element implicitly has type 'any' because no interface 'JSX.IntrinsicElements' exists.
main.tsx(2120,310): error TS7026: JSX element implicitly has type 'any' because no interface 'JSX.IntrinsicElements' exists.
main.tsx(2123,7): error TS7026: JSX element implicitly has type 'any' because no interface 'JSX.IntrinsicElements' exists.
main.tsx(2123,40): error TS7026: JSX element implicitly has type 'any' because no interface 'JSX.IntrinsicElements' exists.
main.tsx(2123,89): error TS7026: JSX element implicitly has type 'any' because no interface 'JSX.IntrinsicElements' exists.
main.tsx(2123,96): error TS7026: JSX element implicitly has type 'any' because no interface 'JSX.IntrinsicElements' exists.
main.tsx(2123,267): error TS7026: JSX element implicitly has type 'any' because no interface 'JSX.IntrinsicElements' exists.
main.tsx(2123,306): error TS7026: JSX element implicitly has type 'any' because no interface 'JSX.IntrinsicElements' exists.
main.tsx(2123,313): error TS7026: JSX element implicitly has type 'any' because no interface 'JSX.IntrinsicElements' exists.
main.tsx(2123,318): error TS7026: JSX element implicitly has type 'any' because no interface 'JSX.IntrinsicElements' exists.
main.tsx(2124,7): error TS7026: JSX element implicitly has type 'any' because no interface 'JSX.IntrinsicElements' exists.
main.tsx(2124,78): error TS7026: JSX element implicitly has type 'any' because no interface 'JSX.IntrinsicElements' exists.
main.tsx(2124,125): error TS7026: JSX element implicitly has type 'any' because no interface 'JSX.IntrinsicElements' exists.
main.tsx(2124,162): error TS7026: JSX element implicitly has type 'any' because no interface 'JSX.IntrinsicElements' exists.
main.tsx(2124,167): error TS7026: JSX element implicitly has type 'any' because no interface 'JSX.IntrinsicElements' exists.
main.tsx(2124,210): error TS7026: JSX element implicitly has type 'any' because no interface 'JSX.IntrinsicElements' exists.
main.tsx(2124,215): error TS7026: JSX element implicitly has type 'any' because no interface 'JSX.IntrinsicElements' exists.
main.tsx(2124,259): error TS7026: JSX element implicitly has type 'any' because no interface 'JSX.IntrinsicElements' exists.
main.tsx(2124,264): error TS7026: JSX element implicitly has type 'any' because no interface 'JSX.IntrinsicElements' exists.
main.tsx(2124,300): error TS7026: JSX element implicitly has type 'any' because no interface 'JSX.IntrinsicElements' exists.
main.tsx(2124,305): error TS7026: JSX element implicitly has type 'any' because no interface 'JSX.IntrinsicElements' exists.
main.tsx(2124,348): error TS7026: JSX element implicitly has type 'any' because no interface 'JSX.IntrinsicElements' exists.
main.tsx(2124,353): error TS7026: JSX element implicitly has type 'any' because no interface 'JSX.IntrinsicElements' exists.
main.tsx(2124,419): error TS7026: JSX element implicitly has type 'any' because no interface 'JSX.IntrinsicElements' exists.
main.tsx(2124,424): error TS7026: JSX element implicitly has type 'any' because no interface 'JSX.IntrinsicElements' exists.
main.tsx(2124,507): error TS7026: JSX element implicitly has type 'any' because no interface 'JSX.IntrinsicElements' exists.
main.tsx(2124,512): error TS7026: JSX element implicitly has type 'any' because no interface 'JSX.IntrinsicElements' exists.
main.tsx(2124,598): error TS7026: JSX element implicitly has type 'any' because no interface 'JSX.IntrinsicElements' exists.
main.tsx(2124,603): error TS7026: JSX element implicitly has type 'any' because no interface 'JSX.IntrinsicElements' exists.
main.tsx(2124,743): error TS7026: JSX element implicitly has type 'any' because no interface 'JSX.IntrinsicElements' exists.
main.tsx(2124,748): error TS7026: JSX element implicitly has type 'any' because no interface 'JSX.IntrinsicElements' exists.
main.tsx(2124,804): error TS7026: JSX element implicitly has type 'any' because no interface 'JSX.IntrinsicElements' exists.
main.tsx(2124,809): error TS7026: JSX element implicitly has type 'any' because no interface 'JSX.IntrinsicElements' exists.
main.tsx(2124,947): error TS7026: JSX element implicitly has type 'any' because no interface 'JSX.IntrinsicElements' exists.
main.tsx(2124,952): error TS7026: JSX element implicitly has type 'any' because no interface 'JSX.IntrinsicElements' exists.
main.tsx(2124,1013): error TS7026: JSX element implicitly has type 'any' because no interface 'JSX.IntrinsicElements' exists.
main.tsx(2124,1103): error TS7026: JSX element implicitly has type 'any' because no interface 'JSX.IntrinsicElements' exists.
main.tsx(2124,1128): error TS7026: JSX element implicitly has type 'any' because no interface 'JSX.IntrinsicElements' exists.
main.tsx(2124,1241): error TS7026: JSX element implicitly has type 'any' because no interface 'JSX.IntrinsicElements' exists.
main.tsx(2124,1255): error TS7026: JSX element implicitly has type 'any' because no interface 'JSX.IntrinsicElements' exists.
main.tsx(2124,1260): error TS7026: JSX element implicitly has type 'any' because no interface 'JSX.IntrinsicElements' exists.
main.tsx(2124,1267): error TS7026: JSX element implicitly has type 'any' because no interface 'JSX.IntrinsicElements' exists.
main.tsx(2124,1275): error TS7026: JSX element implicitly has type 'any' because no interface 'JSX.IntrinsicElements' exists.
main.tsx(2124,1283): error TS7026: JSX element implicitly has type 'any' because no interface 'JSX.IntrinsicElements' exists.
main.tsx(2125,27): error TS7026: JSX element implicitly has type 'any' because no interface 'JSX.IntrinsicElements' exists.
main.tsx(2125,146): error TS7026: JSX element implicitly has type 'any' because no interface 'JSX.IntrinsicElements' exists.
main.tsx(2128,3): error TS7026: JSX element implicitly has type 'any' because no interface 'JSX.IntrinsicElements' exists.
main.tsx(2216,14): error TS7006: Parameter 'previous' implicitly has an 'any' type.
main.tsx(2245,6): error TS7006: Parameter 'acc' implicitly has an 'any' type.
main.tsx(2245,11): error TS7006: Parameter 'row' implicitly has an 'any' type.
main.tsx(2261,5): error TS7026: JSX element implicitly has type 'any' because no interface 'JSX.IntrinsicElements' exists.
main.tsx(2262,7): error TS7026: JSX element implicitly has type 'any' because no interface 'JSX.IntrinsicElements' exists.
main.tsx(2296,7): error TS7026: JSX element implicitly has type 'any' because no interface 'JSX.IntrinsicElements' exists.
main.tsx(2306,11): error TS7026: JSX element implicitly has type 'any' because no interface 'JSX.IntrinsicElements' exists.
main.tsx(2308,15): error TS7026: JSX element implicitly has type 'any' because no interface 'JSX.IntrinsicElements' exists.
main.tsx(2311,28): error TS7006: Parameter 'e' implicitly has an 'any' type.
main.tsx(2321,15): error TS7026: JSX element implicitly has type 'any' because no interface 'JSX.IntrinsicElements' exists.
main.tsx(2323,28): error TS7006: Parameter 'e' implicitly has an 'any' type.
main.tsx(2331,17): error TS7026: JSX element implicitly has type 'any' because no interface 'JSX.IntrinsicElements' exists.
main.tsx(2331,58): error TS7026: JSX element implicitly has type 'any' because no interface 'JSX.IntrinsicElements' exists.
main.tsx(2332,17): error TS7026: JSX element implicitly has type 'any' because no interface 'JSX.IntrinsicElements' exists.
main.tsx(2332,58): error TS7026: JSX element implicitly has type 'any' because no interface 'JSX.IntrinsicElements' exists.
main.tsx(2333,15): error TS7026: JSX element implicitly has type 'any' because no interface 'JSX.IntrinsicElements' exists.
main.tsx(2336,15): error TS7026: JSX element implicitly has type 'any' because no interface 'JSX.IntrinsicElements' exists.
main.tsx(2338,28): error TS7006: Parameter 'e' implicitly has an 'any' type.
main.tsx(2350,15): error TS7026: JSX element implicitly has type 'any' because no interface 'JSX.IntrinsicElements' exists.
main.tsx(2353,28): error TS7006: Parameter 'e' implicitly has an 'any' type.
main.tsx(2363,15): error TS7026: JSX element implicitly has type 'any' because no interface 'JSX.IntrinsicElements' exists.
main.tsx(2367,28): error TS7006: Parameter 'e' implicitly has an 'any' type.
main.tsx(2377,15): error TS7026: JSX element implicitly has type 'any' because no interface 'JSX.IntrinsicElements' exists.
main.tsx(2381,28): error TS7006: Parameter 'e' implicitly has an 'any' type.
main.tsx(2391,15): error TS7026: JSX element implicitly has type 'any' because no interface 'JSX.IntrinsicElements' exists.
main.tsx(2395,28): error TS7006: Parameter 'e' implicitly has an 'any' type.
main.tsx(2405,15): error TS7026: JSX element implicitly has type 'any' because no interface 'JSX.IntrinsicElements' exists.
main.tsx(2409,28): error TS7006: Parameter 'e' implicitly has an 'any' type.
main.tsx(2419,15): error TS7026: JSX element implicitly has type 'any' because no interface 'JSX.IntrinsicElements' exists.
main.tsx(2422,28): error TS7006: Parameter 'e' implicitly has an 'any' type.
main.tsx(2430,15): error TS7026: JSX element implicitly has type 'any' because no interface 'JSX.IntrinsicElements' exists.
main.tsx(2431,31): error TS7006: Parameter 'item' implicitly has an 'any' type.
main.tsx(2432,19): error TS7026: JSX element implicitly has type 'any' because no interface 'JSX.IntrinsicElements' exists.
main.tsx(2434,15): error TS7026: JSX element implicitly has type 'any' because no interface 'JSX.IntrinsicElements' exists.
main.tsx(2437,15): error TS7026: JSX element implicitly has type 'any' because no interface 'JSX.IntrinsicElements' exists.
main.tsx(2439,28): error TS7006: Parameter 'e' implicitly has an 'any' type.
main.tsx(2452,15): error TS7026: JSX element implicitly has type 'any' because no interface 'JSX.IntrinsicElements' exists.
main.tsx(2454,28): error TS7006: Parameter 'e' implicitly has an 'any' type.
main.tsx(2467,15): error TS7026: JSX element implicitly has type 'any' because no interface 'JSX.IntrinsicElements' exists.
main.tsx(2469,28): error TS7006: Parameter 'e' implicitly has an 'any' type.
main.tsx(2478,13): error TS7026: JSX element implicitly has type 'any' because no interface 'JSX.IntrinsicElements' exists.
main.tsx(2479,15): error TS7026: JSX element implicitly has type 'any' because no interface 'JSX.IntrinsicElements' exists.
main.tsx(2484,15): error TS7026: JSX element implicitly has type 'any' because no interface 'JSX.IntrinsicElements' exists.
main.tsx(2485,13): error TS7026: JSX element implicitly has type 'any' because no interface 'JSX.IntrinsicElements' exists.
main.tsx(2486,11): error TS7026: JSX element implicitly has type 'any' because no interface 'JSX.IntrinsicElements' exists.
main.tsx(2497,13): error TS7026: JSX element implicitly has type 'any' because no interface 'JSX.IntrinsicElements' exists.
main.tsx(2499,13): error TS7026: JSX element implicitly has type 'any' because no interface 'JSX.IntrinsicElements' exists.
main.tsx(2502,9): error TS7026: JSX element implicitly has type 'any' because no interface 'JSX.IntrinsicElements' exists.
main.tsx(2503,22): error TS7006: Parameter 'row' implicitly has an 'any' type.
main.tsx(2504,13): error TS7026: JSX element implicitly has type 'any' because no interface 'JSX.IntrinsicElements' exists.
main.tsx(2508,15): error TS7026: JSX element implicitly has type 'any' because no interface 'JSX.IntrinsicElements' exists.
main.tsx(2509,17): error TS7026: JSX element implicitly has type 'any' because no interface 'JSX.IntrinsicElements' exists.
main.tsx(2510,19): error TS7026: JSX element implicitly has type 'any' because no interface 'JSX.IntrinsicElements' exists.
main.tsx(2511,21): error TS7026: JSX element implicitly has type 'any' because no interface 'JSX.IntrinsicElements' exists.
main.tsx(2511,75): error TS7026: JSX element implicitly has type 'any' because no interface 'JSX.IntrinsicElements' exists.
main.tsx(2525,19): error TS7026: JSX element implicitly has type 'any' because no interface 'JSX.IntrinsicElements' exists.
main.tsx(2526,19): error TS7026: JSX element implicitly has type 'any' because no interface 'JSX.IntrinsicElements' exists.
main.tsx(2532,19): error TS7026: JSX element implicitly has type 'any' because no interface 'JSX.IntrinsicElements' exists.
main.tsx(2533,19): error TS7026: JSX element implicitly has type 'any' because no interface 'JSX.IntrinsicElements' exists.
main.tsx(2536,19): error TS7026: JSX element implicitly has type 'any' because no interface 'JSX.IntrinsicElements' exists.
main.tsx(2537,17): error TS7026: JSX element implicitly has type 'any' because no interface 'JSX.IntrinsicElements' exists.
main.tsx(2538,17): error TS7026: JSX element implicitly has type 'any' because no interface 'JSX.IntrinsicElements' exists.
main.tsx(2540,21): error TS7026: JSX element implicitly has type 'any' because no interface 'JSX.IntrinsicElements' exists.
main.tsx(2545,21): error TS7026: JSX element implicitly has type 'any' because no interface 'JSX.IntrinsicElements' exists.
main.tsx(2547,19): error TS7026: JSX element implicitly has type 'any' because no interface 'JSX.IntrinsicElements' exists.
main.tsx(2552,19): error TS7026: JSX element implicitly has type 'any' because no interface 'JSX.IntrinsicElements' exists.
main.tsx(2553,17): error TS7026: JSX element implicitly has type 'any' because no interface 'JSX.IntrinsicElements' exists.
main.tsx(2554,15): error TS7026: JSX element implicitly has type 'any' because no interface 'JSX.IntrinsicElements' exists.
main.tsx(2555,13): error TS7026: JSX element implicitly has type 'any' because no interface 'JSX.IntrinsicElements' exists.
main.tsx(2558,13): error TS7026: JSX element implicitly has type 'any' because no interface 'JSX.IntrinsicElements' exists.
main.tsx(2560,13): error TS7026: JSX element implicitly has type 'any' because no interface 'JSX.IntrinsicElements' exists.
main.tsx(2562,9): error TS7026: JSX element implicitly has type 'any' because no interface 'JSX.IntrinsicElements' exists.
main.tsx(2573,11): error TS7026: JSX element implicitly has type 'any' because no interface 'JSX.IntrinsicElements' exists.
main.tsx(2574,13): error TS7026: JSX element implicitly has type 'any' because no interface 'JSX.IntrinsicElements' exists.
main.tsx(2579,19): error TS7026: JSX element implicitly has type 'any' because no interface 'JSX.IntrinsicElements' exists.
main.tsx(2580,21): error TS7026: JSX element implicitly has type 'any' because no interface 'JSX.IntrinsicElements' exists.
main.tsx(2582,21): error TS7026: JSX element implicitly has type 'any' because no interface 'JSX.IntrinsicElements' exists.
main.tsx(2583,21): error TS7026: JSX element implicitly has type 'any' because no interface 'JSX.IntrinsicElements' exists.
main.tsx(2585,21): error TS7026: JSX element implicitly has type 'any' because no interface 'JSX.IntrinsicElements' exists.
main.tsx(2586,19): error TS7026: JSX element implicitly has type 'any' because no interface 'JSX.IntrinsicElements' exists.
main.tsx(2588,13): error TS7026: JSX element implicitly has type 'any' because no interface 'JSX.IntrinsicElements' exists.
main.tsx(2595,11): error TS7026: JSX element implicitly has type 'any' because no interface 'JSX.IntrinsicElements' exists.
main.tsx(2598,5): error TS7026: JSX element implicitly has type 'any' because no interface 'JSX.IntrinsicElements' exists.
main.tsx(2682,19): error TS7006: Parameter 'previous' implicitly has an 'any' type.
main.tsx(2732,5): error TS7026: JSX element implicitly has type 'any' because no interface 'JSX.IntrinsicElements' exists.
main.tsx(2734,9): error TS7026: JSX element implicitly has type 'any' because no interface 'JSX.IntrinsicElements' exists.
main.tsx(2743,13): error TS7026: JSX element implicitly has type 'any' because no interface 'JSX.IntrinsicElements' exists.
main.tsx(2745,17): error TS7026: JSX element implicitly has type 'any' because no interface 'JSX.IntrinsicElements' exists.
main.tsx(2747,30): error TS7006: Parameter 'e' implicitly has an 'any' type.
main.tsx(2757,17): error TS7026: JSX element implicitly has type 'any' because no interface 'JSX.IntrinsicElements' exists.
main.tsx(2759,30): error TS7006: Parameter 'e' implicitly has an 'any' type.
main.tsx(2769,17): error TS7026: JSX element implicitly has type 'any' because no interface 'JSX.IntrinsicElements' exists.
main.tsx(2771,30): error TS7006: Parameter 'e' implicitly has an 'any' type.
main.tsx(2781,17): error TS7026: JSX element implicitly has type 'any' because no interface 'JSX.IntrinsicElements' exists.
main.tsx(2784,30): error TS7006: Parameter 'e' implicitly has an 'any' type.
main.tsx(2794,17): error TS7026: JSX element implicitly has type 'any' because no interface 'JSX.IntrinsicElements' exists.
main.tsx(2797,30): error TS7006: Parameter 'e' implicitly has an 'any' type.
main.tsx(2807,17): error TS7026: JSX element implicitly has type 'any' because no interface 'JSX.IntrinsicElements' exists.
main.tsx(2810,30): error TS7006: Parameter 'e' implicitly has an 'any' type.
main.tsx(2820,17): error TS7026: JSX element implicitly has type 'any' because no interface 'JSX.IntrinsicElements' exists.
main.tsx(2822,30): error TS7006: Parameter 'e' implicitly has an 'any' type.
main.tsx(2832,17): error TS7026: JSX element implicitly has type 'any' because no interface 'JSX.IntrinsicElements' exists.
main.tsx(2833,19): error TS7026: JSX element implicitly has type 'any' because no interface 'JSX.IntrinsicElements' exists.
main.tsx(2836,32): error TS7006: Parameter 'e' implicitly has an 'any' type.
main.tsx(2844,19): error TS7026: JSX element implicitly has type 'any' because no interface 'JSX.IntrinsicElements' exists.
main.tsx(2847,32): error TS7006: Parameter 'e' implicitly has an 'any' type.
main.tsx(2855,17): error TS7026: JSX element implicitly has type 'any' because no interface 'JSX.IntrinsicElements' exists.
main.tsx(2857,15): error TS7026: JSX element implicitly has type 'any' because no interface 'JSX.IntrinsicElements' exists.
main.tsx(2862,15): error TS7026: JSX element implicitly has type 'any' because no interface 'JSX.IntrinsicElements' exists.
main.tsx(2863,13): error TS7026: JSX element implicitly has type 'any' because no interface 'JSX.IntrinsicElements' exists.
main.tsx(2873,13): error TS7026: JSX element implicitly has type 'any' because no interface 'JSX.IntrinsicElements' exists.
main.tsx(2875,17): error TS7026: JSX element implicitly has type 'any' because no interface 'JSX.IntrinsicElements' exists.
main.tsx(2877,30): error TS7006: Parameter 'e' implicitly has an 'any' type.
main.tsx(2879,24): error TS7006: Parameter 'item' implicitly has an 'any' type.
main.tsx(2890,19): error TS7026: JSX element implicitly has type 'any' because no interface 'JSX.IntrinsicElements' exists.
main.tsx(2890,59): error TS7026: JSX element implicitly has type 'any' because no interface 'JSX.IntrinsicElements' exists.
main.tsx(2891,32): error TS7006: Parameter 'item' implicitly has an 'any' type.
main.tsx(2892,21): error TS7026: JSX element implicitly has type 'any' because no interface 'JSX.IntrinsicElements' exists.
main.tsx(2894,21): error TS7026: JSX element implicitly has type 'any' because no interface 'JSX.IntrinsicElements' exists.
main.tsx(2896,17): error TS7026: JSX element implicitly has type 'any' because no interface 'JSX.IntrinsicElements' exists.
main.tsx(2899,17): error TS7026: JSX element implicitly has type 'any' because no interface 'JSX.IntrinsicElements' exists.
main.tsx(2901,30): error TS7006: Parameter 'e' implicitly has an 'any' type.
main.tsx(2911,17): error TS7026: JSX element implicitly has type 'any' because no interface 'JSX.IntrinsicElements' exists.
main.tsx(2913,30): error TS7006: Parameter 'e' implicitly has an 'any' type.
main.tsx(2923,17): error TS7026: JSX element implicitly has type 'any' because no interface 'JSX.IntrinsicElements' exists.
main.tsx(2925,30): error TS7006: Parameter 'e' implicitly has an 'any' type.
main.tsx(2935,17): error TS7026: JSX element implicitly has type 'any' because no interface 'JSX.IntrinsicElements' exists.
main.tsx(2938,30): error TS7006: Parameter 'e' implicitly has an 'any' type.
main.tsx(2948,17): error TS7026: JSX element implicitly has type 'any' because no interface 'JSX.IntrinsicElements' exists.
main.tsx(2950,30): error TS7006: Parameter 'e' implicitly has an 'any' type.
main.tsx(2959,15): error TS7026: JSX element implicitly has type 'any' because no interface 'JSX.IntrinsicElements' exists.
main.tsx(2964,15): error TS7026: JSX element implicitly has type 'any' because no interface 'JSX.IntrinsicElements' exists.
main.tsx(2965,13): error TS7026: JSX element implicitly has type 'any' because no interface 'JSX.IntrinsicElements' exists.
main.tsx(2967,9): error TS7026: JSX element implicitly has type 'any' because no interface 'JSX.IntrinsicElements' exists.
main.tsx(2977,13): error TS7026: JSX element implicitly has type 'any' because no interface 'JSX.IntrinsicElements' exists.
main.tsx(2979,13): error TS7026: JSX element implicitly has type 'any' because no interface 'JSX.IntrinsicElements' exists.
main.tsx(2982,9): error TS7026: JSX element implicitly has type 'any' because no interface 'JSX.IntrinsicElements' exists.
main.tsx(2983,24): error TS7006: Parameter 'order' implicitly has an 'any' type.
main.tsx(2988,15): error TS7026: JSX element implicitly has type 'any' because no interface 'JSX.IntrinsicElements' exists.
main.tsx(2992,17): error TS7026: JSX element implicitly has type 'any' because no interface 'JSX.IntrinsicElements' exists.
main.tsx(2993,19): error TS7026: JSX element implicitly has type 'any' because no interface 'JSX.IntrinsicElements' exists.
main.tsx(2994,21): error TS7026: JSX element implicitly has type 'any' because no interface 'JSX.IntrinsicElements' exists.
main.tsx(2995,23): error TS7026: JSX element implicitly has type 'any' because no interface 'JSX.IntrinsicElements' exists.
main.tsx(2995,76): error TS7026: JSX element implicitly has type 'any' because no interface 'JSX.IntrinsicElements' exists.
main.tsx(3007,21): error TS7026: JSX element implicitly has type 'any' because no interface 'JSX.IntrinsicElements' exists.
main.tsx(3008,21): error TS7026: JSX element implicitly has type 'any' because no interface 'JSX.IntrinsicElements' exists.
main.tsx(3011,21): error TS7026: JSX element implicitly has type 'any' because no interface 'JSX.IntrinsicElements' exists.
main.tsx(3012,19): error TS7026: JSX element implicitly has type 'any' because no interface 'JSX.IntrinsicElements' exists.
main.tsx(3013,19): error TS7026: JSX element implicitly has type 'any' because no interface 'JSX.IntrinsicElements' exists.
main.tsx(3014,21): error TS7026: JSX element implicitly has type 'any' because no interface 'JSX.IntrinsicElements' exists.
main.tsx(3025,21): error TS7026: JSX element implicitly has type 'any' because no interface 'JSX.IntrinsicElements' exists.
main.tsx(3026,21): error TS7026: JSX element implicitly has type 'any' because no interface 'JSX.IntrinsicElements' exists.
main.tsx(3036,21): error TS7026: JSX element implicitly has type 'any' because no interface 'JSX.IntrinsicElements' exists.
main.tsx(3037,19): error TS7026: JSX element implicitly has type 'any' because no interface 'JSX.IntrinsicElements' exists.
main.tsx(3038,17): error TS7026: JSX element implicitly has type 'any' because no interface 'JSX.IntrinsicElements' exists.
main.tsx(3039,17): error TS7026: JSX element implicitly has type 'any' because no interface 'JSX.IntrinsicElements' exists.
main.tsx(3040,19): error TS7026: JSX element implicitly has type 'any' because no interface 'JSX.IntrinsicElements' exists.
main.tsx(3041,21): error TS7026: JSX element implicitly has type 'any' because no interface 'JSX.IntrinsicElements' exists.
main.tsx(3044,21): error TS7026: JSX element implicitly has type 'any' because no interface 'JSX.IntrinsicElements' exists.
main.tsx(3045,21): error TS7026: JSX element implicitly has type 'any' because no interface 'JSX.IntrinsicElements' exists.
main.tsx(3045,48): error TS7026: JSX element implicitly has type 'any' because no interface 'JSX.IntrinsicElements' exists.
main.tsx(3046,19): error TS7026: JSX element implicitly has type 'any' because no interface 'JSX.IntrinsicElements' exists.
main.tsx(3047,19): error TS7026: JSX element implicitly has type 'any' because no interface 'JSX.IntrinsicElements' exists.
main.tsx(3048,21): error TS7026: JSX element implicitly has type 'any' because no interface 'JSX.IntrinsicElements' exists.
main.tsx(3054,19): error TS7026: JSX element implicitly has type 'any' because no interface 'JSX.IntrinsicElements' exists.
main.tsx(3055,17): error TS7026: JSX element implicitly has type 'any' because no interface 'JSX.IntrinsicElements' exists.
main.tsx(3057,19): error TS7026: JSX element implicitly has type 'any' because no interface 'JSX.IntrinsicElements' exists.
main.tsx(3065,23): error TS7026: JSX element implicitly has type 'any' because no interface 'JSX.IntrinsicElements' exists.
main.tsx(3072,23): error TS7026: JSX element implicitly has type 'any' because no interface 'JSX.IntrinsicElements' exists.
main.tsx(3074,19): error TS7026: JSX element implicitly has type 'any' because no interface 'JSX.IntrinsicElements' exists.
main.tsx(3076,15): error TS7026: JSX element implicitly has type 'any' because no interface 'JSX.IntrinsicElements' exists.
main.tsx(3080,13): error TS7026: JSX element implicitly has type 'any' because no interface 'JSX.IntrinsicElements' exists.
main.tsx(3082,13): error TS7026: JSX element implicitly has type 'any' because no interface 'JSX.IntrinsicElements' exists.
main.tsx(3084,9): error TS7026: JSX element implicitly has type 'any' because no interface 'JSX.IntrinsicElements' exists.
main.tsx(3094,9): error TS7026: JSX element implicitly has type 'any' because no interface 'JSX.IntrinsicElements' exists.
main.tsx(3095,11): error TS7026: JSX element implicitly has type 'any' because no interface 'JSX.IntrinsicElements' exists.
main.tsx(3096,13): error TS7026: JSX element implicitly has type 'any' because no interface 'JSX.IntrinsicElements' exists.
main.tsx(3097,15): error TS7026: JSX element implicitly has type 'any' because no interface 'JSX.IntrinsicElements' exists.
main.tsx(3098,17): error TS7026: JSX element implicitly has type 'any' because no interface 'JSX.IntrinsicElements' exists.
main.tsx(3098,56): error TS7026: JSX element implicitly has type 'any' because no interface 'JSX.IntrinsicElements' exists.
main.tsx(3099,17): error TS7026: JSX element implicitly has type 'any' because no interface 'JSX.IntrinsicElements' exists.
main.tsx(3099,61): error TS7026: JSX element implicitly has type 'any' because no interface 'JSX.IntrinsicElements' exists.
main.tsx(3100,17): error TS7026: JSX element implicitly has type 'any' because no interface 'JSX.IntrinsicElements' exists.
main.tsx(3100,57): error TS7026: JSX element implicitly has type 'any' because no interface 'JSX.IntrinsicElements' exists.
main.tsx(3101,17): error TS7026: JSX element implicitly has type 'any' because no interface 'JSX.IntrinsicElements' exists.
main.tsx(3101,56): error TS7026: JSX element implicitly has type 'any' because no interface 'JSX.IntrinsicElements' exists.
main.tsx(3102,17): error TS7026: JSX element implicitly has type 'any' because no interface 'JSX.IntrinsicElements' exists.
main.tsx(3102,71): error TS7026: JSX element implicitly has type 'any' because no interface 'JSX.IntrinsicElements' exists.
main.tsx(3103,17): error TS7026: JSX element implicitly has type 'any' because no interface 'JSX.IntrinsicElements' exists.
main.tsx(3103,57): error TS7026: JSX element implicitly has type 'any' because no interface 'JSX.IntrinsicElements' exists.
main.tsx(3104,17): error TS7026: JSX element implicitly has type 'any' because no interface 'JSX.IntrinsicElements' exists.
main.tsx(3104,37): error TS7026: JSX element implicitly has type 'any' because no interface 'JSX.IntrinsicElements' exists.
main.tsx(3105,15): error TS7026: JSX element implicitly has type 'any' because no interface 'JSX.IntrinsicElements' exists.
main.tsx(3106,13): error TS7026: JSX element implicitly has type 'any' because no interface 'JSX.IntrinsicElements' exists.
main.tsx(3107,13): error TS7026: JSX element implicitly has type 'any' because no interface 'JSX.IntrinsicElements' exists.
main.tsx(3108,29): error TS7006: Parameter 'batch' implicitly has an 'any' type.
main.tsx(3109,17): error TS7026: JSX element implicitly has type 'any' because no interface 'JSX.IntrinsicElements' exists.
main.tsx(3110,19): error TS7026: JSX element implicitly has type 'any' because no interface 'JSX.IntrinsicElements' exists.
main.tsx(3110,68): error TS7026: JSX element implicitly has type 'any' because no interface 'JSX.IntrinsicElements' exists.
main.tsx(3111,19): error TS7026: JSX element implicitly has type 'any' because no interface 'JSX.IntrinsicElements' exists.
main.tsx(3111,71): error TS7026: JSX element implicitly has type 'any' because no interface 'JSX.IntrinsicElements' exists.
main.tsx(3112,19): error TS7026: JSX element implicitly has type 'any' because no interface 'JSX.IntrinsicElements' exists.
main.tsx(3112,54): error TS7026: JSX element implicitly has type 'any' because no interface 'JSX.IntrinsicElements' exists.
main.tsx(3113,19): error TS7026: JSX element implicitly has type 'any' because no interface 'JSX.IntrinsicElements' exists.
main.tsx(3113,59): error TS7026: JSX element implicitly has type 'any' because no interface 'JSX.IntrinsicElements' exists.
main.tsx(3114,19): error TS7026: JSX element implicitly has type 'any' because no interface 'JSX.IntrinsicElements' exists.
main.tsx(3118,19): error TS7026: JSX element implicitly has type 'any' because no interface 'JSX.IntrinsicElements' exists.
main.tsx(3119,19): error TS7026: JSX element implicitly has type 'any' because no interface 'JSX.IntrinsicElements' exists.
main.tsx(3121,19): error TS7026: JSX element implicitly has type 'any' because no interface 'JSX.IntrinsicElements' exists.
main.tsx(3122,19): error TS7026: JSX element implicitly has type 'any' because no interface 'JSX.IntrinsicElements' exists.
main.tsx(3123,21): error TS7026: JSX element implicitly has type 'any' because no interface 'JSX.IntrinsicElements' exists.
main.tsx(3134,21): error TS7026: JSX element implicitly has type 'any' because no interface 'JSX.IntrinsicElements' exists.
main.tsx(3135,21): error TS7026: JSX element implicitly has type 'any' because no interface 'JSX.IntrinsicElements' exists.
main.tsx(3145,21): error TS7026: JSX element implicitly has type 'any' because no interface 'JSX.IntrinsicElements' exists.
main.tsx(3146,19): error TS7026: JSX element implicitly has type 'any' because no interface 'JSX.IntrinsicElements' exists.
main.tsx(3147,17): error TS7026: JSX element implicitly has type 'any' because no interface 'JSX.IntrinsicElements' exists.
main.tsx(3149,13): error TS7026: JSX element implicitly has type 'any' because no interface 'JSX.IntrinsicElements' exists.
main.tsx(3150,11): error TS7026: JSX element implicitly has type 'any' because no interface 'JSX.IntrinsicElements' exists.
main.tsx(3151,9): error TS7026: JSX element implicitly has type 'any' because no interface 'JSX.IntrinsicElements' exists.
main.tsx(3163,11): error TS7026: JSX element implicitly has type 'any' because no interface 'JSX.IntrinsicElements' exists.
main.tsx(3186,11): error TS7026: JSX element implicitly has type 'any' because no interface 'JSX.IntrinsicElements' exists.
main.tsx(3189,5): error TS7026: JSX element implicitly has type 'any' because no interface 'JSX.IntrinsicElements' exists.
main.tsx(3247,10): error TS7006: Parameter 'sum' implicitly has an 'any' type.
main.tsx(3247,15): error TS7006: Parameter 'row' implicitly has an 'any' type.
main.tsx(3251,10): error TS7006: Parameter 'sum' implicitly has an 'any' type.
main.tsx(3251,15): error TS7006: Parameter 'row' implicitly has an 'any' type.
main.tsx(3255,10): error TS7006: Parameter 'sum' implicitly has an 'any' type.
main.tsx(3255,15): error TS7006: Parameter 'row' implicitly has an 'any' type.
main.tsx(3259,10): error TS7006: Parameter 'sum' implicitly has an 'any' type.
main.tsx(3259,15): error TS7006: Parameter 'row' implicitly has an 'any' type.
main.tsx(3311,5): error TS7026: JSX element implicitly has type 'any' because no interface 'JSX.IntrinsicElements' exists.
main.tsx(3320,13): error TS7026: JSX element implicitly has type 'any' because no interface 'JSX.IntrinsicElements' exists.
main.tsx(3321,15): error TS7026: JSX element implicitly has type 'any' because no interface 'JSX.IntrinsicElements' exists.
main.tsx(3324,28): error TS7006: Parameter 'e' implicitly has an 'any' type.
main.tsx(3327,15): error TS7026: JSX element implicitly has type 'any' because no interface 'JSX.IntrinsicElements' exists.
main.tsx(3329,28): error TS7006: Parameter 'e' implicitly has an 'any' type.
main.tsx(3332,17): error TS7026: JSX element implicitly has type 'any' because no interface 'JSX.IntrinsicElements' exists.
main.tsx(3332,58): error TS7026: JSX element implicitly has type 'any' because no interface 'JSX.IntrinsicElements' exists.
main.tsx(3333,17): error TS7026: JSX element implicitly has type 'any' because no interface 'JSX.IntrinsicElements' exists.
main.tsx(3333,58): error TS7026: JSX element implicitly has type 'any' because no interface 'JSX.IntrinsicElements' exists.
main.tsx(3334,15): error TS7026: JSX element implicitly has type 'any' because no interface 'JSX.IntrinsicElements' exists.
main.tsx(3335,13): error TS7026: JSX element implicitly has type 'any' because no interface 'JSX.IntrinsicElements' exists.
main.tsx(3338,9): error TS7026: JSX element implicitly has type 'any' because no interface 'JSX.IntrinsicElements' exists.
main.tsx(3364,9): error TS7026: JSX element implicitly has type 'any' because no interface 'JSX.IntrinsicElements' exists.
main.tsx(3365,9): error TS7026: JSX element implicitly has type 'any' because no interface 'JSX.IntrinsicElements' exists.
main.tsx(3367,13): error TS7026: JSX element implicitly has type 'any' because no interface 'JSX.IntrinsicElements' exists.
main.tsx(3370,26): error TS7006: Parameter 'e' implicitly has an 'any' type.
main.tsx(3380,13): error TS7026: JSX element implicitly has type 'any' because no interface 'JSX.IntrinsicElements' exists.
main.tsx(3383,26): error TS7006: Parameter 'e' implicitly has an 'any' type.
main.tsx(3393,13): error TS7026: JSX element implicitly has type 'any' because no interface 'JSX.IntrinsicElements' exists.
main.tsx(3396,26): error TS7006: Parameter 'e' implicitly has an 'any' type.
main.tsx(3405,9): error TS7026: JSX element implicitly has type 'any' because no interface 'JSX.IntrinsicElements' exists.
main.tsx(3406,9): error TS7026: JSX element implicitly has type 'any' because no interface 'JSX.IntrinsicElements' exists.
main.tsx(3412,9): error TS7026: JSX element implicitly has type 'any' because no interface 'JSX.IntrinsicElements' exists.
main.tsx(3422,13): error TS7026: JSX element implicitly has type 'any' because no interface 'JSX.IntrinsicElements' exists.
main.tsx(3424,13): error TS7026: JSX element implicitly has type 'any' because no interface 'JSX.IntrinsicElements' exists.
main.tsx(3427,9): error TS7026: JSX element implicitly has type 'any' because no interface 'JSX.IntrinsicElements' exists.
main.tsx(3428,22): error TS7006: Parameter 'row' implicitly has an 'any' type.
main.tsx(3429,13): error TS7026: JSX element implicitly has type 'any' because no interface 'JSX.IntrinsicElements' exists.
main.tsx(3433,15): error TS7026: JSX element implicitly has type 'any' because no interface 'JSX.IntrinsicElements' exists.
main.tsx(3434,17): error TS7026: JSX element implicitly has type 'any' because no interface 'JSX.IntrinsicElements' exists.
main.tsx(3435,19): error TS7026: JSX element implicitly has type 'any' because no interface 'JSX.IntrinsicElements' exists.
main.tsx(3436,21): error TS7026: JSX element implicitly has type 'any' because no interface 'JSX.IntrinsicElements' exists.
main.tsx(3438,21): error TS7026: JSX element implicitly has type 'any' because no interface 'JSX.IntrinsicElements' exists.
main.tsx(3452,19): error TS7026: JSX element implicitly has type 'any' because no interface 'JSX.IntrinsicElements' exists.
main.tsx(3453,19): error TS7026: JSX element implicitly has type 'any' because no interface 'JSX.IntrinsicElements' exists.
main.tsx(3470,19): error TS7026: JSX element implicitly has type 'any' because no interface 'JSX.IntrinsicElements' exists.
main.tsx(3471,19): error TS7026: JSX element implicitly has type 'any' because no interface 'JSX.IntrinsicElements' exists.
main.tsx(3474,19): error TS7026: JSX element implicitly has type 'any' because no interface 'JSX.IntrinsicElements' exists.
main.tsx(3475,19): error TS7026: JSX element implicitly has type 'any' because no interface 'JSX.IntrinsicElements' exists.
main.tsx(3478,19): error TS7026: JSX element implicitly has type 'any' because no interface 'JSX.IntrinsicElements' exists.
main.tsx(3479,17): error TS7026: JSX element implicitly has type 'any' because no interface 'JSX.IntrinsicElements' exists.
main.tsx(3481,19): error TS7026: JSX element implicitly has type 'any' because no interface 'JSX.IntrinsicElements' exists.
main.tsx(3483,23): error TS7026: JSX element implicitly has type 'any' because no interface 'JSX.IntrinsicElements' exists.
main.tsx(3490,23): error TS7026: JSX element implicitly has type 'any' because no interface 'JSX.IntrinsicElements' exists.
main.tsx(3492,19): error TS7026: JSX element implicitly has type 'any' because no interface 'JSX.IntrinsicElements' exists.
main.tsx(3494,15): error TS7026: JSX element implicitly has type 'any' because no interface 'JSX.IntrinsicElements' exists.
main.tsx(3495,15): error TS7026: JSX element implicitly has type 'any' because no interface 'JSX.IntrinsicElements' exists.
main.tsx(3503,15): error TS7026: JSX element implicitly has type 'any' because no interface 'JSX.IntrinsicElements' exists.
main.tsx(3504,13): error TS7026: JSX element implicitly has type 'any' because no interface 'JSX.IntrinsicElements' exists.
main.tsx(3507,13): error TS7026: JSX element implicitly has type 'any' because no interface 'JSX.IntrinsicElements' exists.
main.tsx(3509,13): error TS7026: JSX element implicitly has type 'any' because no interface 'JSX.IntrinsicElements' exists.
main.tsx(3511,9): error TS7026: JSX element implicitly has type 'any' because no interface 'JSX.IntrinsicElements' exists.
main.tsx(3513,5): error TS7026: JSX element implicitly has type 'any' because no interface 'JSX.IntrinsicElements' exists.
main.tsx(3603,11): error TS7026: JSX element implicitly has type 'any' because no interface 'JSX.IntrinsicElements' exists.
main.tsx(3604,13): error TS7026: JSX element implicitly has type 'any' because no interface 'JSX.IntrinsicElements' exists.
main.tsx(3609,33): error TS7006: Parameter 'item' implicitly has an 'any' type.
main.tsx(3610,13): error TS7026: JSX element implicitly has type 'any' because no interface 'JSX.IntrinsicElements' exists.
main.tsx(3611,13): error TS7026: JSX element implicitly has type 'any' because no interface 'JSX.IntrinsicElements' exists.
main.tsx(3617,13): error TS7026: JSX element implicitly has type 'any' because no interface 'JSX.IntrinsicElements' exists.
main.tsx(3618,13): error TS7026: JSX element implicitly has type 'any' because no interface 'JSX.IntrinsicElements' exists.
main.tsx(3620,13): error TS7026: JSX element implicitly has type 'any' because no interface 'JSX.IntrinsicElements' exists.
main.tsx(3621,11): error TS7026: JSX element implicitly has type 'any' because no interface 'JSX.IntrinsicElements' exists.
main.tsx(3625,9): error TS7026: JSX element implicitly has type 'any' because no interface 'JSX.IntrinsicElements' exists.
main.tsx(3627,9): error TS7026: JSX element implicitly has type 'any' because no interface 'JSX.IntrinsicElements' exists.
main.tsx(3630,9): error TS7026: JSX element implicitly has type 'any' because no interface 'JSX.IntrinsicElements' exists.
main.tsx(3631,26): error TS7006: Parameter 'item' implicitly has an 'any' type.
main.tsx(3632,13): error TS7026: JSX element implicitly has type 'any' because no interface 'JSX.IntrinsicElements' exists.
main.tsx(3636,15): error TS7026: JSX element implicitly has type 'any' because no interface 'JSX.IntrinsicElements' exists.
main.tsx(3637,17): error TS7026: JSX element implicitly has type 'any' because no interface 'JSX.IntrinsicElements' exists.
main.tsx(3638,19): error TS7026: JSX element implicitly has type 'any' because no interface 'JSX.IntrinsicElements' exists.
main.tsx(3655,21): error TS7026: JSX element implicitly has type 'any' because no interface 'JSX.IntrinsicElements' exists.
main.tsx(3658,21): error TS7026: JSX element implicitly has type 'any' because no interface 'JSX.IntrinsicElements' exists.
main.tsx(3659,19): error TS7026: JSX element implicitly has type 'any' because no interface 'JSX.IntrinsicElements' exists.
main.tsx(3660,19): error TS7026: JSX element implicitly has type 'any' because no interface 'JSX.IntrinsicElements' exists.
main.tsx(3662,19): error TS7026: JSX element implicitly has type 'any' because no interface 'JSX.IntrinsicElements' exists.
main.tsx(3663,19): error TS7026: JSX element implicitly has type 'any' because no interface 'JSX.IntrinsicElements' exists.
main.tsx(3666,19): error TS7026: JSX element implicitly has type 'any' because no interface 'JSX.IntrinsicElements' exists.
main.tsx(3668,21): error TS7026: JSX element implicitly has type 'any' because no interface 'JSX.IntrinsicElements' exists.
main.tsx(3670,21): error TS7026: JSX element implicitly has type 'any' because no interface 'JSX.IntrinsicElements' exists.
main.tsx(3672,17): error TS7026: JSX element implicitly has type 'any' because no interface 'JSX.IntrinsicElements' exists.
main.tsx(3674,19): error TS7026: JSX element implicitly has type 'any' because no interface 'JSX.IntrinsicElements' exists.
main.tsx(3675,21): error TS7026: JSX element implicitly has type 'any' because no interface 'JSX.IntrinsicElements' exists.
main.tsx(3680,21): error TS7026: JSX element implicitly has type 'any' because no interface 'JSX.IntrinsicElements' exists.
main.tsx(3681,21): error TS7026: JSX element implicitly has type 'any' because no interface 'JSX.IntrinsicElements' exists.
main.tsx(3686,21): error TS7026: JSX element implicitly has type 'any' because no interface 'JSX.IntrinsicElements' exists.
main.tsx(3687,19): error TS7026: JSX element implicitly has type 'any' because no interface 'JSX.IntrinsicElements' exists.
main.tsx(3689,15): error TS7026: JSX element implicitly has type 'any' because no interface 'JSX.IntrinsicElements' exists.
main.tsx(3690,13): error TS7026: JSX element implicitly has type 'any' because no interface 'JSX.IntrinsicElements' exists.
main.tsx(3693,13): error TS7026: JSX element implicitly has type 'any' because no interface 'JSX.IntrinsicElements' exists.
main.tsx(3695,13): error TS7026: JSX element implicitly has type 'any' because no interface 'JSX.IntrinsicElements' exists.
main.tsx(3697,9): error TS7026: JSX element implicitly has type 'any' because no interface 'JSX.IntrinsicElements' exists.
main.tsx(3699,9): error TS7026: JSX element implicitly has type 'any' because no interface 'JSX.IntrinsicElements' exists.
main.tsx(3700,11): error TS7026: JSX element implicitly has type 'any' because no interface 'JSX.IntrinsicElements' exists.
main.tsx(3701,13): error TS7026: JSX element implicitly has type 'any' because no interface 'JSX.IntrinsicElements' exists.
main.tsx(3702,15): error TS7026: JSX element implicitly has type 'any' because no interface 'JSX.IntrinsicElements' exists.
main.tsx(3703,17): error TS7026: JSX element implicitly has type 'any' because no interface 'JSX.IntrinsicElements' exists.
main.tsx(3703,53): error TS7026: JSX element implicitly has type 'any' because no interface 'JSX.IntrinsicElements' exists.
main.tsx(3704,17): error TS7026: JSX element implicitly has type 'any' because no interface 'JSX.IntrinsicElements' exists.
main.tsx(3704,60): error TS7026: JSX element implicitly has type 'any' because no interface 'JSX.IntrinsicElements' exists.
main.tsx(3705,17): error TS7026: JSX element implicitly has type 'any' because no interface 'JSX.IntrinsicElements' exists.
main.tsx(3705,58): error TS7026: JSX element implicitly has type 'any' because no interface 'JSX.IntrinsicElements' exists.
main.tsx(3706,17): error TS7026: JSX element implicitly has type 'any' because no interface 'JSX.IntrinsicElements' exists.
main.tsx(3706,57): error TS7026: JSX element implicitly has type 'any' because no interface 'JSX.IntrinsicElements' exists.
main.tsx(3707,17): error TS7026: JSX element implicitly has type 'any' because no interface 'JSX.IntrinsicElements' exists.
main.tsx(3707,56): error TS7026: JSX element implicitly has type 'any' because no interface 'JSX.IntrinsicElements' exists.
main.tsx(3708,17): error TS7026: JSX element implicitly has type 'any' because no interface 'JSX.IntrinsicElements' exists.
main.tsx(3708,65): error TS7026: JSX element implicitly has type 'any' because no interface 'JSX.IntrinsicElements' exists.
main.tsx(3709,17): error TS7026: JSX element implicitly has type 'any' because no interface 'JSX.IntrinsicElements' exists.
main.tsx(3709,60): error TS7026: JSX element implicitly has type 'any' because no interface 'JSX.IntrinsicElements' exists.
main.tsx(3710,17): error TS7026: JSX element implicitly has type 'any' because no interface 'JSX.IntrinsicElements' exists.
main.tsx(3710,37): error TS7026: JSX element implicitly has type 'any' because no interface 'JSX.IntrinsicElements' exists.
main.tsx(3711,15): error TS7026: JSX element implicitly has type 'any' because no interface 'JSX.IntrinsicElements' exists.
main.tsx(3712,13): error TS7026: JSX element implicitly has type 'any' because no interface 'JSX.IntrinsicElements' exists.
main.tsx(3713,13): error TS7026: JSX element implicitly has type 'any' because no interface 'JSX.IntrinsicElements' exists.
main.tsx(3714,27): error TS7006: Parameter 'row' implicitly has an 'any' type.
main.tsx(3715,17): error TS7026: JSX element implicitly has type 'any' because no interface 'JSX.IntrinsicElements' exists.
main.tsx(3716,19): error TS7026: JSX element implicitly has type 'any' because no interface 'JSX.IntrinsicElements' exists.
main.tsx(3716,59): error TS7026: JSX element implicitly has type 'any' because no interface 'JSX.IntrinsicElements' exists.
main.tsx(3717,19): error TS7026: JSX element implicitly has type 'any' because no interface 'JSX.IntrinsicElements' exists.
main.tsx(3717,71): error TS7026: JSX element implicitly has type 'any' because no interface 'JSX.IntrinsicElements' exists.
main.tsx(3718,19): error TS7026: JSX element implicitly has type 'any' because no interface 'JSX.IntrinsicElements' exists.
main.tsx(3718,49): error TS7026: JSX element implicitly has type 'any' because no interface 'JSX.IntrinsicElements' exists.
main.tsx(3719,19): error TS7026: JSX element implicitly has type 'any' because no interface 'JSX.IntrinsicElements' exists.
main.tsx(3719,63): error TS7026: JSX element implicitly has type 'any' because no interface 'JSX.IntrinsicElements' exists.
main.tsx(3720,19): error TS7026: JSX element implicitly has type 'any' because no interface 'JSX.IntrinsicElements' exists.
main.tsx(3720,50): error TS7026: JSX element implicitly has type 'any' because no interface 'JSX.IntrinsicElements' exists.
main.tsx(3721,19): error TS7026: JSX element implicitly has type 'any' because no interface 'JSX.IntrinsicElements' exists.
main.tsx(3721,75): error TS7026: JSX element implicitly has type 'any' because no interface 'JSX.IntrinsicElements' exists.
main.tsx(3722,19): error TS7026: JSX element implicitly has type 'any' because no interface 'JSX.IntrinsicElements' exists.
main.tsx(3722,55): error TS7026: JSX element implicitly has type 'any' because no interface 'JSX.IntrinsicElements' exists.
main.tsx(3723,19): error TS7026: JSX element implicitly has type 'any' because no interface 'JSX.IntrinsicElements' exists.
main.tsx(3724,21): error TS7026: JSX element implicitly has type 'any' because no interface 'JSX.IntrinsicElements' exists.
main.tsx(3730,21): error TS7026: JSX element implicitly has type 'any' because no interface 'JSX.IntrinsicElements' exists.
main.tsx(3732,23): error TS7026: JSX element implicitly has type 'any' because no interface 'JSX.IntrinsicElements' exists.
main.tsx(3737,23): error TS7026: JSX element implicitly has type 'any' because no interface 'JSX.IntrinsicElements' exists.
main.tsx(3739,19): error TS7026: JSX element implicitly has type 'any' because no interface 'JSX.IntrinsicElements' exists.
main.tsx(3740,17): error TS7026: JSX element implicitly has type 'any' because no interface 'JSX.IntrinsicElements' exists.
main.tsx(3742,13): error TS7026: JSX element implicitly has type 'any' because no interface 'JSX.IntrinsicElements' exists.
main.tsx(3743,11): error TS7026: JSX element implicitly has type 'any' because no interface 'JSX.IntrinsicElements' exists.
main.tsx(3745,13): error TS7026: JSX element implicitly has type 'any' because no interface 'JSX.IntrinsicElements' exists.
main.tsx(3747,13): error TS7026: JSX element implicitly has type 'any' because no interface 'JSX.IntrinsicElements' exists.
main.tsx(3749,9): error TS7026: JSX element implicitly has type 'any' because no interface 'JSX.IntrinsicElements' exists.
main.tsx(3769,24): error TS7006: Parameter 'n' implicitly has an 'any' type.
main.tsx(3771,10): error TS7026: JSX element implicitly has type 'any' because no interface 'JSX.IntrinsicElements' exists.
main.tsx(3772,5): error TS7026: JSX element implicitly has type 'any' because no interface 'JSX.IntrinsicElements' exists.
main.tsx(3772,96): error TS7026: JSX element implicitly has type 'any' because no interface 'JSX.IntrinsicElements' exists.
main.tsx(3772,292): error TS7026: JSX element implicitly has type 'any' because no interface 'JSX.IntrinsicElements' exists.
main.tsx(3772,303): error TS7026: JSX element implicitly has type 'any' because no interface 'JSX.IntrinsicElements' exists.
main.tsx(3773,5): error TS7026: JSX element implicitly has type 'any' because no interface 'JSX.IntrinsicElements' exists.
main.tsx(3773,62): error TS7006: Parameter 'e' implicitly has an 'any' type.
main.tsx(3774,5): error TS7026: JSX element implicitly has type 'any' because no interface 'JSX.IntrinsicElements' exists.
main.tsx(3774,95): error TS7026: JSX element implicitly has type 'any' because no interface 'JSX.IntrinsicElements' exists.
main.tsx(3777,5): error TS7026: JSX element implicitly has type 'any' because no interface 'JSX.IntrinsicElements' exists.
main.tsx(3777,49): error TS7026: JSX element implicitly has type 'any' because no interface 'JSX.IntrinsicElements' exists.
main.tsx(3778,59): error TS7026: JSX element implicitly has type 'any' because no interface 'JSX.IntrinsicElements' exists.
main.tsx(3778,196): error TS7006: Parameter 'e' implicitly has an 'any' type.
main.tsx(3779,47): error TS7026: JSX element implicitly has type 'any' because no interface 'JSX.IntrinsicElements' exists.
main.tsx(3779,156): error TS7006: Parameter 'e' implicitly has an 'any' type.
main.tsx(3780,38): error TS7026: JSX element implicitly has type 'any' because no interface 'JSX.IntrinsicElements' exists.
main.tsx(3780,138): error TS7006: Parameter 'e' implicitly has an 'any' type.
main.tsx(3780,195): error TS7026: JSX element implicitly has type 'any' because no interface 'JSX.IntrinsicElements' exists.
main.tsx(3780,234): error TS7026: JSX element implicitly has type 'any' because no interface 'JSX.IntrinsicElements' exists.
main.tsx(3780,243): error TS7026: JSX element implicitly has type 'any' because no interface 'JSX.IntrinsicElements' exists.
main.tsx(3780,286): error TS7026: JSX element implicitly has type 'any' because no interface 'JSX.IntrinsicElements' exists.
main.tsx(3780,295): error TS7026: JSX element implicitly has type 'any' because no interface 'JSX.IntrinsicElements' exists.
main.tsx(3781,92): error TS7026: JSX element implicitly has type 'any' because no interface 'JSX.IntrinsicElements' exists.
main.tsx(3781,192): error TS7006: Parameter 'e' implicitly has an 'any' type.
main.tsx(3781,323): error TS7026: JSX element implicitly has type 'any' because no interface 'JSX.IntrinsicElements' exists.
main.tsx(3781,423): error TS7006: Parameter 'e' implicitly has an 'any' type.
main.tsx(3782,5): error TS7026: JSX element implicitly has type 'any' because no interface 'JSX.IntrinsicElements' exists.
main.tsx(3782,75): error TS7026: JSX element implicitly has type 'any' because no interface 'JSX.IntrinsicElements' exists.
main.tsx(3782,197): error TS7006: Parameter 'e' implicitly has an 'any' type.
main.tsx(3783,5): error TS7026: JSX element implicitly has type 'any' because no interface 'JSX.IntrinsicElements' exists.
main.tsx(3783,139): error TS7026: JSX element implicitly has type 'any' because no interface 'JSX.IntrinsicElements' exists.
main.tsx(3783,236): error TS7026: JSX element implicitly has type 'any' because no interface 'JSX.IntrinsicElements' exists.
main.tsx(3783,246): error TS7026: JSX element implicitly has type 'any' because no interface 'JSX.IntrinsicElements' exists.
main.tsx(3783,252): error TS7026: JSX element implicitly has type 'any' because no interface 'JSX.IntrinsicElements' exists.
main.tsx(3785,32): error TS7026: JSX element implicitly has type 'any' because no interface 'JSX.IntrinsicElements' exists.
main.tsx(3785,112): error TS7006: Parameter 'item' implicitly has an 'any' type.
main.tsx(3785,118): error TS7026: JSX element implicitly has type 'any' because no interface 'JSX.IntrinsicElements' exists.
main.tsx(3785,229): error TS7026: JSX element implicitly has type 'any' because no interface 'JSX.IntrinsicElements' exists.
main.tsx(3785,254): error TS7026: JSX element implicitly has type 'any' because no interface 'JSX.IntrinsicElements' exists.
main.tsx(3785,318): error TS7026: JSX element implicitly has type 'any' because no interface 'JSX.IntrinsicElements' exists.
main.tsx(3785,322): error TS7026: JSX element implicitly has type 'any' because no interface 'JSX.IntrinsicElements' exists.
main.tsx(3785,390): error TS7026: JSX element implicitly has type 'any' because no interface 'JSX.IntrinsicElements' exists.
main.tsx(3785,535): error TS7026: JSX element implicitly has type 'any' because no interface 'JSX.IntrinsicElements' exists.
main.tsx(3785,643): error TS7026: JSX element implicitly has type 'any' because no interface 'JSX.IntrinsicElements' exists.
main.tsx(3785,648): error TS7026: JSX element implicitly has type 'any' because no interface 'JSX.IntrinsicElements' exists.
main.tsx(3785,674): error TS7026: JSX element implicitly has type 'any' because no interface 'JSX.IntrinsicElements' exists.
main.tsx(3785,765): error TS7026: JSX element implicitly has type 'any' because no interface 'JSX.IntrinsicElements' exists.
main.tsx(3785,775): error TS7026: JSX element implicitly has type 'any' because no interface 'JSX.IntrinsicElements' exists.
main.tsx(3785,783): error TS7026: JSX element implicitly has type 'any' because no interface 'JSX.IntrinsicElements' exists.
main.tsx(3786,36): error TS7026: JSX element implicitly has type 'any' because no interface 'JSX.IntrinsicElements' exists.
main.tsx(3786,163): error TS7026: JSX element implicitly has type 'any' because no interface 'JSX.IntrinsicElements' exists.
main.tsx(3786,259): error TS7026: JSX element implicitly has type 'any' because no interface 'JSX.IntrinsicElements' exists.
main.tsx(3791,10): error TS7026: JSX element implicitly has type 'any' because no interface 'JSX.IntrinsicElements' exists.
main.tsx(3791,59): error TS7026: JSX element implicitly has type 'any' because no interface 'JSX.IntrinsicElements' exists.
main.tsx(3791,97): error TS7026: JSX element implicitly has type 'any' because no interface 'JSX.IntrinsicElements' exists.
main.tsx(3791,266): error TS7026: JSX element implicitly has type 'any' because no interface 'JSX.IntrinsicElements' exists.
main.tsx(3791,299): error TS7026: JSX element implicitly has type 'any' because no interface 'JSX.IntrinsicElements' exists.
main.tsx(3791,514): error TS7026: JSX element implicitly has type 'any' because no interface 'JSX.IntrinsicElements' exists.
main.tsx(3791,545): error TS7026: JSX element implicitly has type 'any' because no interface 'JSX.IntrinsicElements' exists.
main.tsx(3791,637): error TS7026: JSX element implicitly has type 'any' because no interface 'JSX.IntrinsicElements' exists.
main.tsx(3791,647): error TS7026: JSX element implicitly has type 'any' because no interface 'JSX.IntrinsicElements' exists.
main.tsx(3792,272): error TS7026: JSX element implicitly has type 'any' because no interface 'JSX.IntrinsicElements' exists.
main.tsx(3857,14): error TS7006: Parameter 'previous' implicitly has an 'any' type.
main.tsx(3909,5): error TS7026: JSX element implicitly has type 'any' because no interface 'JSX.IntrinsicElements' exists.
main.tsx(3919,15): error TS7026: JSX element implicitly has type 'any' because no interface 'JSX.IntrinsicElements' exists.
main.tsx(3925,15): error TS7026: JSX element implicitly has type 'any' because no interface 'JSX.IntrinsicElements' exists.
main.tsx(3932,11): error TS7026: JSX element implicitly has type 'any' because no interface 'JSX.IntrinsicElements' exists.
main.tsx(3934,15): error TS7026: JSX element implicitly has type 'any' because no interface 'JSX.IntrinsicElements' exists.
main.tsx(3936,28): error TS7006: Parameter 'event' implicitly has an 'any' type.
main.tsx(3946,15): error TS7026: JSX element implicitly has type 'any' because no interface 'JSX.IntrinsicElements' exists.
main.tsx(3948,28): error TS7006: Parameter 'event' implicitly has an 'any' type.
main.tsx(3957,19): error TS7026: JSX element implicitly has type 'any' because no interface 'JSX.IntrinsicElements' exists.
main.tsx(3959,19): error TS7026: JSX element implicitly has type 'any' because no interface 'JSX.IntrinsicElements' exists.
main.tsx(3961,15): error TS7026: JSX element implicitly has type 'any' because no interface 'JSX.IntrinsicElements' exists.
main.tsx(3964,15): error TS7026: JSX element implicitly has type 'any' because no interface 'JSX.IntrinsicElements' exists.
main.tsx(3967,28): error TS7006: Parameter 'event' implicitly has an 'any' type.
main.tsx(3977,15): error TS7026: JSX element implicitly has type 'any' because no interface 'JSX.IntrinsicElements' exists.
main.tsx(3979,28): error TS7006: Parameter 'event' implicitly has an 'any' type.
main.tsx(3989,21): error TS7026: JSX element implicitly has type 'any' because no interface 'JSX.IntrinsicElements' exists.
main.tsx(3991,21): error TS7026: JSX element implicitly has type 'any' because no interface 'JSX.IntrinsicElements' exists.
main.tsx(3994,15): error TS7026: JSX element implicitly has type 'any' because no interface 'JSX.IntrinsicElements' exists.
main.tsx(4003,17): error TS7026: JSX element implicitly has type 'any' because no interface 'JSX.IntrinsicElements' exists.
main.tsx(4008,30): error TS7006: Parameter 'event' implicitly has an 'any' type.
main.tsx(4020,17): error TS7026: JSX element implicitly has type 'any' because no interface 'JSX.IntrinsicElements' exists.
main.tsx(4025,30): error TS7006: Parameter 'event' implicitly has an 'any' type.
main.tsx(4036,15): error TS7026: JSX element implicitly has type 'any' because no interface 'JSX.IntrinsicElements' exists.
main.tsx(4038,28): error TS7006: Parameter 'event' implicitly has an 'any' type.
main.tsx(4052,15): error TS7026: JSX element implicitly has type 'any' because no interface 'JSX.IntrinsicElements' exists.
main.tsx(4054,28): error TS7006: Parameter 'event' implicitly has an 'any' type.
main.tsx(4068,13): error TS7026: JSX element implicitly has type 'any' because no interface 'JSX.IntrinsicElements' exists.
main.tsx(4069,15): error TS7026: JSX element implicitly has type 'any' because no interface 'JSX.IntrinsicElements' exists.
main.tsx(4074,15): error TS7026: JSX element implicitly has type 'any' because no interface 'JSX.IntrinsicElements' exists.
main.tsx(4075,13): error TS7026: JSX element implicitly has type 'any' because no interface 'JSX.IntrinsicElements' exists.
main.tsx(4076,11): error TS7026: JSX element implicitly has type 'any' because no interface 'JSX.IntrinsicElements' exists.
main.tsx(4088,9): error TS7026: JSX element implicitly has type 'any' because no interface 'JSX.IntrinsicElements' exists.
main.tsx(4089,27): error TS7006: Parameter 'item' implicitly has an 'any' type.
main.tsx(4090,13): error TS7026: JSX element implicitly has type 'any' because no interface 'JSX.IntrinsicElements' exists.
main.tsx(4094,15): error TS7026: JSX element implicitly has type 'any' because no interface 'JSX.IntrinsicElements' exists.
main.tsx(4095,17): error TS7026: JSX element implicitly has type 'any' because no interface 'JSX.IntrinsicElements' exists.
main.tsx(4096,19): error TS7026: JSX element implicitly has type 'any' because no interface 'JSX.IntrinsicElements' exists.
main.tsx(4096,71): error TS7026: JSX element implicitly has type 'any' because no interface 'JSX.IntrinsicElements' exists.
main.tsx(4101,17): error TS7026: JSX element implicitly has type 'any' because no interface 'JSX.IntrinsicElements' exists.
main.tsx(4102,17): error TS7026: JSX element implicitly has type 'any' because no interface 'JSX.IntrinsicElements' exists.
main.tsx(4106,17): error TS7026: JSX element implicitly has type 'any' because no interface 'JSX.IntrinsicElements' exists.
main.tsx(4107,15): error TS7026: JSX element implicitly has type 'any' because no interface 'JSX.IntrinsicElements' exists.
main.tsx(4109,17): error TS7026: JSX element implicitly has type 'any' because no interface 'JSX.IntrinsicElements' exists.
main.tsx(4110,19): error TS7026: JSX element implicitly has type 'any' because no interface 'JSX.IntrinsicElements' exists.
main.tsx(4116,19): error TS7026: JSX element implicitly has type 'any' because no interface 'JSX.IntrinsicElements' exists.
main.tsx(4117,19): error TS7026: JSX element implicitly has type 'any' because no interface 'JSX.IntrinsicElements' exists.
main.tsx(4124,19): error TS7026: JSX element implicitly has type 'any' because no interface 'JSX.IntrinsicElements' exists.
main.tsx(4125,19): error TS7026: JSX element implicitly has type 'any' because no interface 'JSX.IntrinsicElements' exists.
main.tsx(4130,19): error TS7026: JSX element implicitly has type 'any' because no interface 'JSX.IntrinsicElements' exists.
main.tsx(4131,17): error TS7026: JSX element implicitly has type 'any' because no interface 'JSX.IntrinsicElements' exists.
main.tsx(4133,13): error TS7026: JSX element implicitly has type 'any' because no interface 'JSX.IntrinsicElements' exists.
main.tsx(4136,13): error TS7026: JSX element implicitly has type 'any' because no interface 'JSX.IntrinsicElements' exists.
main.tsx(4138,13): error TS7026: JSX element implicitly has type 'any' because no interface 'JSX.IntrinsicElements' exists.
main.tsx(4140,9): error TS7026: JSX element implicitly has type 'any' because no interface 'JSX.IntrinsicElements' exists.
main.tsx(4151,9): error TS7026: JSX element implicitly has type 'any' because no interface 'JSX.IntrinsicElements' exists.
main.tsx(4152,11): error TS7026: JSX element implicitly has type 'any' because no interface 'JSX.IntrinsicElements' exists.
main.tsx(4153,13): error TS7026: JSX element implicitly has type 'any' because no interface 'JSX.IntrinsicElements' exists.
main.tsx(4154,15): error TS7026: JSX element implicitly has type 'any' because no interface 'JSX.IntrinsicElements' exists.
main.tsx(4155,17): error TS7026: JSX element implicitly has type 'any' because no interface 'JSX.IntrinsicElements' exists.
main.tsx(4155,58): error TS7026: JSX element implicitly has type 'any' because no interface 'JSX.IntrinsicElements' exists.
main.tsx(4156,17): error TS7026: JSX element implicitly has type 'any' because no interface 'JSX.IntrinsicElements' exists.
main.tsx(4156,57): error TS7026: JSX element implicitly has type 'any' because no interface 'JSX.IntrinsicElements' exists.
main.tsx(4157,17): error TS7026: JSX element implicitly has type 'any' because no interface 'JSX.IntrinsicElements' exists.
main.tsx(4157,57): error TS7026: JSX element implicitly has type 'any' because no interface 'JSX.IntrinsicElements' exists.
main.tsx(4158,17): error TS7026: JSX element implicitly has type 'any' because no interface 'JSX.IntrinsicElements' exists.
main.tsx(4158,58): error TS7026: JSX element implicitly has type 'any' because no interface 'JSX.IntrinsicElements' exists.
main.tsx(4159,17): error TS7026: JSX element implicitly has type 'any' because no interface 'JSX.IntrinsicElements' exists.
main.tsx(4159,58): error TS7026: JSX element implicitly has type 'any' because no interface 'JSX.IntrinsicElements' exists.
main.tsx(4160,17): error TS7026: JSX element implicitly has type 'any' because no interface 'JSX.IntrinsicElements' exists.
main.tsx(4160,56): error TS7026: JSX element implicitly has type 'any' because no interface 'JSX.IntrinsicElements' exists.
main.tsx(4161,15): error TS7026: JSX element implicitly has type 'any' because no interface 'JSX.IntrinsicElements' exists.
main.tsx(4162,13): error TS7026: JSX element implicitly has type 'any' because no interface 'JSX.IntrinsicElements' exists.
main.tsx(4163,13): error TS7026: JSX element implicitly has type 'any' because no interface 'JSX.IntrinsicElements' exists.
main.tsx(4164,26): error TS7006: Parameter 'item' implicitly has an 'any' type.
main.tsx(4167,19): error TS7026: JSX element implicitly has type 'any' because no interface 'JSX.IntrinsicElements' exists.
main.tsx(4168,21): error TS7026: JSX element implicitly has type 'any' because no interface 'JSX.IntrinsicElements' exists.
main.tsx(4168,74): error TS7026: JSX element implicitly has type 'any' because no interface 'JSX.IntrinsicElements' exists.
main.tsx(4169,21): error TS7026: JSX element implicitly has type 'any' because no interface 'JSX.IntrinsicElements' exists.
main.tsx(4173,21): error TS7026: JSX element implicitly has type 'any' because no interface 'JSX.IntrinsicElements' exists.
main.tsx(4174,21): error TS7026: JSX element implicitly has type 'any' because no interface 'JSX.IntrinsicElements' exists.
main.tsx(4188,21): error TS7026: JSX element implicitly has type 'any' because no interface 'JSX.IntrinsicElements' exists.
main.tsx(4189,21): error TS7026: JSX element implicitly has type 'any' because no interface 'JSX.IntrinsicElements' exists.
main.tsx(4189,69): error TS7026: JSX element implicitly has type 'any' because no interface 'JSX.IntrinsicElements' exists.
main.tsx(4190,21): error TS7026: JSX element implicitly has type 'any' because no interface 'JSX.IntrinsicElements' exists.
main.tsx(4192,21): error TS7026: JSX element implicitly has type 'any' because no interface 'JSX.IntrinsicElements' exists.
main.tsx(4193,21): error TS7026: JSX element implicitly has type 'any' because no interface 'JSX.IntrinsicElements' exists.
main.tsx(4195,21): error TS7026: JSX element implicitly has type 'any' because no interface 'JSX.IntrinsicElements' exists.
main.tsx(4196,19): error TS7026: JSX element implicitly has type 'any' because no interface 'JSX.IntrinsicElements' exists.
main.tsx(4200,17): error TS7026: JSX element implicitly has type 'any' because no interface 'JSX.IntrinsicElements' exists.
main.tsx(4201,19): error TS7026: JSX element implicitly has type 'any' because no interface 'JSX.IntrinsicElements' exists.
main.tsx(4206,19): error TS7026: JSX element implicitly has type 'any' because no interface 'JSX.IntrinsicElements' exists.
main.tsx(4207,17): error TS7026: JSX element implicitly has type 'any' because no interface 'JSX.IntrinsicElements' exists.
main.tsx(4209,13): error TS7026: JSX element implicitly has type 'any' because no interface 'JSX.IntrinsicElements' exists.
main.tsx(4210,11): error TS7026: JSX element implicitly has type 'any' because no interface 'JSX.IntrinsicElements' exists.
main.tsx(4211,9): error TS7026: JSX element implicitly has type 'any' because no interface 'JSX.IntrinsicElements' exists.
main.tsx(4213,5): error TS7026: JSX element implicitly has type 'any' because no interface 'JSX.IntrinsicElements' exists.
main.tsx(4229,84): error TS7006: Parameter 'm' implicitly has an 'any' type.
main.tsx(4229,111): error TS7006: Parameter 'm' implicitly has an 'any' type.
main.tsx(4230,309): error TS7006: Parameter 'n' implicitly has an 'any' type.
main.tsx(4235,222): error TS7006: Parameter 'n' implicitly has an 'any' type.
main.tsx(4238,10): error TS7026: JSX element implicitly has type 'any' because no interface 'JSX.IntrinsicElements' exists.
main.tsx(4240,7): error TS7026: JSX element implicitly has type 'any' because no interface 'JSX.IntrinsicElements' exists.
main.tsx(4240,115): error TS7026: JSX element implicitly has type 'any' because no interface 'JSX.IntrinsicElements' exists.
main.tsx(4240,227): error TS7006: Parameter 'e' implicitly has an 'any' type.
main.tsx(4240,341): error TS7026: JSX element implicitly has type 'any' because no interface 'JSX.IntrinsicElements' exists.
main.tsx(4240,459): error TS7006: Parameter 'e' implicitly has an 'any' type.
main.tsx(4240,529): error TS7026: JSX element implicitly has type 'any' because no interface 'JSX.IntrinsicElements' exists.
main.tsx(4240,666): error TS7026: JSX element implicitly has type 'any' because no interface 'JSX.IntrinsicElements' exists.
main.tsx(4240,672): error TS7026: JSX element implicitly has type 'any' because no interface 'JSX.IntrinsicElements' exists.
main.tsx(4241,7): error TS7026: JSX element implicitly has type 'any' because no interface 'JSX.IntrinsicElements' exists.
main.tsx(4241,97): error TS7026: JSX element implicitly has type 'any' because no interface 'JSX.IntrinsicElements' exists.
main.tsx(4243,7): error TS7026: JSX element implicitly has type 'any' because no interface 'JSX.IntrinsicElements' exists.
main.tsx(4243,164): error TS7026: JSX element implicitly has type 'any' because no interface 'JSX.IntrinsicElements' exists.
main.tsx(4243,317): error TS7026: JSX element implicitly has type 'any' because no interface 'JSX.IntrinsicElements' exists.
main.tsx(4243,328): error TS7026: JSX element implicitly has type 'any' because no interface 'JSX.IntrinsicElements' exists.
main.tsx(4244,7): error TS7026: JSX element implicitly has type 'any' because no interface 'JSX.IntrinsicElements' exists.
main.tsx(4244,40): error TS7026: JSX element implicitly has type 'any' because no interface 'JSX.IntrinsicElements' exists.
main.tsx(4244,88): error TS7026: JSX element implicitly has type 'any' because no interface 'JSX.IntrinsicElements' exists.
main.tsx(4244,95): error TS7026: JSX element implicitly has type 'any' because no interface 'JSX.IntrinsicElements' exists.
main.tsx(4244,207): error TS7026: JSX element implicitly has type 'any' because no interface 'JSX.IntrinsicElements' exists.
main.tsx(4244,246): error TS7026: JSX element implicitly has type 'any' because no interface 'JSX.IntrinsicElements' exists.
main.tsx(4244,253): error TS7026: JSX element implicitly has type 'any' because no interface 'JSX.IntrinsicElements' exists.
main.tsx(4244,258): error TS7026: JSX element implicitly has type 'any' because no interface 'JSX.IntrinsicElements' exists.
main.tsx(4244,266): error TS7026: JSX element implicitly has type 'any' because no interface 'JSX.IntrinsicElements' exists.
main.tsx(4244,321): error TS7006: Parameter 'row' implicitly has an 'any' type.
main.tsx(4244,326): error TS7026: JSX element implicitly has type 'any' because no interface 'JSX.IntrinsicElements' exists.
main.tsx(4244,343): error TS7026: JSX element implicitly has type 'any' because no interface 'JSX.IntrinsicElements' exists.
main.tsx(4244,394): error TS7026: JSX element implicitly has type 'any' because no interface 'JSX.IntrinsicElements' exists.
main.tsx(4244,399): error TS7026: JSX element implicitly has type 'any' because no interface 'JSX.IntrinsicElements' exists.
main.tsx(4244,435): error TS7026: JSX element implicitly has type 'any' because no interface 'JSX.IntrinsicElements' exists.
main.tsx(4244,440): error TS7026: JSX element implicitly has type 'any' because no interface 'JSX.IntrinsicElements' exists.
main.tsx(4244,481): error TS7026: JSX element implicitly has type 'any' because no interface 'JSX.IntrinsicElements' exists.
main.tsx(4244,486): error TS7026: JSX element implicitly has type 'any' because no interface 'JSX.IntrinsicElements' exists.
main.tsx(4244,559): error TS7006: Parameter 'm' implicitly has an 'any' type.
main.tsx(4244,586): error TS7006: Parameter 'm' implicitly has an 'any' type.
main.tsx(4244,621): error TS7026: JSX element implicitly has type 'any' because no interface 'JSX.IntrinsicElements' exists.
main.tsx(4244,626): error TS7026: JSX element implicitly has type 'any' because no interface 'JSX.IntrinsicElements' exists.
main.tsx(4244,764): error TS7026: JSX element implicitly has type 'any' because no interface 'JSX.IntrinsicElements' exists.
main.tsx(4244,769): error TS7026: JSX element implicitly has type 'any' because no interface 'JSX.IntrinsicElements' exists.
main.tsx(4244,789): error TS7026: JSX element implicitly has type 'any' because no interface 'JSX.IntrinsicElements' exists.
main.tsx(4244,887): error TS7026: JSX element implicitly has type 'any' because no interface 'JSX.IntrinsicElements' exists.
main.tsx(4244,896): error TS7026: JSX element implicitly has type 'any' because no interface 'JSX.IntrinsicElements' exists.
main.tsx(4244,901): error TS7026: JSX element implicitly has type 'any' because no interface 'JSX.IntrinsicElements' exists.
main.tsx(4244,908): error TS7026: JSX element implicitly has type 'any' because no interface 'JSX.IntrinsicElements' exists.
main.tsx(4244,916): error TS7026: JSX element implicitly has type 'any' because no interface 'JSX.IntrinsicElements' exists.
main.tsx(4244,924): error TS7026: JSX element implicitly has type 'any' because no interface 'JSX.IntrinsicElements' exists.
main.tsx(4246,241): error TS7026: JSX element implicitly has type 'any' because no interface 'JSX.IntrinsicElements' exists.
main.tsx(4246,280): error TS7006: Parameter 'event' implicitly has an 'any' type.
main.tsx(4246,287): error TS7026: JSX element implicitly has type 'any' because no interface 'JSX.IntrinsicElements' exists.
main.tsx(4246,366): error TS7026: JSX element implicitly has type 'any' because no interface 'JSX.IntrinsicElements' exists.
main.tsx(4246,458): error TS7026: JSX element implicitly has type 'any' because no interface 'JSX.IntrinsicElements' exists.
main.tsx(4246,462): error TS7026: JSX element implicitly has type 'any' because no interface 'JSX.IntrinsicElements' exists.
main.tsx(4246,531): error TS7026: JSX element implicitly has type 'any' because no interface 'JSX.IntrinsicElements' exists.
main.tsx(4246,535): error TS7026: JSX element implicitly has type 'any' because no interface 'JSX.IntrinsicElements' exists.
main.tsx(4246,578): error TS7026: JSX element implicitly has type 'any' because no interface 'JSX.IntrinsicElements' exists.
main.tsx(4246,669): error TS7026: JSX element implicitly has type 'any' because no interface 'JSX.IntrinsicElements' exists.
main.tsx(4246,674): error TS7026: JSX element implicitly has type 'any' because no interface 'JSX.IntrinsicElements' exists.
main.tsx(4248,17): error TS7026: JSX element implicitly has type 'any' because no interface 'JSX.IntrinsicElements' exists.
main.tsx(4248,61): error TS7026: JSX element implicitly has type 'any' because no interface 'JSX.IntrinsicElements' exists.
main.tsx(4248,139): error TS7026: JSX element implicitly has type 'any' because no interface 'JSX.IntrinsicElements' exists.
main.tsx(4249,38): error TS7026: JSX element implicitly has type 'any' because no interface 'JSX.IntrinsicElements' exists.
main.tsx(4249,137): error TS7006: Parameter 'e' implicitly has an 'any' type.
main.tsx(4249,246): error TS7026: JSX element implicitly has type 'any' because no interface 'JSX.IntrinsicElements' exists.
main.tsx(4249,298): error TS7026: JSX element implicitly has type 'any' because no interface 'JSX.IntrinsicElements' exists.
main.tsx(4249,353): error TS7026: JSX element implicitly has type 'any' because no interface 'JSX.IntrinsicElements' exists.
main.tsx(4249,402): error TS7026: JSX element implicitly has type 'any' because no interface 'JSX.IntrinsicElements' exists.
main.tsx(4249,413): error TS7026: JSX element implicitly has type 'any' because no interface 'JSX.IntrinsicElements' exists.
main.tsx(4250,9): error TS7026: JSX element implicitly has type 'any' because no interface 'JSX.IntrinsicElements' exists.
main.tsx(4250,57): error TS7026: JSX element implicitly has type 'any' because no interface 'JSX.IntrinsicElements' exists.
main.tsx(4250,118): error TS7006: Parameter 'e' implicitly has an 'any' type.
main.tsx(4250,200): error TS7026: JSX element implicitly has type 'any' because no interface 'JSX.IntrinsicElements' exists.
main.tsx(4251,34): error TS7026: JSX element implicitly has type 'any' because no interface 'JSX.IntrinsicElements' exists.
main.tsx(4251,61): error TS7026: JSX element implicitly has type 'any' because no interface 'JSX.IntrinsicElements' exists.
main.tsx(4251,102): error TS7026: JSX element implicitly has type 'any' because no interface 'JSX.IntrinsicElements' exists.
main.tsx(4251,130): error TS7026: JSX element implicitly has type 'any' because no interface 'JSX.IntrinsicElements' exists.
main.tsx(4251,206): error TS7026: JSX element implicitly has type 'any' because no interface 'JSX.IntrinsicElements' exists.
main.tsx(4251,345): error TS7006: Parameter 'e' implicitly has an 'any' type.
main.tsx(4251,369): error TS7006: Parameter 'v' implicitly has an 'any' type.
main.tsx(4251,412): error TS7006: Parameter 'code' implicitly has an 'any' type.
main.tsx(4251,485): error TS7026: JSX element implicitly has type 'any' because no interface 'JSX.IntrinsicElements' exists.
main.tsx(4251,495): error TS7026: JSX element implicitly has type 'any' because no interface 'JSX.IntrinsicElements' exists.
main.tsx(4252,63): error TS7026: JSX element implicitly has type 'any' because no interface 'JSX.IntrinsicElements' exists.
main.tsx(4252,187): error TS7006: Parameter 'e' implicitly has an 'any' type.
main.tsx(4254,7): error TS7026: JSX element implicitly has type 'any' because no interface 'JSX.IntrinsicElements' exists.
main.tsx(4256,3): error TS7026: JSX element implicitly has type 'any' because no interface 'JSX.IntrinsicElements' exists.
main.tsx(4286,6): error TS7006: Parameter 'item' implicitly has an 'any' type.
main.tsx(4294,5): error TS7026: JSX element implicitly has type 'any' because no interface 'JSX.IntrinsicElements' exists.
main.tsx(4303,9): error TS7026: JSX element implicitly has type 'any' because no interface 'JSX.IntrinsicElements' exists.
main.tsx(4305,13): error TS7026: JSX element implicitly has type 'any' because no interface 'JSX.IntrinsicElements' exists.
main.tsx(4307,26): error TS7006: Parameter 'e' implicitly has an 'any' type.
main.tsx(4318,17): error TS7026: JSX element implicitly has type 'any' because no interface 'JSX.IntrinsicElements' exists.
main.tsx(4320,17): error TS7026: JSX element implicitly has type 'any' because no interface 'JSX.IntrinsicElements' exists.
main.tsx(4322,13): error TS7026: JSX element implicitly has type 'any' because no interface 'JSX.IntrinsicElements' exists.
main.tsx(4325,13): error TS7026: JSX element implicitly has type 'any' because no interface 'JSX.IntrinsicElements' exists.
main.tsx(4327,26): error TS7006: Parameter 'e' implicitly has an 'any' type.
main.tsx(4331,11): error TS7026: JSX element implicitly has type 'any' because no interface 'JSX.IntrinsicElements' exists.
main.tsx(4332,13): error TS7026: JSX element implicitly has type 'any' because no interface 'JSX.IntrinsicElements' exists.
main.tsx(4337,13): error TS7026: JSX element implicitly has type 'any' because no interface 'JSX.IntrinsicElements' exists.
main.tsx(4338,11): error TS7026: JSX element implicitly has type 'any' because no interface 'JSX.IntrinsicElements' exists.
main.tsx(4339,9): error TS7026: JSX element implicitly has type 'any' because no interface 'JSX.IntrinsicElements' exists.
main.tsx(4341,11): error TS7026: JSX element implicitly has type 'any' because no interface 'JSX.IntrinsicElements' exists.
main.tsx(4348,11): error TS7026: JSX element implicitly has type 'any' because no interface 'JSX.IntrinsicElements' exists.
main.tsx(4359,13): error TS7026: JSX element implicitly has type 'any' because no interface 'JSX.IntrinsicElements' exists.
main.tsx(4361,26): error TS7006: Parameter 'e' implicitly has an 'any' type.
main.tsx(4367,9): error TS7026: JSX element implicitly has type 'any' because no interface 'JSX.IntrinsicElements' exists.
main.tsx(4368,26): error TS7006: Parameter 'item' implicitly has an 'any' type.
main.tsx(4369,13): error TS7026: JSX element implicitly has type 'any' because no interface 'JSX.IntrinsicElements' exists.
main.tsx(4374,15): error TS7026: JSX element implicitly has type 'any' because no interface 'JSX.IntrinsicElements' exists.
main.tsx(4376,15): error TS7026: JSX element implicitly has type 'any' because no interface 'JSX.IntrinsicElements' exists.
main.tsx(4377,15): error TS7026: JSX element implicitly has type 'any' because no interface 'JSX.IntrinsicElements' exists.
main.tsx(4379,15): error TS7026: JSX element implicitly has type 'any' because no interface 'JSX.IntrinsicElements' exists.
main.tsx(4380,15): error TS7026: JSX element implicitly has type 'any' because no interface 'JSX.IntrinsicElements' exists.
main.tsx(4384,15): error TS7026: JSX element implicitly has type 'any' because no interface 'JSX.IntrinsicElements' exists.
main.tsx(4385,13): error TS7026: JSX element implicitly has type 'any' because no interface 'JSX.IntrinsicElements' exists.
main.tsx(4388,13): error TS7026: JSX element implicitly has type 'any' because no interface 'JSX.IntrinsicElements' exists.
main.tsx(4390,13): error TS7026: JSX element implicitly has type 'any' because no interface 'JSX.IntrinsicElements' exists.
main.tsx(4392,9): error TS7026: JSX element implicitly has type 'any' because no interface 'JSX.IntrinsicElements' exists.
main.tsx(4394,5): error TS7026: JSX element implicitly has type 'any' because no interface 'JSX.IntrinsicElements' exists.
main.tsx(4447,10): error TS7006: Parameter 'sum' implicitly has an 'any' type.
main.tsx(4447,15): error TS7006: Parameter 'row' implicitly has an 'any' type.
main.tsx(4451,10): error TS7006: Parameter 'sum' implicitly has an 'any' type.
main.tsx(4451,15): error TS7006: Parameter 'row' implicitly has an 'any' type.
main.tsx(4455,10): error TS7006: Parameter 'sum' implicitly has an 'any' type.
main.tsx(4455,15): error TS7006: Parameter 'row' implicitly has an 'any' type.
main.tsx(4554,5): error TS7026: JSX element implicitly has type 'any' because no interface 'JSX.IntrinsicElements' exists.
main.tsx(4555,7): error TS7026: JSX element implicitly has type 'any' because no interface 'JSX.IntrinsicElements' exists.
main.tsx(4586,7): error TS7026: JSX element implicitly has type 'any' because no interface 'JSX.IntrinsicElements' exists.
main.tsx(4595,13): error TS7026: JSX element implicitly has type 'any' because no interface 'JSX.IntrinsicElements' exists.
main.tsx(4597,13): error TS7026: JSX element implicitly has type 'any' because no interface 'JSX.IntrinsicElements' exists.
main.tsx(4600,9): error TS7026: JSX element implicitly has type 'any' because no interface 'JSX.IntrinsicElements' exists.
main.tsx(4602,13): error TS7026: JSX element implicitly has type 'any' because no interface 'JSX.IntrinsicElements' exists.
main.tsx(4607,15): error TS7026: JSX element implicitly has type 'any' because no interface 'JSX.IntrinsicElements' exists.
main.tsx(4607,48): error TS7026: JSX element implicitly has type 'any' because no interface 'JSX.IntrinsicElements' exists.
main.tsx(4608,15): error TS7026: JSX element implicitly has type 'any' because no interface 'JSX.IntrinsicElements' exists.
main.tsx(4608,76): error TS7026: JSX element implicitly has type 'any' because no interface 'JSX.IntrinsicElements' exists.
main.tsx(4609,15): error TS7026: JSX element implicitly has type 'any' because no interface 'JSX.IntrinsicElements' exists.
main.tsx(4611,15): error TS7026: JSX element implicitly has type 'any' because no interface 'JSX.IntrinsicElements' exists.
main.tsx(4612,13): error TS7026: JSX element implicitly has type 'any' because no interface 'JSX.IntrinsicElements' exists.
main.tsx(4614,9): error TS7026: JSX element implicitly has type 'any' because no interface 'JSX.IntrinsicElements' exists.
main.tsx(4616,5): error TS7026: JSX element implicitly has type 'any' because no interface 'JSX.IntrinsicElements' exists.
main.tsx(4653,5): error TS7026: JSX element implicitly has type 'any' because no interface 'JSX.IntrinsicElements' exists.
main.tsx(4654,7): error TS7026: JSX element implicitly has type 'any' because no interface 'JSX.IntrinsicElements' exists.
main.tsx(4655,9): error TS7026: JSX element implicitly has type 'any' because no interface 'JSX.IntrinsicElements' exists.
main.tsx(4657,13): error TS7026: JSX element implicitly has type 'any' because no interface 'JSX.IntrinsicElements' exists.
main.tsx(4663,13): error TS7026: JSX element implicitly has type 'any' because no interface 'JSX.IntrinsicElements' exists.
main.tsx(4665,9): error TS7026: JSX element implicitly has type 'any' because no interface 'JSX.IntrinsicElements' exists.
main.tsx(4666,7): error TS7026: JSX element implicitly has type 'any' because no interface 'JSX.IntrinsicElements' exists.
main.tsx(4697,5): error TS7026: JSX element implicitly has type 'any' because no interface 'JSX.IntrinsicElements' exists.
main.tsx(4800,5): error TS7026: JSX element implicitly has type 'any' because no interface 'JSX.IntrinsicElements' exists.
main.tsx(4801,7): error TS7026: JSX element implicitly has type 'any' because no interface 'JSX.IntrinsicElements' exists.
main.tsx(4802,7): error TS7026: JSX element implicitly has type 'any' because no interface 'JSX.IntrinsicElements' exists.
main.tsx(4803,7): error TS7026: JSX element implicitly has type 'any' because no interface 'JSX.IntrinsicElements' exists.
main.tsx(4804,9): error TS7026: JSX element implicitly has type 'any' because no interface 'JSX.IntrinsicElements' exists.
main.tsx(4805,11): error TS7026: JSX element implicitly has type 'any' because no interface 'JSX.IntrinsicElements' exists.
main.tsx(4806,13): error TS7026: JSX element implicitly has type 'any' because no interface 'JSX.IntrinsicElements' exists.
main.tsx(4807,15): error TS7026: JSX element implicitly has type 'any' because no interface 'JSX.IntrinsicElements' exists.
main.tsx(4807,72): error TS7026: JSX element implicitly has type 'any' because no interface 'JSX.IntrinsicElements' exists.
main.tsx(4808,13): error TS7026: JSX element implicitly has type 'any' because no interface 'JSX.IntrinsicElements' exists.
main.tsx(4809,13): error TS7026: JSX element implicitly has type 'any' because no interface 'JSX.IntrinsicElements' exists.
main.tsx(4811,13): error TS7026: JSX element implicitly has type 'any' because no interface 'JSX.IntrinsicElements' exists.
main.tsx(4812,13): error TS7026: JSX element implicitly has type 'any' because no interface 'JSX.IntrinsicElements' exists.
main.tsx(4817,13): error TS7026: JSX element implicitly has type 'any' because no interface 'JSX.IntrinsicElements' exists.
main.tsx(4818,11): error TS7026: JSX element implicitly has type 'any' because no interface 'JSX.IntrinsicElements' exists.
main.tsx(4821,13): error TS7026: JSX element implicitly has type 'any' because no interface 'JSX.IntrinsicElements' exists.
main.tsx(4823,13): error TS7026: JSX element implicitly has type 'any' because no interface 'JSX.IntrinsicElements' exists.
main.tsx(4825,13): error TS7026: JSX element implicitly has type 'any' because no interface 'JSX.IntrinsicElements' exists.
main.tsx(4826,15): error TS7026: JSX element implicitly has type 'any' because no interface 'JSX.IntrinsicElements' exists.
main.tsx(4827,17): error TS7026: JSX element implicitly has type 'any' because no interface 'JSX.IntrinsicElements' exists.
main.tsx(4828,19): error TS7026: JSX element implicitly has type 'any' because no interface 'JSX.IntrinsicElements' exists.
main.tsx(4830,19): error TS7026: JSX element implicitly has type 'any' because no interface 'JSX.IntrinsicElements' exists.
main.tsx(4831,19): error TS7026: JSX element implicitly has type 'any' because no interface 'JSX.IntrinsicElements' exists.
main.tsx(4833,19): error TS7026: JSX element implicitly has type 'any' because no interface 'JSX.IntrinsicElements' exists.
main.tsx(4834,17): error TS7026: JSX element implicitly has type 'any' because no interface 'JSX.IntrinsicElements' exists.
main.tsx(4835,17): error TS7026: JSX element implicitly has type 'any' because no interface 'JSX.IntrinsicElements' exists.
main.tsx(4836,19): error TS7026: JSX element implicitly has type 'any' because no interface 'JSX.IntrinsicElements' exists.
main.tsx(4838,19): error TS7026: JSX element implicitly has type 'any' because no interface 'JSX.IntrinsicElements' exists.
main.tsx(4839,19): error TS7026: JSX element implicitly has type 'any' because no interface 'JSX.IntrinsicElements' exists.
main.tsx(4841,19): error TS7026: JSX element implicitly has type 'any' because no interface 'JSX.IntrinsicElements' exists.
main.tsx(4842,17): error TS7026: JSX element implicitly has type 'any' because no interface 'JSX.IntrinsicElements' exists.
main.tsx(4843,15): error TS7026: JSX element implicitly has type 'any' because no interface 'JSX.IntrinsicElements' exists.
main.tsx(4846,19): error TS7026: JSX element implicitly has type 'any' because no interface 'JSX.IntrinsicElements' exists.
main.tsx(4846,70): error TS7026: JSX element implicitly has type 'any' because no interface 'JSX.IntrinsicElements' exists.
main.tsx(4849,17): error TS7026: JSX element implicitly has type 'any' because no interface 'JSX.IntrinsicElements' exists.
main.tsx(4857,19): error TS7026: JSX element implicitly has type 'any' because no interface 'JSX.IntrinsicElements' exists.
main.tsx(4859,19): error TS7026: JSX element implicitly has type 'any' because no interface 'JSX.IntrinsicElements' exists.
main.tsx(4862,17): error TS7026: JSX element implicitly has type 'any' because no interface 'JSX.IntrinsicElements' exists.
main.tsx(4868,30): error TS7006: Parameter 'event' implicitly has an 'any' type.
main.tsx(4874,19): error TS7026: JSX element implicitly has type 'any' because no interface 'JSX.IntrinsicElements' exists.
main.tsx(4876,19): error TS7026: JSX element implicitly has type 'any' because no interface 'JSX.IntrinsicElements' exists.
main.tsx(4879,17): error TS7026: JSX element implicitly has type 'any' because no interface 'JSX.IntrinsicElements' exists.
main.tsx(4885,30): error TS7006: Parameter 'event' implicitly has an 'any' type.
main.tsx(4890,17): error TS7026: JSX element implicitly has type 'any' because no interface 'JSX.IntrinsicElements' exists.
main.tsx(4892,17): error TS7026: JSX element implicitly has type 'any' because no interface 'JSX.IntrinsicElements' exists.
main.tsx(4895,17): error TS7026: JSX element implicitly has type 'any' because no interface 'JSX.IntrinsicElements' exists.
main.tsx(4897,17): error TS7026: JSX element implicitly has type 'any' because no interface 'JSX.IntrinsicElements' exists.
main.tsx(4908,13): error TS7026: JSX element implicitly has type 'any' because no interface 'JSX.IntrinsicElements' exists.
main.tsx(4910,13): error TS7026: JSX element implicitly has type 'any' because no interface 'JSX.IntrinsicElements' exists.
main.tsx(4911,15): error TS7026: JSX element implicitly has type 'any' because no interface 'JSX.IntrinsicElements' exists.
main.tsx(4913,15): error TS7026: JSX element implicitly has type 'any' because no interface 'JSX.IntrinsicElements' exists.
main.tsx(4914,13): error TS7026: JSX element implicitly has type 'any' because no interface 'JSX.IntrinsicElements' exists.
main.tsx(4917,11): error TS7026: JSX element implicitly has type 'any' because no interface 'JSX.IntrinsicElements' exists.
main.tsx(4922,11): error TS7026: JSX element implicitly has type 'any' because no interface 'JSX.IntrinsicElements' exists.
main.tsx(4923,9): error TS7026: JSX element implicitly has type 'any' because no interface 'JSX.IntrinsicElements' exists.
main.tsx(4924,7): error TS7026: JSX element implicitly has type 'any' because no interface 'JSX.IntrinsicElements' exists.
main.tsx(4925,5): error TS7026: JSX element implicitly has type 'any' because no interface 'JSX.IntrinsicElements' exists.
main.tsx(4958,5): error TS7026: JSX element implicitly has type 'any' because no interface 'JSX.IntrinsicElements' exists.
main.tsx(4960,9): error TS7026: JSX element implicitly has type 'any' because no interface 'JSX.IntrinsicElements' exists.
main.tsx(4962,9): error TS7026: JSX element implicitly has type 'any' because no interface 'JSX.IntrinsicElements' exists.
main.tsx(4963,9): error TS7026: JSX element implicitly has type 'any' because no interface 'JSX.IntrinsicElements' exists.
main.tsx(4968,9): error TS7026: JSX element implicitly has type 'any' because no interface 'JSX.IntrinsicElements' exists.
main.tsx(4969,9): error TS7026: JSX element implicitly has type 'any' because no interface 'JSX.IntrinsicElements' exists.
main.tsx(4971,13): error TS7026: JSX element implicitly has type 'any' because no interface 'JSX.IntrinsicElements' exists.
main.tsx(4977,26): error TS7006: Parameter 'event' implicitly has an 'any' type.
main.tsx(4982,13): error TS7026: JSX element implicitly has type 'any' because no interface 'JSX.IntrinsicElements' exists.
main.tsx(4988,26): error TS7006: Parameter 'event' implicitly has an 'any' type.
main.tsx(4993,13): error TS7026: JSX element implicitly has type 'any' because no interface 'JSX.IntrinsicElements' exists.
main.tsx(4995,13): error TS7026: JSX element implicitly has type 'any' because no interface 'JSX.IntrinsicElements' exists.
main.tsx(5002,11): error TS7026: JSX element implicitly has type 'any' because no interface 'JSX.IntrinsicElements' exists.
main.tsx(5008,11): error TS7026: JSX element implicitly has type 'any' because no interface 'JSX.IntrinsicElements' exists.
main.tsx(5009,9): error TS7026: JSX element implicitly has type 'any' because no interface 'JSX.IntrinsicElements' exists.
main.tsx(5011,5): error TS7026: JSX element implicitly has type 'any' because no interface 'JSX.IntrinsicElements' exists.
main.tsx(5063,5): error TS7026: JSX element implicitly has type 'any' because no interface 'JSX.IntrinsicElements' exists.
main.tsx(5065,9): error TS7026: JSX element implicitly has type 'any' because no interface 'JSX.IntrinsicElements' exists.
main.tsx(5067,9): error TS7026: JSX element implicitly has type 'any' because no interface 'JSX.IntrinsicElements' exists.
main.tsx(5068,9): error TS7026: JSX element implicitly has type 'any' because no interface 'JSX.IntrinsicElements' exists.
main.tsx(5073,9): error TS7026: JSX element implicitly has type 'any' because no interface 'JSX.IntrinsicElements' exists.
main.tsx(5075,11): error TS7026: JSX element implicitly has type 'any' because no interface 'JSX.IntrinsicElements' exists.
main.tsx(5077,11): error TS7026: JSX element implicitly has type 'any' because no interface 'JSX.IntrinsicElements' exists.
main.tsx(5079,11): error TS7026: JSX element implicitly has type 'any' because no interface 'JSX.IntrinsicElements' exists.
main.tsx(5081,15): error TS7026: JSX element implicitly has type 'any' because no interface 'JSX.IntrinsicElements' exists.
main.tsx(5088,28): error TS7006: Parameter 'event' implicitly has an 'any' type.
main.tsx(5093,15): error TS7026: JSX element implicitly has type 'any' because no interface 'JSX.IntrinsicElements' exists.
main.tsx(5095,15): error TS7026: JSX element implicitly has type 'any' because no interface 'JSX.IntrinsicElements' exists.
main.tsx(5102,13): error TS7026: JSX element implicitly has type 'any' because no interface 'JSX.IntrinsicElements' exists.
main.tsx(5108,13): error TS7026: JSX element implicitly has type 'any' because no interface 'JSX.IntrinsicElements' exists.
main.tsx(5109,11): error TS7026: JSX element implicitly has type 'any' because no interface 'JSX.IntrinsicElements' exists.
main.tsx(5112,5): error TS7026: JSX element implicitly has type 'any' because no interface 'JSX.IntrinsicElements' exists.
main.tsx(5391,39): error TS7031: Binding element 'initialSession' implicitly has an 'any' type.
main.tsx(5398,15): error TS7006: Parameter 'error' implicitly has an 'any' type.
main.tsx(5407,42): error TS7006: Parameter 'event' implicitly has an 'any' type.
main.tsx(5407,49): error TS7006: Parameter 'nextSession' implicitly has an 'any' type.
main.tsx(5453,18): error TS7031: Binding element 'error' implicitly has an 'any' type.
main.tsx(5460,25): error TS7006: Parameter 'previous' implicitly has an 'any' type.
main.tsx(5524,39): error TS7006: Parameter 'previous' implicitly has an 'any' type.
main.tsx(5638,41): error TS7006: Parameter 'value' implicitly has an 'any' type.
main.tsx(5709,35): error TS7006: Parameter 'item' implicitly has an 'any' type.
main.tsx(5724,54): error TS7006: Parameter 'n' implicitly has an 'any' type.
main.tsx(5808,15): error TS7006: Parameter 'previous' implicitly has an 'any' type.
main.tsx(5822,82): error TS7006: Parameter 'n' implicitly has an 'any' type.
main.tsx(5864,121): error TS7006: Parameter 'n' implicitly has an 'any' type.
main.tsx(5870,38): error TS7006: Parameter 'item' implicitly has an 'any' type.
main.tsx(5913,14): error TS7006: Parameter 'previous' implicitly has an 'any' type.
main.tsx(5938,38): error TS7006: Parameter 'item' implicitly has an 'any' type.
main.tsx(5953,16): error TS7006: Parameter 'previous' implicitly has an 'any' type.
main.tsx(5962,35): error TS7006: Parameter 'item' implicitly has an 'any' type.
main.tsx(5970,20): error TS7006: Parameter 'previous' implicitly has an 'any' type.
main.tsx(5976,16): error TS7006: Parameter 'previous' implicitly has an 'any' type.
main.tsx(5983,14): error TS7006: Parameter 'previous' implicitly has an 'any' type.
main.tsx(5987,18): error TS7006: Parameter 'previous' implicitly has an 'any' type.
main.tsx(6015,6): error TS7006: Parameter 'item' implicitly has an 'any' type.
main.tsx(6017,44): error TS7006: Parameter 'item' implicitly has an 'any' type.
main.tsx(6019,6): error TS7006: Parameter 'item' implicitly has an 'any' type.
main.tsx(6021,43): error TS7006: Parameter 'item' implicitly has an 'any' type.
main.tsx(6024,41): error TS7006: Parameter 'item' implicitly has an 'any' type.
main.tsx(6025,47): error TS7006: Parameter 'item' implicitly has an 'any' type.
main.tsx(6026,50): error TS7006: Parameter 'item' implicitly has an 'any' type.
main.tsx(6052,7): error TS7026: JSX element implicitly has type 'any' because no interface 'JSX.IntrinsicElements' exists.
main.tsx(6054,7): error TS7026: JSX element implicitly has type 'any' because no interface 'JSX.IntrinsicElements' exists.
main.tsx(6076,12): error TS7026: JSX element implicitly has type 'any' because no interface 'JSX.IntrinsicElements' exists.
main.tsx(6076,152): error TS7026: JSX element implicitly has type 'any' because no interface 'JSX.IntrinsicElements' exists.
main.tsx(6076,227): error TS7026: JSX element implicitly has type 'any' because no interface 'JSX.IntrinsicElements' exists.
main.tsx(6076,232): error TS7026: JSX element implicitly has type 'any' because no interface 'JSX.IntrinsicElements' exists.
main.tsx(6076,364): error TS7026: JSX element implicitly has type 'any' because no interface 'JSX.IntrinsicElements' exists.
main.tsx(6076,370): error TS7026: JSX element implicitly has type 'any' because no interface 'JSX.IntrinsicElements' exists.
main.tsx(6076,482): error TS7026: JSX element implicitly has type 'any' because no interface 'JSX.IntrinsicElements' exists.
main.tsx(6076,557): error TS7026: JSX element implicitly has type 'any' because no interface 'JSX.IntrinsicElements' exists.
main.tsx(6076,566): error TS7026: JSX element implicitly has type 'any' because no interface 'JSX.IntrinsicElements' exists.
main.tsx(6076,579): error TS7026: JSX element implicitly has type 'any' because no interface 'JSX.IntrinsicElements' exists.
main.tsx(6079,7): error TS7026: JSX element implicitly has type 'any' because no interface 'JSX.IntrinsicElements' exists.
main.tsx(6080,9): error TS7026: JSX element implicitly has type 'any' because no interface 'JSX.IntrinsicElements' exists.
main.tsx(6081,9): error TS7026: JSX element implicitly has type 'any' because no interface 'JSX.IntrinsicElements' exists.
main.tsx(6082,9): error TS7026: JSX element implicitly has type 'any' because no interface 'JSX.IntrinsicElements' exists.
main.tsx(6083,11): error TS7026: JSX element implicitly has type 'any' because no interface 'JSX.IntrinsicElements' exists.
main.tsx(6084,13): error TS7026: JSX element implicitly has type 'any' because no interface 'JSX.IntrinsicElements' exists.
main.tsx(6085,15): error TS7026: JSX element implicitly has type 'any' because no interface 'JSX.IntrinsicElements' exists.
main.tsx(6086,17): error TS7026: JSX element implicitly has type 'any' because no interface 'JSX.IntrinsicElements' exists.
main.tsx(6086,74): error TS7026: JSX element implicitly has type 'any' because no interface 'JSX.IntrinsicElements' exists.
main.tsx(6087,15): error TS7026: JSX element implicitly has type 'any' because no interface 'JSX.IntrinsicElements' exists.
main.tsx(6088,15): error TS7026: JSX element implicitly has type 'any' because no interface 'JSX.IntrinsicElements' exists.
main.tsx(6090,15): error TS7026: JSX element implicitly has type 'any' because no interface 'JSX.IntrinsicElements' exists.
main.tsx(6091,15): error TS7026: JSX element implicitly has type 'any' because no interface 'JSX.IntrinsicElements' exists.
main.tsx(6093,15): error TS7026: JSX element implicitly has type 'any' because no interface 'JSX.IntrinsicElements' exists.
main.tsx(6094,13): error TS7026: JSX element implicitly has type 'any' because no interface 'JSX.IntrinsicElements' exists.
main.tsx(6095,13): error TS7026: JSX element implicitly has type 'any' because no interface 'JSX.IntrinsicElements' exists.
main.tsx(6098,19): error TS7026: JSX element implicitly has type 'any' because no interface 'JSX.IntrinsicElements' exists.
main.tsx(6100,19): error TS7026: JSX element implicitly has type 'any' because no interface 'JSX.IntrinsicElements' exists.
main.tsx(6103,17): error TS7026: JSX element implicitly has type 'any' because no interface 'JSX.IntrinsicElements' exists.
main.tsx(6107,30): error TS7006: Parameter 'e' implicitly has an 'any' type.
main.tsx(6114,19): error TS7026: JSX element implicitly has type 'any' because no interface 'JSX.IntrinsicElements' exists.
main.tsx(6116,19): error TS7026: JSX element implicitly has type 'any' because no interface 'JSX.IntrinsicElements' exists.
main.tsx(6119,17): error TS7026: JSX element implicitly has type 'any' because no interface 'JSX.IntrinsicElements' exists.
main.tsx(6123,30): error TS7006: Parameter 'e' implicitly has an 'any' type.
main.tsx(6129,17): error TS7026: JSX element implicitly has type 'any' because no interface 'JSX.IntrinsicElements' exists.
main.tsx(6131,17): error TS7026: JSX element implicitly has type 'any' because no interface 'JSX.IntrinsicElements' exists.
main.tsx(6136,13): error TS7026: JSX element implicitly has type 'any' because no interface 'JSX.IntrinsicElements' exists.
main.tsx(6137,13): error TS7026: JSX element implicitly has type 'any' because no interface 'JSX.IntrinsicElements' exists.
main.tsx(6138,15): error TS7026: JSX element implicitly has type 'any' because no interface 'JSX.IntrinsicElements' exists.
main.tsx(6143,15): error TS7026: JSX element implicitly has type 'any' because no interface 'JSX.IntrinsicElements' exists.
main.tsx(6144,15): error TS7026: JSX element implicitly has type 'any' because no interface 'JSX.IntrinsicElements' exists.
main.tsx(6149,15): error TS7026: JSX element implicitly has type 'any' because no interface 'JSX.IntrinsicElements' exists.
main.tsx(6150,13): error TS7026: JSX element implicitly has type 'any' because no interface 'JSX.IntrinsicElements' exists.
main.tsx(6151,11): error TS7026: JSX element implicitly has type 'any' because no interface 'JSX.IntrinsicElements' exists.
main.tsx(6152,9): error TS7026: JSX element implicitly has type 'any' because no interface 'JSX.IntrinsicElements' exists.
main.tsx(6153,7): error TS7026: JSX element implicitly has type 'any' because no interface 'JSX.IntrinsicElements' exists.
main.tsx(6157,7): error TS7026: JSX element implicitly has type 'any' because no interface 'JSX.IntrinsicElements' exists.
main.tsx(6160,9): error TS7026: JSX element implicitly has type 'any' because no interface 'JSX.IntrinsicElements' exists.
main.tsx(6170,11): error TS7026: JSX element implicitly has type 'any' because no interface 'JSX.IntrinsicElements' exists.
main.tsx(6172,9): error TS7026: JSX element implicitly has type 'any' because no interface 'JSX.IntrinsicElements' exists.
main.tsx(6173,11): error TS7026: JSX element implicitly has type 'any' because no interface 'JSX.IntrinsicElements' exists.
main.tsx(6174,13): error TS7026: JSX element implicitly has type 'any' because no interface 'JSX.IntrinsicElements' exists.
main.tsx(6175,15): error TS7026: JSX element implicitly has type 'any' because no interface 'JSX.IntrinsicElements' exists.
main.tsx(6176,17): error TS7026: JSX element implicitly has type 'any' because no interface 'JSX.IntrinsicElements' exists.
main.tsx(6177,19): error TS7026: JSX element implicitly has type 'any' because no interface 'JSX.IntrinsicElements' exists.
main.tsx(6179,19): error TS7026: JSX element implicitly has type 'any' because no interface 'JSX.IntrinsicElements' exists.
main.tsx(6180,17): error TS7026: JSX element implicitly has type 'any' because no interface 'JSX.IntrinsicElements' exists.
main.tsx(6181,17): error TS7026: JSX element implicitly has type 'any' because no interface 'JSX.IntrinsicElements' exists.
main.tsx(6182,19): error TS7026: JSX element implicitly has type 'any' because no interface 'JSX.IntrinsicElements' exists.
main.tsx(6184,19): error TS7026: JSX element implicitly has type 'any' because no interface 'JSX.IntrinsicElements' exists.
main.tsx(6185,19): error TS7026: JSX element implicitly has type 'any' because no interface 'JSX.IntrinsicElements' exists.
main.tsx(6186,21): error TS7026: JSX element implicitly has type 'any' because no interface 'JSX.IntrinsicElements' exists.
main.tsx(6188,21): error TS7026: JSX element implicitly has type 'any' because no interface 'JSX.IntrinsicElements' exists.
main.tsx(6202,19): error TS7026: JSX element implicitly has type 'any' because no interface 'JSX.IntrinsicElements' exists.
main.tsx(6203,17): error TS7026: JSX element implicitly has type 'any' because no interface 'JSX.IntrinsicElements' exists.
main.tsx(6204,15): error TS7026: JSX element implicitly has type 'any' because no interface 'JSX.IntrinsicElements' exists.
main.tsx(6205,15): error TS7026: JSX element implicitly has type 'any' because no interface 'JSX.IntrinsicElements' exists.
main.tsx(6206,17): error TS7026: JSX element implicitly has type 'any' because no interface 'JSX.IntrinsicElements' exists.
main.tsx(6207,47): error TS7006: Parameter 'value' implicitly has an 'any' type.
main.tsx(6212,17): error TS7026: JSX element implicitly has type 'any' because no interface 'JSX.IntrinsicElements' exists.
main.tsx(6213,17): error TS7026: JSX element implicitly has type 'any' because no interface 'JSX.IntrinsicElements' exists.
main.tsx(6215,30): error TS7006: Parameter 'event' implicitly has an 'any' type.
main.tsx(6220,19): error TS7026: JSX element implicitly has type 'any' because no interface 'JSX.IntrinsicElements' exists.
main.tsx(6220,54): error TS7026: JSX element implicitly has type 'any' because no interface 'JSX.IntrinsicElements' exists.
main.tsx(6221,19): error TS7026: JSX element implicitly has type 'any' because no interface 'JSX.IntrinsicElements' exists.
main.tsx(6221,40): error TS7026: JSX element implicitly has type 'any' because no interface 'JSX.IntrinsicElements' exists.
main.tsx(6222,17): error TS7026: JSX element implicitly has type 'any' because no interface 'JSX.IntrinsicElements' exists.
main.tsx(6223,17): error TS7026: JSX element implicitly has type 'any' because no interface 'JSX.IntrinsicElements' exists.
main.tsx(6229,17): error TS7026: JSX element implicitly has type 'any' because no interface 'JSX.IntrinsicElements' exists.
main.tsx(6230,15): error TS7026: JSX element implicitly has type 'any' because no interface 'JSX.IntrinsicElements' exists.
main.tsx(6231,13): error TS7026: JSX element implicitly has type 'any' because no interface 'JSX.IntrinsicElements' exists.
main.tsx(6233,13): error TS7026: JSX element implicitly has type 'any' because no interface 'JSX.IntrinsicElements' exists.
main.tsx(6242,17): error TS7026: JSX element implicitly has type 'any' because no interface 'JSX.IntrinsicElements' exists.
main.tsx(6248,17): error TS7026: JSX element implicitly has type 'any' because no interface 'JSX.IntrinsicElements' exists.
main.tsx(6250,13): error TS7026: JSX element implicitly has type 'any' because no interface 'JSX.IntrinsicElements' exists.
main.tsx(6252,13): error TS7026: JSX element implicitly has type 'any' because no interface 'JSX.IntrinsicElements' exists.
main.tsx(6254,15): error TS7026: JSX element implicitly has type 'any' because no interface 'JSX.IntrinsicElements' exists.
main.tsx(6255,45): error TS7006: Parameter 'value' implicitly has an 'any' type.
main.tsx(6259,15): error TS7026: JSX element implicitly has type 'any' because no interface 'JSX.IntrinsicElements' exists.
main.tsx(6260,15): error TS7026: JSX element implicitly has type 'any' because no interface 'JSX.IntrinsicElements' exists.
main.tsx(6262,28): error TS7006: Parameter 'e' implicitly has an 'any' type.
main.tsx(6265,17): error TS7026: JSX element implicitly has type 'any' because no interface 'JSX.IntrinsicElements' exists.
main.tsx(6265,43): error TS7026: JSX element implicitly has type 'any' because no interface 'JSX.IntrinsicElements' exists.
main.tsx(6266,17): error TS7026: JSX element implicitly has type 'any' because no interface 'JSX.IntrinsicElements' exists.
main.tsx(6266,43): error TS7026: JSX element implicitly has type 'any' because no interface 'JSX.IntrinsicElements' exists.
main.tsx(6267,15): error TS7026: JSX element implicitly has type 'any' because no interface 'JSX.IntrinsicElements' exists.
main.tsx(6268,15): error TS7026: JSX element implicitly has type 'any' because no interface 'JSX.IntrinsicElements' exists.
main.tsx(6273,15): error TS7026: JSX element implicitly has type 'any' because no interface 'JSX.IntrinsicElements' exists.
main.tsx(6274,13): error TS7026: JSX element implicitly has type 'any' because no interface 'JSX.IntrinsicElements' exists.
main.tsx(6275,11): error TS7026: JSX element implicitly has type 'any' because no interface 'JSX.IntrinsicElements' exists.
main.tsx(6276,9): error TS7026: JSX element implicitly has type 'any' because no interface 'JSX.IntrinsicElements' exists.
main.tsx(6278,9): error TS7026: JSX element implicitly has type 'any' because no interface 'JSX.IntrinsicElements' exists.
main.tsx(6279,11): error TS7026: JSX element implicitly has type 'any' because no interface 'JSX.IntrinsicElements' exists.
main.tsx(6282,13): error TS7026: JSX element implicitly has type 'any' because no interface 'JSX.IntrinsicElements' exists.
main.tsx(6283,15): error TS7026: JSX element implicitly has type 'any' because no interface 'JSX.IntrinsicElements' exists.
main.tsx(6292,13): error TS7026: JSX element implicitly has type 'any' because no interface 'JSX.IntrinsicElements' exists.
main.tsx(6293,13): error TS7026: JSX element implicitly has type 'any' because no interface 'JSX.IntrinsicElements' exists.
main.tsx(6294,15): error TS7026: JSX element implicitly has type 'any' because no interface 'JSX.IntrinsicElements' exists.
main.tsx(6297,15): error TS7026: JSX element implicitly has type 'any' because no interface 'JSX.IntrinsicElements' exists.
main.tsx(6299,17): error TS7026: JSX element implicitly has type 'any' because no interface 'JSX.IntrinsicElements' exists.
main.tsx(6301,17): error TS7026: JSX element implicitly has type 'any' because no interface 'JSX.IntrinsicElements' exists.
main.tsx(6303,13): error TS7026: JSX element implicitly has type 'any' because no interface 'JSX.IntrinsicElements' exists.
main.tsx(6304,11): error TS7026: JSX element implicitly has type 'any' because no interface 'JSX.IntrinsicElements' exists.
main.tsx(6305,9): error TS7026: JSX element implicitly has type 'any' because no interface 'JSX.IntrinsicElements' exists.
main.tsx(6307,9): error TS7026: JSX element implicitly has type 'any' because no interface 'JSX.IntrinsicElements' exists.
main.tsx(6309,13): error TS7026: JSX element implicitly has type 'any' because no interface 'JSX.IntrinsicElements' exists.
main.tsx(6310,15): error TS7026: JSX element implicitly has type 'any' because no interface 'JSX.IntrinsicElements' exists.
main.tsx(6310,240): error TS7026: JSX element implicitly has type 'any' because no interface 'JSX.IntrinsicElements' exists.
main.tsx(6310,387): error TS7026: JSX element implicitly has type 'any' because no interface 'JSX.IntrinsicElements' exists.
main.tsx(6310,398): error TS7026: JSX element implicitly has type 'any' because no interface 'JSX.IntrinsicElements' exists.
main.tsx(6320,21): error TS7026: JSX element implicitly has type 'any' because no interface 'JSX.IntrinsicElements' exists.
main.tsx(6321,23): error TS7026: JSX element implicitly has type 'any' because no interface 'JSX.IntrinsicElements' exists.
main.tsx(6326,23): error TS7026: JSX element implicitly has type 'any' because no interface 'JSX.IntrinsicElements' exists.
main.tsx(6327,23): error TS7026: JSX element implicitly has type 'any' because no interface 'JSX.IntrinsicElements' exists.
main.tsx(6332,23): error TS7026: JSX element implicitly has type 'any' because no interface 'JSX.IntrinsicElements' exists.
main.tsx(6333,23): error TS7026: JSX element implicitly has type 'any' because no interface 'JSX.IntrinsicElements' exists.
main.tsx(6338,23): error TS7026: JSX element implicitly has type 'any' because no interface 'JSX.IntrinsicElements' exists.
main.tsx(6339,23): error TS7026: JSX element implicitly has type 'any' because no interface 'JSX.IntrinsicElements' exists.
main.tsx(6341,23): error TS7026: JSX element implicitly has type 'any' because no interface 'JSX.IntrinsicElements' exists.
main.tsx(6342,21): error TS7026: JSX element implicitly has type 'any' because no interface 'JSX.IntrinsicElements' exists.
main.tsx(6346,19): error TS7026: JSX element implicitly has type 'any' because no interface 'JSX.IntrinsicElements' exists.
main.tsx(6347,21): error TS7026: JSX element implicitly has type 'any' because no interface 'JSX.IntrinsicElements' exists.
main.tsx(6349,21): error TS7026: JSX element implicitly has type 'any' because no interface 'JSX.IntrinsicElements' exists.
main.tsx(6350,45): error TS7006: Parameter 'item' implicitly has an 'any' type.
main.tsx(6353,25): error TS7026: JSX element implicitly has type 'any' because no interface 'JSX.IntrinsicElements' exists.
main.tsx(6357,27): error TS7026: JSX element implicitly has type 'any' because no interface 'JSX.IntrinsicElements' exists.
main.tsx(6362,27): error TS7026: JSX element implicitly has type 'any' because no interface 'JSX.IntrinsicElements' exists.
main.tsx(6363,27): error TS7026: JSX element implicitly has type 'any' because no interface 'JSX.IntrinsicElements' exists.
main.tsx(6369,27): error TS7026: JSX element implicitly has type 'any' because no interface 'JSX.IntrinsicElements' exists.
main.tsx(6370,25): error TS7026: JSX element implicitly has type 'any' because no interface 'JSX.IntrinsicElements' exists.
main.tsx(6373,19): error TS7026: JSX element implicitly has type 'any' because no interface 'JSX.IntrinsicElements' exists.
main.tsx(6376,19): error TS7026: JSX element implicitly has type 'any' because no interface 'JSX.IntrinsicElements' exists.
main.tsx(6377,21): error TS7026: JSX element implicitly has type 'any' because no interface 'JSX.IntrinsicElements' exists.
main.tsx(6379,21): error TS7026: JSX element implicitly has type 'any' because no interface 'JSX.IntrinsicElements' exists.
main.tsx(6380,37): error TS7006: Parameter 'item' implicitly has an 'any' type.
main.tsx(6381,23): error TS7026: JSX element implicitly has type 'any' because no interface 'JSX.IntrinsicElements' exists.
main.tsx(6392,23): error TS7026: JSX element implicitly has type 'any' because no interface 'JSX.IntrinsicElements' exists.
main.tsx(6394,19): error TS7026: JSX element implicitly has type 'any' because no interface 'JSX.IntrinsicElements' exists.
main.tsx(6396,17): error TS7026: JSX element implicitly has type 'any' because no interface 'JSX.IntrinsicElements' exists.
main.tsx(6396,124): error TS7026: JSX element implicitly has type 'any' because no interface 'JSX.IntrinsicElements' exists.
main.tsx(6396,237): error TS7006: Parameter 'e' implicitly has an 'any' type.
main.tsx(6396,288): error TS7026: JSX element implicitly has type 'any' because no interface 'JSX.IntrinsicElements' exists.
main.tsx(6396,333): error TS7026: JSX element implicitly has type 'any' because no interface 'JSX.IntrinsicElements' exists.
main.tsx(6396,387): error TS7006: Parameter 'item' implicitly has an 'any' type.
main.tsx(6396,425): error TS7026: JSX element implicitly has type 'any' because no interface 'JSX.IntrinsicElements' exists.
main.tsx(6396,518): error TS7026: JSX element implicitly has type 'any' because no interface 'JSX.IntrinsicElements' exists.
main.tsx(6396,552): error TS7006: Parameter 'item' implicitly has an 'any' type.
main.tsx(6396,558): error TS7026: JSX element implicitly has type 'any' because no interface 'JSX.IntrinsicElements' exists.
main.tsx(6396,611): error TS7026: JSX element implicitly has type 'any' because no interface 'JSX.IntrinsicElements' exists.
main.tsx(6396,622): error TS7026: JSX element implicitly has type 'any' because no interface 'JSX.IntrinsicElements' exists.
main.tsx(6396,648): error TS7026: JSX element implicitly has type 'any' because no interface 'JSX.IntrinsicElements' exists.
main.tsx(6397,17): error TS7026: JSX element implicitly has type 'any' because no interface 'JSX.IntrinsicElements' exists.
main.tsx(6399,21): error TS7026: JSX element implicitly has type 'any' because no interface 'JSX.IntrinsicElements' exists.
main.tsx(6402,34): error TS7006: Parameter 'e' implicitly has an 'any' type.
main.tsx(6412,21): error TS7026: JSX element implicitly has type 'any' because no interface 'JSX.IntrinsicElements' exists.
main.tsx(6415,34): error TS7006: Parameter 'e' implicitly has an 'any' type.
main.tsx(6423,21): error TS7026: JSX element implicitly has type 'any' because no interface 'JSX.IntrinsicElements' exists.
main.tsx(6424,42): error TS7006: Parameter 'item' implicitly has an 'any' type.
main.tsx(6425,25): error TS7026: JSX element implicitly has type 'any' because no interface 'JSX.IntrinsicElements' exists.
main.tsx(6427,21): error TS7026: JSX element implicitly has type 'any' because no interface 'JSX.IntrinsicElements' exists.
main.tsx(6430,21): error TS7026: JSX element implicitly has type 'any' because no interface 'JSX.IntrinsicElements' exists.
main.tsx(6432,34): error TS7006: Parameter 'e' implicitly has an 'any' type.
main.tsx(6440,23): error TS7026: JSX element implicitly has type 'any' because no interface 'JSX.IntrinsicElements' exists.
main.tsx(6440,66): error TS7026: JSX element implicitly has type 'any' because no interface 'JSX.IntrinsicElements' exists.
main.tsx(6441,55): error TS7006: Parameter 'item' implicitly has an 'any' type.
main.tsx(6441,86): error TS7026: JSX element implicitly has type 'any' because no interface 'JSX.IntrinsicElements' exists.
main.tsx(6441,134): error TS7026: JSX element implicitly has type 'any' because no interface 'JSX.IntrinsicElements' exists.
main.tsx(6442,41): error TS7006: Parameter 'item' implicitly has an 'any' type.
main.tsx(6442,47): error TS7026: JSX element implicitly has type 'any' because no interface 'JSX.IntrinsicElements' exists.
main.tsx(6442,112): error TS7026: JSX element implicitly has type 'any' because no interface 'JSX.IntrinsicElements' exists.
main.tsx(6443,21): error TS7026: JSX element implicitly has type 'any' because no interface 'JSX.IntrinsicElements' exists.
main.tsx(6446,21): error TS7026: JSX element implicitly has type 'any' because no interface 'JSX.IntrinsicElements' exists.
main.tsx(6447,23): error TS7026: JSX element implicitly has type 'any' because no interface 'JSX.IntrinsicElements' exists.
main.tsx(6450,36): error TS7006: Parameter 'e' implicitly has an 'any' type.
main.tsx(6458,23): error TS7026: JSX element implicitly has type 'any' because no interface 'JSX.IntrinsicElements' exists.
main.tsx(6465,23): error TS7026: JSX element implicitly has type 'any' because no interface 'JSX.IntrinsicElements' exists.
main.tsx(6466,21): error TS7026: JSX element implicitly has type 'any' because no interface 'JSX.IntrinsicElements' exists.
main.tsx(6467,21): error TS7026: JSX element implicitly has type 'any' because no interface 'JSX.IntrinsicElements' exists.
main.tsx(6468,44): error TS7006: Parameter 'item' implicitly has an 'any' type.
main.tsx(6469,25): error TS7026: JSX element implicitly has type 'any' because no interface 'JSX.IntrinsicElements' exists.
main.tsx(6471,21): error TS7026: JSX element implicitly has type 'any' because no interface 'JSX.IntrinsicElements' exists.
main.tsx(6474,21): error TS7026: JSX element implicitly has type 'any' because no interface 'JSX.IntrinsicElements' exists.
main.tsx(6478,34): error TS7006: Parameter 'e' implicitly has an 'any' type.
main.tsx(6488,21): error TS7026: JSX element implicitly has type 'any' because no interface 'JSX.IntrinsicElements' exists.
main.tsx(6490,34): error TS7006: Parameter 'e' implicitly has an 'any' type.
main.tsx(6499,19): error TS7026: JSX element implicitly has type 'any' because no interface 'JSX.IntrinsicElements' exists.
main.tsx(6507,19): error TS7026: JSX element implicitly has type 'any' because no interface 'JSX.IntrinsicElements' exists.
main.tsx(6508,17): error TS7026: JSX element implicitly has type 'any' because no interface 'JSX.IntrinsicElements' exists.
main.tsx(6509,17): error TS7026: JSX element implicitly has type 'any' because no interface 'JSX.IntrinsicElements' exists.
main.tsx(6510,19): error TS7026: JSX element implicitly has type 'any' because no interface 'JSX.IntrinsicElements' exists.
main.tsx(6511,53): error TS7006: Parameter 'value' implicitly has an 'any' type.
main.tsx(6520,19): error TS7026: JSX element implicitly has type 'any' because no interface 'JSX.IntrinsicElements' exists.
main.tsx(6521,19): error TS7026: JSX element implicitly has type 'any' because no interface 'JSX.IntrinsicElements' exists.
main.tsx(6527,19): error TS7026: JSX element implicitly has type 'any' because no interface 'JSX.IntrinsicElements' exists.
main.tsx(6528,17): error TS7026: JSX element implicitly has type 'any' because no interface 'JSX.IntrinsicElements' exists.
main.tsx(6530,19): error TS7026: JSX element implicitly has type 'any' because no interface 'JSX.IntrinsicElements' exists.
main.tsx(6532,23): error TS7026: JSX element implicitly has type 'any' because no interface 'JSX.IntrinsicElements' exists.
main.tsx(6534,36): error TS7006: Parameter 'e' implicitly has an 'any' type.
main.tsx(6536,30): error TS7006: Parameter 'item' implicitly has an 'any' type.
main.tsx(6555,25): error TS7026: JSX element implicitly has type 'any' because no interface 'JSX.IntrinsicElements' exists.
main.tsx(6557,25): error TS7026: JSX element implicitly has type 'any' because no interface 'JSX.IntrinsicElements' exists.
main.tsx(6558,42): error TS7006: Parameter 'item' implicitly has an 'any' type.
main.tsx(6559,27): error TS7026: JSX element implicitly has type 'any' because no interface 'JSX.IntrinsicElements' exists.
main.tsx(6561,27): error TS7026: JSX element implicitly has type 'any' because no interface 'JSX.IntrinsicElements' exists.
main.tsx(6563,23): error TS7026: JSX element implicitly has type 'any' because no interface 'JSX.IntrinsicElements' exists.
main.tsx(6566,23): error TS7026: JSX element implicitly has type 'any' because no interface 'JSX.IntrinsicElements' exists.
main.tsx(6568,36): error TS7006: Parameter 'e' implicitly has an 'any' type.
main.tsx(6570,30): error TS7006: Parameter 'item' implicitly has an 'any' type.
main.tsx(6587,25): error TS7026: JSX element implicitly has type 'any' because no interface 'JSX.IntrinsicElements' exists.
main.tsx(6587,68): error TS7026: JSX element implicitly has type 'any' because no interface 'JSX.IntrinsicElements' exists.
main.tsx(6590,30): error TS7006: Parameter 'item' implicitly has an 'any' type.
main.tsx(6594,33): error TS7006: Parameter 'item' implicitly has an 'any' type.
main.tsx(6595,29): error TS7026: JSX element implicitly has type 'any' because no interface 'JSX.IntrinsicElements' exists.
main.tsx(6597,29): error TS7026: JSX element implicitly has type 'any' because no interface 'JSX.IntrinsicElements' exists.
main.tsx(6599,23): error TS7026: JSX element implicitly has type 'any' because no interface 'JSX.IntrinsicElements' exists.
main.tsx(6602,23): error TS7026: JSX element implicitly has type 'any' because no interface 'JSX.IntrinsicElements' exists.
main.tsx(6605,36): error TS7006: Parameter 'e' implicitly has an 'any' type.
main.tsx(6613,23): error TS7026: JSX element implicitly has type 'any' because no interface 'JSX.IntrinsicElements' exists.
main.tsx(6614,46): error TS7006: Parameter 'item' implicitly has an 'any' type.
main.tsx(6615,27): error TS7026: JSX element implicitly has type 'any' because no interface 'JSX.IntrinsicElements' exists.
main.tsx(6617,23): error TS7026: JSX element implicitly has type 'any' because no interface 'JSX.IntrinsicElements' exists.
main.tsx(6620,23): error TS7026: JSX element implicitly has type 'any' because no interface 'JSX.IntrinsicElements' exists.
main.tsx(6623,36): error TS7006: Parameter 'e' implicitly has an 'any' type.
main.tsx(6631,23): error TS7026: JSX element implicitly has type 'any' because no interface 'JSX.IntrinsicElements' exists.
main.tsx(6632,43): error TS7006: Parameter 'item' implicitly has an 'any' type.
main.tsx(6633,27): error TS7026: JSX element implicitly has type 'any' because no interface 'JSX.IntrinsicElements' exists.
main.tsx(6635,23): error TS7026: JSX element implicitly has type 'any' because no interface 'JSX.IntrinsicElements' exists.
main.tsx(6638,23): error TS7026: JSX element implicitly has type 'any' because no interface 'JSX.IntrinsicElements' exists.
main.tsx(6640,36): error TS7006: Parameter 'e' implicitly has an 'any' type.
main.tsx(6648,25): error TS7026: JSX element implicitly has type 'any' because no interface 'JSX.IntrinsicElements' exists.
main.tsx(6648,71): error TS7026: JSX element implicitly has type 'any' because no interface 'JSX.IntrinsicElements' exists.
main.tsx(6649,25): error TS7026: JSX element implicitly has type 'any' because no interface 'JSX.IntrinsicElements' exists.
main.tsx(6651,25): error TS7026: JSX element implicitly has type 'any' because no interface 'JSX.IntrinsicElements' exists.
main.tsx(6652,25): error TS7026: JSX element implicitly has type 'any' because no interface 'JSX.IntrinsicElements' exists.
main.tsx(6652,71): error TS7026: JSX element implicitly has type 'any' because no interface 'JSX.IntrinsicElements' exists.
main.tsx(6653,25): error TS7026: JSX element implicitly has type 'any' because no interface 'JSX.IntrinsicElements' exists.
main.tsx(6655,25): error TS7026: JSX element implicitly has type 'any' because no interface 'JSX.IntrinsicElements' exists.
main.tsx(6656,23): error TS7026: JSX element implicitly has type 'any' because no interface 'JSX.IntrinsicElements' exists.
main.tsx(6658,19): error TS7026: JSX element implicitly has type 'any' because no interface 'JSX.IntrinsicElements' exists.
main.tsx(6663,17): error TS7026: JSX element implicitly has type 'any' because no interface 'JSX.IntrinsicElements' exists.
main.tsx(6671,23): error TS7026: JSX element implicitly has type 'any' because no interface 'JSX.IntrinsicElements' exists.
main.tsx(6692,25): error TS7026: JSX element implicitly has type 'any' because no interface 'JSX.IntrinsicElements' exists.
main.tsx(6693,58): error TS7006: Parameter 'value' implicitly has an 'any' type.
main.tsx(6697,25): error TS7026: JSX element implicitly has type 'any' because no interface 'JSX.IntrinsicElements' exists.
main.tsx(6698,25): error TS7026: JSX element implicitly has type 'any' because no interface 'JSX.IntrinsicElements' exists.
main.tsx(6701,51): error TS7006: Parameter 'value' implicitly has an 'any' type.
main.tsx(6706,25): error TS7026: JSX element implicitly has type 'any' because no interface 'JSX.IntrinsicElements' exists.
main.tsx(6707,23): error TS7026: JSX element implicitly has type 'any' because no interface 'JSX.IntrinsicElements' exists.
main.tsx(6710,19): error TS7026: JSX element implicitly has type 'any' because no interface 'JSX.IntrinsicElements' exists.
main.tsx(6711,21): error TS7026: JSX element implicitly has type 'any' because no interface 'JSX.IntrinsicElements' exists.
main.tsx(6713,34): error TS7006: Parameter 'e' implicitly has an 'any' type.
main.tsx(6720,21): error TS7026: JSX element implicitly has type 'any' because no interface 'JSX.IntrinsicElements' exists.
main.tsx(6723,34): error TS7006: Parameter 'e' implicitly has an 'any' type.
main.tsx(6729,21): error TS7026: JSX element implicitly has type 'any' because no interface 'JSX.IntrinsicElements' exists.
main.tsx(6731,34): error TS7006: Parameter 'e' implicitly has an 'any' type.
main.tsx(6734,23): error TS7026: JSX element implicitly has type 'any' because no interface 'JSX.IntrinsicElements' exists.
main.tsx(6734,57): error TS7026: JSX element implicitly has type 'any' because no interface 'JSX.IntrinsicElements' exists.
main.tsx(6735,41): error TS7006: Parameter 'item' implicitly has an 'any' type.
main.tsx(6735,47): error TS7026: JSX element implicitly has type 'any' because no interface 'JSX.IntrinsicElements' exists.
main.tsx(6735,112): error TS7026: JSX element implicitly has type 'any' because no interface 'JSX.IntrinsicElements' exists.
main.tsx(6736,21): error TS7026: JSX element implicitly has type 'any' because no interface 'JSX.IntrinsicElements' exists.
main.tsx(6745,19): error TS7026: JSX element implicitly has type 'any' because no interface 'JSX.IntrinsicElements' exists.
main.tsx(6746,19): error TS7026: JSX element implicitly has type 'any' because no interface 'JSX.IntrinsicElements' exists.
main.tsx(6747,182): error TS7026: JSX element implicitly has type 'any' because no interface 'JSX.IntrinsicElements' exists.
main.tsx(6747,296): error TS7006: Parameter 'e' implicitly has an 'any' type.
main.tsx(6747,323): error TS7026: JSX element implicitly has type 'any' because no interface 'JSX.IntrinsicElements' exists.
main.tsx(6747,415): error TS7026: JSX element implicitly has type 'any' because no interface 'JSX.IntrinsicElements' exists.
main.tsx(6747,444): error TS7006: Parameter 'item' implicitly has an 'any' type.
main.tsx(6747,545): error TS7006: Parameter 'item' implicitly has an 'any' type.
main.tsx(6747,551): error TS7026: JSX element implicitly has type 'any' because no interface 'JSX.IntrinsicElements' exists.
main.tsx(6747,648): error TS7026: JSX element implicitly has type 'any' because no interface 'JSX.IntrinsicElements' exists.
main.tsx(6747,659): error TS7026: JSX element implicitly has type 'any' because no interface 'JSX.IntrinsicElements' exists.
main.tsx(6748,21): error TS7026: JSX element implicitly has type 'any' because no interface 'JSX.IntrinsicElements' exists.
main.tsx(6748,205): error TS7006: Parameter 'e' implicitly has an 'any' type.
main.tsx(6748,241): error TS7026: JSX element implicitly has type 'any' because no interface 'JSX.IntrinsicElements' exists.
main.tsx(6748,285): error TS7026: JSX element implicitly has type 'any' because no interface 'JSX.IntrinsicElements' exists.
main.tsx(6748,361): error TS7026: JSX element implicitly has type 'any' because no interface 'JSX.IntrinsicElements' exists.
main.tsx(6748,415): error TS7026: JSX element implicitly has type 'any' because no interface 'JSX.IntrinsicElements' exists.
main.tsx(6748,426): error TS7026: JSX element implicitly has type 'any' because no interface 'JSX.IntrinsicElements' exists.
main.tsx(6749,19): error TS7026: JSX element implicitly has type 'any' because no interface 'JSX.IntrinsicElements' exists.
main.tsx(6750,19): error TS7026: JSX element implicitly has type 'any' because no interface 'JSX.IntrinsicElements' exists.
main.tsx(6750,177): error TS7026: JSX element implicitly has type 'any' because no interface 'JSX.IntrinsicElements' exists.
main.tsx(6751,29): error TS7026: JSX element implicitly has type 'any' because no interface 'JSX.IntrinsicElements' exists.
main.tsx(6751,77): error TS7026: JSX element implicitly has type 'any' because no interface 'JSX.IntrinsicElements' exists.
main.tsx(6753,21): error TS7026: JSX element implicitly has type 'any' because no interface 'JSX.IntrinsicElements' exists.
main.tsx(6755,25): error TS7026: JSX element implicitly has type 'any' because no interface 'JSX.IntrinsicElements' exists.
main.tsx(6759,27): error TS7026: JSX element implicitly has type 'any' because no interface 'JSX.IntrinsicElements' exists.
main.tsx(6762,40): error TS7006: Parameter 'e' implicitly has an 'any' type.
main.tsx(6763,50): error TS7006: Parameter 'previous' implicitly has an 'any' type.
main.tsx(6766,54): error TS7006: Parameter 'item' implicitly has an 'any' type.
main.tsx(6771,25): error TS7026: JSX element implicitly has type 'any' because no interface 'JSX.IntrinsicElements' exists.
main.tsx(6773,21): error TS7026: JSX element implicitly has type 'any' because no interface 'JSX.IntrinsicElements' exists.
main.tsx(6775,17): error TS7026: JSX element implicitly has type 'any' because no interface 'JSX.IntrinsicElements' exists.
main.tsx(6776,17): error TS7026: JSX element implicitly has type 'any' because no interface 'JSX.IntrinsicElements' exists.
main.tsx(6777,19): error TS7026: JSX element implicitly has type 'any' because no interface 'JSX.IntrinsicElements' exists.
main.tsx(6778,21): error TS7026: JSX element implicitly has type 'any' because no interface 'JSX.IntrinsicElements' exists.
main.tsx(6779,23): error TS7026: JSX element implicitly has type 'any' because no interface 'JSX.IntrinsicElements' exists.
main.tsx(6781,27): error TS7026: JSX element implicitly has type 'any' because no interface 'JSX.IntrinsicElements' exists.
main.tsx(6781,61): error TS7026: JSX element implicitly has type 'any' because no interface 'JSX.IntrinsicElements' exists.
main.tsx(6784,27): error TS7026: JSX element implicitly has type 'any' because no interface 'JSX.IntrinsicElements' exists.
main.tsx(6784,61): error TS7026: JSX element implicitly has type 'any' because no interface 'JSX.IntrinsicElements' exists.
main.tsx(6787,27): error TS7026: JSX element implicitly has type 'any' because no interface 'JSX.IntrinsicElements' exists.
main.tsx(6787,62): error TS7026: JSX element implicitly has type 'any' because no interface 'JSX.IntrinsicElements' exists.
main.tsx(6790,27): error TS7026: JSX element implicitly has type 'any' because no interface 'JSX.IntrinsicElements' exists.
main.tsx(6790,64): error TS7026: JSX element implicitly has type 'any' because no interface 'JSX.IntrinsicElements' exists.
main.tsx(6792,46): error TS7026: JSX element implicitly has type 'any' because no interface 'JSX.IntrinsicElements' exists.
main.tsx(6792,81): error TS7026: JSX element implicitly has type 'any' because no interface 'JSX.IntrinsicElements' exists.
main.tsx(6793,48): error TS7026: JSX element implicitly has type 'any' because no interface 'JSX.IntrinsicElements' exists.
main.tsx(6793,81): error TS7026: JSX element implicitly has type 'any' because no interface 'JSX.IntrinsicElements' exists.
main.tsx(6794,47): error TS7026: JSX element implicitly has type 'any' because no interface 'JSX.IntrinsicElements' exists.
main.tsx(6794,79): error TS7026: JSX element implicitly has type 'any' because no interface 'JSX.IntrinsicElements' exists.
main.tsx(6796,27): error TS7026: JSX element implicitly has type 'any' because no interface 'JSX.IntrinsicElements' exists.
main.tsx(6796,71): error TS7026: JSX element implicitly has type 'any' because no interface 'JSX.IntrinsicElements' exists.
main.tsx(6799,27): error TS7026: JSX element implicitly has type 'any' because no interface 'JSX.IntrinsicElements' exists.
main.tsx(6799,61): error TS7026: JSX element implicitly has type 'any' because no interface 'JSX.IntrinsicElements' exists.
main.tsx(6802,27): error TS7026: JSX element implicitly has type 'any' because no interface 'JSX.IntrinsicElements' exists.
main.tsx(6802,61): error TS7026: JSX element implicitly has type 'any' because no interface 'JSX.IntrinsicElements' exists.
main.tsx(6805,27): error TS7026: JSX element implicitly has type 'any' because no interface 'JSX.IntrinsicElements' exists.
main.tsx(6805,69): error TS7026: JSX element implicitly has type 'any' because no interface 'JSX.IntrinsicElements' exists.
main.tsx(6808,27): error TS7026: JSX element implicitly has type 'any' because no interface 'JSX.IntrinsicElements' exists.
main.tsx(6808,72): error TS7026: JSX element implicitly has type 'any' because no interface 'JSX.IntrinsicElements' exists.
main.tsx(6811,27): error TS7026: JSX element implicitly has type 'any' because no interface 'JSX.IntrinsicElements' exists.
main.tsx(6811,72): error TS7026: JSX element implicitly has type 'any' because no interface 'JSX.IntrinsicElements' exists.
main.tsx(6814,27): error TS7026: JSX element implicitly has type 'any' because no interface 'JSX.IntrinsicElements' exists.
main.tsx(6814,71): error TS7026: JSX element implicitly has type 'any' because no interface 'JSX.IntrinsicElements' exists.
main.tsx(6817,27): error TS7026: JSX element implicitly has type 'any' because no interface 'JSX.IntrinsicElements' exists.
main.tsx(6817,53): error TS7026: JSX element implicitly has type 'any' because no interface 'JSX.IntrinsicElements' exists.
main.tsx(6819,23): error TS7026: JSX element implicitly has type 'any' because no interface 'JSX.IntrinsicElements' exists.
main.tsx(6820,21): error TS7026: JSX element implicitly has type 'any' because no interface 'JSX.IntrinsicElements' exists.
main.tsx(6821,21): error TS7026: JSX element implicitly has type 'any' because no interface 'JSX.IntrinsicElements' exists.
main.tsx(6823,25): error TS7026: JSX element implicitly has type 'any' because no interface 'JSX.IntrinsicElements' exists.
main.tsx(6824,27): error TS7026: JSX element implicitly has type 'any' because no interface 'JSX.IntrinsicElements' exists.
main.tsx(6829,27): error TS7026: JSX element implicitly has type 'any' because no interface 'JSX.IntrinsicElements' exists.
main.tsx(6830,25): error TS7026: JSX element implicitly has type 'any' because no interface 'JSX.IntrinsicElements' exists.
main.tsx(6832,46): error TS7006: Parameter 'row' implicitly has an 'any' type.
main.tsx(6832,51): error TS7006: Parameter 'index' implicitly has an 'any' type.
main.tsx(6833,27): error TS7026: JSX element implicitly has type 'any' because no interface 'JSX.IntrinsicElements' exists.
main.tsx(6838,31): error TS7026: JSX element implicitly has type 'any' because no interface 'JSX.IntrinsicElements' exists.
main.tsx(6840,31): error TS7026: JSX element implicitly has type 'any' because no interface 'JSX.IntrinsicElements' exists.
main.tsx(6843,31): error TS7026: JSX element implicitly has type 'any' because no interface 'JSX.IntrinsicElements' exists.
main.tsx(6845,31): error TS7026: JSX element implicitly has type 'any' because no interface 'JSX.IntrinsicElements' exists.
main.tsx(6848,31): error TS7026: JSX element implicitly has type 'any' because no interface 'JSX.IntrinsicElements' exists.
main.tsx(6856,31): error TS7026: JSX element implicitly has type 'any' because no interface 'JSX.IntrinsicElements' exists.
main.tsx(6859,31): error TS7026: JSX element implicitly has type 'any' because no interface 'JSX.IntrinsicElements' exists.
main.tsx(6860,33): error TS7026: JSX element implicitly has type 'any' because no interface 'JSX.IntrinsicElements' exists.
main.tsx(6862,33): error TS7026: JSX element implicitly has type 'any' because no interface 'JSX.IntrinsicElements' exists.
main.tsx(6863,33): error TS7026: JSX element implicitly has type 'any' because no interface 'JSX.IntrinsicElements' exists.
main.tsx(6865,33): error TS7026: JSX element implicitly has type 'any' because no interface 'JSX.IntrinsicElements' exists.
main.tsx(6866,31): error TS7026: JSX element implicitly has type 'any' because no interface 'JSX.IntrinsicElements' exists.
main.tsx(6868,50): error TS7026: JSX element implicitly has type 'any' because no interface 'JSX.IntrinsicElements' exists.
main.tsx(6868,110): error TS7026: JSX element implicitly has type 'any' because no interface 'JSX.IntrinsicElements' exists.
main.tsx(6869,52): error TS7026: JSX element implicitly has type 'any' because no interface 'JSX.IntrinsicElements' exists.
main.tsx(6869,127): error TS7026: JSX element implicitly has type 'any' because no interface 'JSX.IntrinsicElements' exists.
main.tsx(6870,51): error TS7026: JSX element implicitly has type 'any' because no interface 'JSX.IntrinsicElements' exists.
main.tsx(6870,274): error TS7026: JSX element implicitly has type 'any' because no interface 'JSX.IntrinsicElements' exists.
main.tsx(6870,362): error TS7026: JSX element implicitly has type 'any' because no interface 'JSX.IntrinsicElements' exists.
main.tsx(6870,367): error TS7026: JSX element implicitly has type 'any' because no interface 'JSX.IntrinsicElements' exists.
main.tsx(6872,31): error TS7026: JSX element implicitly has type 'any' because no interface 'JSX.IntrinsicElements' exists.
main.tsx(6876,31): error TS7026: JSX element implicitly has type 'any' because no interface 'JSX.IntrinsicElements' exists.
main.tsx(6879,31): error TS7026: JSX element implicitly has type 'any' because no interface 'JSX.IntrinsicElements' exists.
main.tsx(6881,35): error TS7026: JSX element implicitly has type 'any' because no interface 'JSX.IntrinsicElements' exists.
main.tsx(6884,48): error TS7006: Parameter 'e' implicitly has an 'any' type.
main.tsx(6888,49): error TS7006: Parameter 'e' implicitly has an 'any' type.
main.tsx(6905,35): error TS7026: JSX element implicitly has type 'any' because no interface 'JSX.IntrinsicElements' exists.
main.tsx(6917,39): error TS7026: JSX element implicitly has type 'any' because no interface 'JSX.IntrinsicElements' exists.
main.tsx(6917,72): error TS7026: JSX element implicitly has type 'any' because no interface 'JSX.IntrinsicElements' exists.
main.tsx(6919,35): error TS7026: JSX element implicitly has type 'any' because no interface 'JSX.IntrinsicElements' exists.
main.tsx(6921,31): error TS7026: JSX element implicitly has type 'any' because no interface 'JSX.IntrinsicElements' exists.
main.tsx(6924,31): error TS7026: JSX element implicitly has type 'any' because no interface 'JSX.IntrinsicElements' exists.
main.tsx(6926,31): error TS7026: JSX element implicitly has type 'any' because no interface 'JSX.IntrinsicElements' exists.
main.tsx(6929,31): error TS7026: JSX element implicitly has type 'any' because no interface 'JSX.IntrinsicElements' exists.
main.tsx(6931,36): error TS7006: Parameter 'item' implicitly has an 'any' type.
main.tsx(6935,31): error TS7026: JSX element implicitly has type 'any' because no interface 'JSX.IntrinsicElements' exists.
main.tsx(6938,31): error TS7026: JSX element implicitly has type 'any' because no interface 'JSX.IntrinsicElements' exists.
main.tsx(6940,36): error TS7006: Parameter 'item' implicitly has an 'any' type.
main.tsx(6944,31): error TS7026: JSX element implicitly has type 'any' because no interface 'JSX.IntrinsicElements' exists.
main.tsx(6947,31): error TS7026: JSX element implicitly has type 'any' because no interface 'JSX.IntrinsicElements' exists.
main.tsx(6949,31): error TS7026: JSX element implicitly has type 'any' because no interface 'JSX.IntrinsicElements' exists.
main.tsx(6952,31): error TS7026: JSX element implicitly has type 'any' because no interface 'JSX.IntrinsicElements' exists.
main.tsx(6954,31): error TS7026: JSX element implicitly has type 'any' because no interface 'JSX.IntrinsicElements' exists.
main.tsx(6957,31): error TS7026: JSX element implicitly has type 'any' because no interface 'JSX.IntrinsicElements' exists.
main.tsx(6958,33): error TS7026: JSX element implicitly has type 'any' because no interface 'JSX.IntrinsicElements' exists.
main.tsx(6963,33): error TS7026: JSX element implicitly has type 'any' because no interface 'JSX.IntrinsicElements' exists.
main.tsx(6964,43): error TS7026: JSX element implicitly has type 'any' because no interface 'JSX.IntrinsicElements' exists.
main.tsx(6964,176): error TS7026: JSX element implicitly has type 'any' because no interface 'JSX.IntrinsicElements' exists.
main.tsx(6965,103): error TS7026: JSX element implicitly has type 'any' because no interface 'JSX.IntrinsicElements' exists.
main.tsx(6965,323): error TS7026: JSX element implicitly has type 'any' because no interface 'JSX.IntrinsicElements' exists.
main.tsx(6965,332): error TS7026: JSX element implicitly has type 'any' because no interface 'JSX.IntrinsicElements' exists.
main.tsx(6965,543): error TS7026: JSX element implicitly has type 'any' because no interface 'JSX.IntrinsicElements' exists.
main.tsx(6966,31): error TS7026: JSX element implicitly has type 'any' because no interface 'JSX.IntrinsicElements' exists.
main.tsx(6968,27): error TS7026: JSX element implicitly has type 'any' because no interface 'JSX.IntrinsicElements' exists.
main.tsx(6972,25): error TS7026: JSX element implicitly has type 'any' because no interface 'JSX.IntrinsicElements' exists.
main.tsx(6973,27): error TS7026: JSX element implicitly has type 'any' because no interface 'JSX.IntrinsicElements' exists.
main.tsx(6978,27): error TS7026: JSX element implicitly has type 'any' because no interface 'JSX.IntrinsicElements' exists.
main.tsx(6979,25): error TS7026: JSX element implicitly has type 'any' because no interface 'JSX.IntrinsicElements' exists.
main.tsx(6981,21): error TS7026: JSX element implicitly has type 'any' because no interface 'JSX.IntrinsicElements' exists.
main.tsx(6982,19): error TS7026: JSX element implicitly has type 'any' because no interface 'JSX.IntrinsicElements' exists.
main.tsx(6983,17): error TS7026: JSX element implicitly has type 'any' because no interface 'JSX.IntrinsicElements' exists.
main.tsx(6984,17): error TS7026: JSX element implicitly has type 'any' because no interface 'JSX.IntrinsicElements' exists.
main.tsx(6985,19): error TS7026: JSX element implicitly has type 'any' because no interface 'JSX.IntrinsicElements' exists.
main.tsx(6986,21): error TS7026: JSX element implicitly has type 'any' because no interface 'JSX.IntrinsicElements' exists.
main.tsx(6988,54): error TS7006: Parameter 'value' implicitly has an 'any' type.
main.tsx(6992,21): error TS7026: JSX element implicitly has type 'any' because no interface 'JSX.IntrinsicElements' exists.
main.tsx(6993,21): error TS7026: JSX element implicitly has type 'any' because no interface 'JSX.IntrinsicElements' exists.
main.tsx(6995,21): error TS7026: JSX element implicitly has type 'any' because no interface 'JSX.IntrinsicElements' exists.
main.tsx(6996,21): error TS7026: JSX element implicitly has type 'any' because no interface 'JSX.IntrinsicElements' exists.
main.tsx(7000,54): error TS7006: Parameter 'value' implicitly has an 'any' type.
main.tsx(7004,21): error TS7026: JSX element implicitly has type 'any' because no interface 'JSX.IntrinsicElements' exists.
main.tsx(7005,19): error TS7026: JSX element implicitly has type 'any' because no interface 'JSX.IntrinsicElements' exists.
main.tsx(7006,19): error TS7026: JSX element implicitly has type 'any' because no interface 'JSX.IntrinsicElements' exists.
main.tsx(7007,21): error TS7026: JSX element implicitly has type 'any' because no interface 'JSX.IntrinsicElements' exists.
main.tsx(7009,21): error TS7026: JSX element implicitly has type 'any' because no interface 'JSX.IntrinsicElements' exists.
main.tsx(7010,21): error TS7026: JSX element implicitly has type 'any' because no interface 'JSX.IntrinsicElements' exists.
main.tsx(7013,21): error TS7026: JSX element implicitly has type 'any' because no interface 'JSX.IntrinsicElements' exists.
main.tsx(7014,19): error TS7026: JSX element implicitly has type 'any' because no interface 'JSX.IntrinsicElements' exists.
main.tsx(7015,19): error TS7026: JSX element implicitly has type 'any' because no interface 'JSX.IntrinsicElements' exists.
main.tsx(7016,21): error TS7026: JSX element implicitly has type 'any' because no interface 'JSX.IntrinsicElements' exists.
main.tsx(7018,21): error TS7026: JSX element implicitly has type 'any' because no interface 'JSX.IntrinsicElements' exists.
main.tsx(7019,21): error TS7026: JSX element implicitly has type 'any' because no interface 'JSX.IntrinsicElements' exists.
main.tsx(7021,34): error TS7006: Parameter 'e' implicitly has an 'any' type.
main.tsx(7028,25): error TS7026: JSX element implicitly has type 'any' because no interface 'JSX.IntrinsicElements' exists.
main.tsx(7028,50): error TS7026: JSX element implicitly has type 'any' because no interface 'JSX.IntrinsicElements' exists.
main.tsx(7030,21): error TS7026: JSX element implicitly has type 'any' because no interface 'JSX.IntrinsicElements' exists.
main.tsx(7031,19): error TS7026: JSX element implicitly has type 'any' because no interface 'JSX.IntrinsicElements' exists.
main.tsx(7032,17): error TS7026: JSX element implicitly has type 'any' because no interface 'JSX.IntrinsicElements' exists.
main.tsx(7034,13): error TS7026: JSX element implicitly has type 'any' because no interface 'JSX.IntrinsicElements' exists.
main.tsx(7047,15): error TS7026: JSX element implicitly has type 'any' because no interface 'JSX.IntrinsicElements' exists.
main.tsx(7047,100): error TS7026: JSX element implicitly has type 'any' because no interface 'JSX.IntrinsicElements' exists.
main.tsx(7048,15): error TS7026: JSX element implicitly has type 'any' because no interface 'JSX.IntrinsicElements' exists.
main.tsx(7056,21): error TS7026: JSX element implicitly has type 'any' because no interface 'JSX.IntrinsicElements' exists.
main.tsx(7057,23): error TS7026: JSX element implicitly has type 'any' because no interface 'JSX.IntrinsicElements' exists.
main.tsx(7059,36): error TS7006: Parameter 'e' implicitly has an 'any' type.
main.tsx(7067,23): error TS7026: JSX element implicitly has type 'any' because no interface 'JSX.IntrinsicElements' exists.
main.tsx(7076,23): error TS7026: JSX element implicitly has type 'any' because no interface 'JSX.IntrinsicElements' exists.
main.tsx(7077,21): error TS7026: JSX element implicitly has type 'any' because no interface 'JSX.IntrinsicElements' exists.
main.tsx(7080,15): error TS7026: JSX element implicitly has type 'any' because no interface 'JSX.IntrinsicElements' exists.
main.tsx(7081,15): error TS7026: JSX element implicitly has type 'any' because no interface 'JSX.IntrinsicElements' exists.
main.tsx(7082,28): error TS7006: Parameter 'log' implicitly has an 'any' type.
main.tsx(7083,19): error TS7026: JSX element implicitly has type 'any' because no interface 'JSX.IntrinsicElements' exists.
main.tsx(7084,21): error TS7026: JSX element implicitly has type 'any' because no interface 'JSX.IntrinsicElements' exists.
main.tsx(7085,23): error TS7026: JSX element implicitly has type 'any' because no interface 'JSX.IntrinsicElements' exists.
main.tsx(7087,23): error TS7026: JSX element implicitly has type 'any' because no interface 'JSX.IntrinsicElements' exists.
main.tsx(7088,23): error TS7026: JSX element implicitly has type 'any' because no interface 'JSX.IntrinsicElements' exists.
main.tsx(7090,23): error TS7026: JSX element implicitly has type 'any' because no interface 'JSX.IntrinsicElements' exists.
main.tsx(7091,21): error TS7026: JSX element implicitly has type 'any' because no interface 'JSX.IntrinsicElements' exists.
main.tsx(7092,21): error TS7026: JSX element implicitly has type 'any' because no interface 'JSX.IntrinsicElements' exists.
main.tsx(7106,23): error TS7026: JSX element implicitly has type 'any' because no interface 'JSX.IntrinsicElements' exists.
main.tsx(7108,23): error TS7026: JSX element implicitly has type 'any' because no interface 'JSX.IntrinsicElements' exists.
main.tsx(7109,21): error TS7026: JSX element implicitly has type 'any' because no interface 'JSX.IntrinsicElements' exists.
main.tsx(7110,19): error TS7026: JSX element implicitly has type 'any' because no interface 'JSX.IntrinsicElements' exists.
main.tsx(7113,19): error TS7026: JSX element implicitly has type 'any' because no interface 'JSX.IntrinsicElements' exists.
main.tsx(7115,19): error TS7026: JSX element implicitly has type 'any' because no interface 'JSX.IntrinsicElements' exists.
main.tsx(7117,15): error TS7026: JSX element implicitly has type 'any' because no interface 'JSX.IntrinsicElements' exists.
main.tsx(7118,15): error TS7026: JSX element implicitly has type 'any' because no interface 'JSX.IntrinsicElements' exists.
main.tsx(7119,17): error TS7026: JSX element implicitly has type 'any' because no interface 'JSX.IntrinsicElements' exists.
main.tsx(7120,19): error TS7026: JSX element implicitly has type 'any' because no interface 'JSX.IntrinsicElements' exists.
main.tsx(7121,21): error TS7026: JSX element implicitly has type 'any' because no interface 'JSX.IntrinsicElements' exists.
main.tsx(7122,23): error TS7026: JSX element implicitly has type 'any' because no interface 'JSX.IntrinsicElements' exists.
main.tsx(7122,60): error TS7026: JSX element implicitly has type 'any' because no interface 'JSX.IntrinsicElements' exists.
main.tsx(7123,23): error TS7026: JSX element implicitly has type 'any' because no interface 'JSX.IntrinsicElements' exists.
main.tsx(7123,57): error TS7026: JSX element implicitly has type 'any' because no interface 'JSX.IntrinsicElements' exists.
main.tsx(7124,23): error TS7026: JSX element implicitly has type 'any' because no interface 'JSX.IntrinsicElements' exists.
main.tsx(7124,62): error TS7026: JSX element implicitly has type 'any' because no interface 'JSX.IntrinsicElements' exists.
main.tsx(7125,23): error TS7026: JSX element implicitly has type 'any' because no interface 'JSX.IntrinsicElements' exists.
main.tsx(7127,23): error TS7026: JSX element implicitly has type 'any' because no interface 'JSX.IntrinsicElements' exists.
main.tsx(7128,23): error TS7026: JSX element implicitly has type 'any' because no interface 'JSX.IntrinsicElements' exists.
main.tsx(7128,60): error TS7026: JSX element implicitly has type 'any' because no interface 'JSX.IntrinsicElements' exists.
main.tsx(7129,21): error TS7026: JSX element implicitly has type 'any' because no interface 'JSX.IntrinsicElements' exists.
main.tsx(7130,19): error TS7026: JSX element implicitly has type 'any' because no interface 'JSX.IntrinsicElements' exists.
main.tsx(7131,19): error TS7026: JSX element implicitly has type 'any' because no interface 'JSX.IntrinsicElements' exists.
main.tsx(7133,23): error TS7026: JSX element implicitly has type 'any' because no interface 'JSX.IntrinsicElements' exists.
main.tsx(7134,25): error TS7026: JSX element implicitly has type 'any' because no interface 'JSX.IntrinsicElements' exists.
main.tsx(7139,25): error TS7026: JSX element implicitly has type 'any' because no interface 'JSX.IntrinsicElements' exists.
main.tsx(7140,23): error TS7026: JSX element implicitly has type 'any' because no interface 'JSX.IntrinsicElements' exists.
main.tsx(7142,33): error TS7006: Parameter 'log' implicitly has an 'any' type.
main.tsx(7142,38): error TS7006: Parameter 'index' implicitly has an 'any' type.
main.tsx(7143,25): error TS7026: JSX element implicitly has type 'any' because no interface 'JSX.IntrinsicElements' exists.
main.tsx(7147,27): error TS7026: JSX element implicitly has type 'any' because no interface 'JSX.IntrinsicElements' exists.
main.tsx(7149,27): error TS7026: JSX element implicitly has type 'any' because no interface 'JSX.IntrinsicElements' exists.
main.tsx(7150,27): error TS7026: JSX element implicitly has type 'any' because no interface 'JSX.IntrinsicElements' exists.
main.tsx(7152,27): error TS7026: JSX element implicitly has type 'any' because no interface 'JSX.IntrinsicElements' exists.
main.tsx(7153,27): error TS7026: JSX element implicitly has type 'any' because no interface 'JSX.IntrinsicElements' exists.
main.tsx(7168,27): error TS7026: JSX element implicitly has type 'any' because no interface 'JSX.IntrinsicElements' exists.
main.tsx(7169,27): error TS7026: JSX element implicitly has type 'any' because no interface 'JSX.IntrinsicElements' exists.
main.tsx(7171,27): error TS7026: JSX element implicitly has type 'any' because no interface 'JSX.IntrinsicElements' exists.
main.tsx(7172,27): error TS7026: JSX element implicitly has type 'any' because no interface 'JSX.IntrinsicElements' exists.
main.tsx(7174,27): error TS7026: JSX element implicitly has type 'any' because no interface 'JSX.IntrinsicElements' exists.
main.tsx(7175,25): error TS7026: JSX element implicitly has type 'any' because no interface 'JSX.IntrinsicElements' exists.
main.tsx(7179,23): error TS7026: JSX element implicitly has type 'any' because no interface 'JSX.IntrinsicElements' exists.
main.tsx(7180,25): error TS7026: JSX element implicitly has type 'any' because no interface 'JSX.IntrinsicElements' exists.
main.tsx(7185,25): error TS7026: JSX element implicitly has type 'any' because no interface 'JSX.IntrinsicElements' exists.
main.tsx(7186,23): error TS7026: JSX element implicitly has type 'any' because no interface 'JSX.IntrinsicElements' exists.
main.tsx(7188,19): error TS7026: JSX element implicitly has type 'any' because no interface 'JSX.IntrinsicElements' exists.
main.tsx(7189,17): error TS7026: JSX element implicitly has type 'any' because no interface 'JSX.IntrinsicElements' exists.
main.tsx(7190,15): error TS7026: JSX element implicitly has type 'any' because no interface 'JSX.IntrinsicElements' exists.
main.tsx(7191,15): error TS7026: JSX element implicitly has type 'any' because no interface 'JSX.IntrinsicElements' exists.
main.tsx(7192,17): error TS7026: JSX element implicitly has type 'any' because no interface 'JSX.IntrinsicElements' exists.
main.tsx(7193,19): error TS7026: JSX element implicitly has type 'any' because no interface 'JSX.IntrinsicElements' exists.
main.tsx(7195,49): error TS7006: Parameter 'value' implicitly has an 'any' type.
main.tsx(7199,19): error TS7026: JSX element implicitly has type 'any' because no interface 'JSX.IntrinsicElements' exists.
main.tsx(7200,19): error TS7026: JSX element implicitly has type 'any' because no interface 'JSX.IntrinsicElements' exists.
main.tsx(7202,19): error TS7026: JSX element implicitly has type 'any' because no interface 'JSX.IntrinsicElements' exists.
main.tsx(7203,19): error TS7026: JSX element implicitly has type 'any' because no interface 'JSX.IntrinsicElements' exists.
main.tsx(7205,49): error TS7006: Parameter 'value' implicitly has an 'any' type.
main.tsx(7209,19): error TS7026: JSX element implicitly has type 'any' because no interface 'JSX.IntrinsicElements' exists.
main.tsx(7210,17): error TS7026: JSX element implicitly has type 'any' because no interface 'JSX.IntrinsicElements' exists.
main.tsx(7211,17): error TS7026: JSX element implicitly has type 'any' because no interface 'JSX.IntrinsicElements' exists.
main.tsx(7213,17): error TS7026: JSX element implicitly has type 'any' because no interface 'JSX.IntrinsicElements' exists.
main.tsx(7214,15): error TS7026: JSX element implicitly has type 'any' because no interface 'JSX.IntrinsicElements' exists.
main.tsx(7217,9): error TS7026: JSX element implicitly has type 'any' because no interface 'JSX.IntrinsicElements' exists.
main.tsx(7219,137): error TS7006: Parameter 'n' implicitly has an 'any' type.
main.tsx(7221,11): error TS7026: JSX element implicitly has type 'any' because no interface 'JSX.IntrinsicElements' exists.
main.tsx(7221,63): error TS7026: JSX element implicitly has type 'any' because no interface 'JSX.IntrinsicElements' exists.
main.tsx(7221,202): error TS7026: JSX element implicitly has type 'any' because no interface 'JSX.IntrinsicElements' exists.
main.tsx(7221,347): error TS7026: JSX element implicitly has type 'any' because no interface 'JSX.IntrinsicElements' exists.
main.tsx(7221,499): error TS7006: Parameter 'e' implicitly has an 'any' type.
main.tsx(7221,709): error TS7026: JSX element implicitly has type 'any' because no interface 'JSX.IntrinsicElements' exists.
main.tsx(7235,7): error TS7026: JSX element implicitly has type 'any' because no interface 'JSX.IntrinsicElements' exists.
main.tsx(7248,51): error TS7026: JSX element implicitly has type 'any' because no interface 'JSX.IntrinsicElements' exists.
main.tsx(7248,191): error TS7026: JSX element implicitly has type 'any' because no interface 'JSX.IntrinsicElements' exists.
main.tsx(7248,259): error TS7026: JSX element implicitly has type 'any' because no interface 'JSX.IntrinsicElements' exists.
main.tsx(7248,264): error TS7026: JSX element implicitly has type 'any' because no interface 'JSX.IntrinsicElements' exists.
main.tsx(7248,337): error TS7026: JSX element implicitly has type 'any' because no interface 'JSX.IntrinsicElements' exists.
main.tsx(7248,341): error TS7026: JSX element implicitly has type 'any' because no interface 'JSX.IntrinsicElements' exists.
main.tsx(7248,466): error TS7026: JSX element implicitly has type 'any' because no interface 'JSX.IntrinsicElements' exists.
main.tsx(7248,477): error TS7026: JSX element implicitly has type 'any' because no interface 'JSX.IntrinsicElements' exists.
src/production-api.ts(43,35): error TS7006: Parameter 'row' implicitly has an 'any' type.
src/production-api.ts(51,25): error TS7006: Parameter 'row' implicitly has an 'any' type.
src/supabase.ts(1,51): error TS2307: Cannot find module '@supabase/supabase-js' or its corresponding type declarations.
