$ npm run typecheck

> buymore-production@1.2.0 typecheck
> tsc --noEmit -p tsconfig.json && tsc --noEmit -p tsconfig.node.json

main.tsx(2,44): error TS2307: Cannot find module 'react' or its corresponding type declarations.
main.tsx(3,22): error TS2307: Cannot find module 'react-dom/client' or its corresponding type declarations.
main.tsx(4,28): error TS2307: Cannot find module 'react-dom' or its corresponding type declarations.
main.tsx(464,3): error TS7026: JSX element implicitly has type 'any' because no interface 'JSX.IntrinsicElements' exists.
main.tsx(464,123): error TS7026: JSX element implicitly has type 'any' because no interface 'JSX.IntrinsicElements' exists.
main.tsx(467,3): error TS7026: JSX element implicitly has type 'any' because no interface 'JSX.IntrinsicElements' exists.
main.tsx(468,131): error TS7026: JSX element implicitly has type 'any' because no interface 'JSX.IntrinsicElements' exists.
main.tsx(483,5): error TS7026: JSX element implicitly has type 'any' because no interface 'JSX.IntrinsicElements' exists.
main.tsx(484,7): error TS7026: JSX element implicitly has type 'any' because no interface 'JSX.IntrinsicElements' exists.
main.tsx(485,9): error TS7026: JSX element implicitly has type 'any' because no interface 'JSX.IntrinsicElements' exists.
main.tsx(487,9): error TS7026: JSX element implicitly has type 'any' because no interface 'JSX.IntrinsicElements' exists.
main.tsx(488,9): error TS7026: JSX element implicitly has type 'any' because no interface 'JSX.IntrinsicElements' exists.
main.tsx(490,9): error TS7026: JSX element implicitly has type 'any' because no interface 'JSX.IntrinsicElements' exists.
main.tsx(491,9): error TS7026: JSX element implicitly has type 'any' because no interface 'JSX.IntrinsicElements' exists.
main.tsx(493,9): error TS7026: JSX element implicitly has type 'any' because no interface 'JSX.IntrinsicElements' exists.
main.tsx(494,7): error TS7026: JSX element implicitly has type 'any' because no interface 'JSX.IntrinsicElements' exists.
main.tsx(495,7): error TS7026: JSX element implicitly has type 'any' because no interface 'JSX.IntrinsicElements' exists.
main.tsx(497,7): error TS7026: JSX element implicitly has type 'any' because no interface 'JSX.IntrinsicElements' exists.
main.tsx(498,5): error TS7026: JSX element implicitly has type 'any' because no interface 'JSX.IntrinsicElements' exists.
main.tsx(502,56): error TS7026: JSX element implicitly has type 'any' because no interface 'JSX.IntrinsicElements' exists.
main.tsx(502,108): error TS7026: JSX element implicitly has type 'any' because no interface 'JSX.IntrinsicElements' exists.
main.tsx(505,3): error TS7026: JSX element implicitly has type 'any' because no interface 'JSX.IntrinsicElements' exists.
main.tsx(507,3): error TS7026: JSX element implicitly has type 'any' because no interface 'JSX.IntrinsicElements' exists.
main.tsx(525,5): error TS7026: JSX element implicitly has type 'any' because no interface 'JSX.IntrinsicElements' exists.
main.tsx(532,11): error TS7026: JSX element implicitly has type 'any' because no interface 'JSX.IntrinsicElements' exists.
main.tsx(536,13): error TS7026: JSX element implicitly has type 'any' because no interface 'JSX.IntrinsicElements' exists.
main.tsx(537,15): error TS7026: JSX element implicitly has type 'any' because no interface 'JSX.IntrinsicElements' exists.
main.tsx(542,15): error TS7026: JSX element implicitly has type 'any' because no interface 'JSX.IntrinsicElements' exists.
main.tsx(543,15): error TS7026: JSX element implicitly has type 'any' because no interface 'JSX.IntrinsicElements' exists.
main.tsx(551,13): error TS7026: JSX element implicitly has type 'any' because no interface 'JSX.IntrinsicElements' exists.
main.tsx(552,13): error TS7026: JSX element implicitly has type 'any' because no interface 'JSX.IntrinsicElements' exists.
main.tsx(557,13): error TS7026: JSX element implicitly has type 'any' because no interface 'JSX.IntrinsicElements' exists.
main.tsx(558,11): error TS7026: JSX element implicitly has type 'any' because no interface 'JSX.IntrinsicElements' exists.
main.tsx(561,5): error TS7026: JSX element implicitly has type 'any' because no interface 'JSX.IntrinsicElements' exists.
main.tsx(575,5): error TS7026: JSX element implicitly has type 'any' because no interface 'JSX.IntrinsicElements' exists.
main.tsx(580,9): error TS7026: JSX element implicitly has type 'any' because no interface 'JSX.IntrinsicElements' exists.
main.tsx(581,11): error TS7026: JSX element implicitly has type 'any' because no interface 'JSX.IntrinsicElements' exists.
main.tsx(582,13): error TS7026: JSX element implicitly has type 'any' because no interface 'JSX.IntrinsicElements' exists.
main.tsx(587,13): error TS7026: JSX element implicitly has type 'any' because no interface 'JSX.IntrinsicElements' exists.
main.tsx(588,13): error TS7026: JSX element implicitly has type 'any' because no interface 'JSX.IntrinsicElements' exists.
main.tsx(590,13): error TS7026: JSX element implicitly has type 'any' because no interface 'JSX.IntrinsicElements' exists.
main.tsx(591,11): error TS7026: JSX element implicitly has type 'any' because no interface 'JSX.IntrinsicElements' exists.
main.tsx(592,11): error TS7026: JSX element implicitly has type 'any' because no interface 'JSX.IntrinsicElements' exists.
main.tsx(593,13): error TS7026: JSX element implicitly has type 'any' because no interface 'JSX.IntrinsicElements' exists.
main.tsx(600,11): error TS7026: JSX element implicitly has type 'any' because no interface 'JSX.IntrinsicElements' exists.
main.tsx(601,9): error TS7026: JSX element implicitly has type 'any' because no interface 'JSX.IntrinsicElements' exists.
main.tsx(603,5): error TS7026: JSX element implicitly has type 'any' because no interface 'JSX.IntrinsicElements' exists.
main.tsx(625,5): error TS7026: JSX element implicitly has type 'any' because no interface 'JSX.IntrinsicElements' exists.
main.tsx(629,7): error TS7026: JSX element implicitly has type 'any' because no interface 'JSX.IntrinsicElements' exists.
main.tsx(630,9): error TS7026: JSX element implicitly has type 'any' because no interface 'JSX.IntrinsicElements' exists.
main.tsx(636,11): error TS7026: JSX element implicitly has type 'any' because no interface 'JSX.IntrinsicElements' exists.
main.tsx(649,15): error TS7026: JSX element implicitly has type 'any' because no interface 'JSX.IntrinsicElements' exists.
main.tsx(661,17): error TS7026: JSX element implicitly has type 'any' because no interface 'JSX.IntrinsicElements' exists.
main.tsx(661,112): error TS7026: JSX element implicitly has type 'any' because no interface 'JSX.IntrinsicElements' exists.
main.tsx(662,15): error TS7026: JSX element implicitly has type 'any' because no interface 'JSX.IntrinsicElements' exists.
main.tsx(665,9): error TS7026: JSX element implicitly has type 'any' because no interface 'JSX.IntrinsicElements' exists.
main.tsx(666,9): error TS7026: JSX element implicitly has type 'any' because no interface 'JSX.IntrinsicElements' exists.
main.tsx(667,11): error TS7026: JSX element implicitly has type 'any' because no interface 'JSX.IntrinsicElements' exists.
main.tsx(669,11): error TS7026: JSX element implicitly has type 'any' because no interface 'JSX.IntrinsicElements' exists.
main.tsx(670,11): error TS7026: JSX element implicitly has type 'any' because no interface 'JSX.IntrinsicElements' exists.
main.tsx(672,11): error TS7026: JSX element implicitly has type 'any' because no interface 'JSX.IntrinsicElements' exists.
main.tsx(673,9): error TS7026: JSX element implicitly has type 'any' because no interface 'JSX.IntrinsicElements' exists.
main.tsx(674,7): error TS7026: JSX element implicitly has type 'any' because no interface 'JSX.IntrinsicElements' exists.
main.tsx(675,7): error TS7026: JSX element implicitly has type 'any' because no interface 'JSX.IntrinsicElements' exists.
main.tsx(677,11): error TS7026: JSX element implicitly has type 'any' because no interface 'JSX.IntrinsicElements' exists.
main.tsx(681,13): error TS7026: JSX element implicitly has type 'any' because no interface 'JSX.IntrinsicElements' exists.
main.tsx(682,15): error TS7026: JSX element implicitly has type 'any' because no interface 'JSX.IntrinsicElements' exists.
main.tsx(688,15): error TS7026: JSX element implicitly has type 'any' because no interface 'JSX.IntrinsicElements' exists.
main.tsx(693,15): error TS7026: JSX element implicitly has type 'any' because no interface 'JSX.IntrinsicElements' exists.
main.tsx(694,13): error TS7026: JSX element implicitly has type 'any' because no interface 'JSX.IntrinsicElements' exists.
main.tsx(695,13): error TS7026: JSX element implicitly has type 'any' because no interface 'JSX.IntrinsicElements' exists.
main.tsx(697,13): error TS7026: JSX element implicitly has type 'any' because no interface 'JSX.IntrinsicElements' exists.
main.tsx(698,11): error TS7026: JSX element implicitly has type 'any' because no interface 'JSX.IntrinsicElements' exists.
main.tsx(700,7): error TS7026: JSX element implicitly has type 'any' because no interface 'JSX.IntrinsicElements' exists.
main.tsx(701,5): error TS7026: JSX element implicitly has type 'any' because no interface 'JSX.IntrinsicElements' exists.
main.tsx(705,21): error TS7026: JSX element implicitly has type 'any' because no interface 'JSX.IntrinsicElements' exists.
main.tsx(705,21): error TS2875: This JSX tag requires the module path 'react/jsx-runtime' to exist, but none could be found. Make sure you have types for the appropriate package installed.
main.tsx(705,140): error TS7026: JSX element implicitly has type 'any' because no interface 'JSX.IntrinsicElements' exists.
main.tsx(706,23): error TS7026: JSX element implicitly has type 'any' because no interface 'JSX.IntrinsicElements' exists.
main.tsx(706,139): error TS7026: JSX element implicitly has type 'any' because no interface 'JSX.IntrinsicElements' exists.
main.tsx(707,20): error TS7026: JSX element implicitly has type 'any' because no interface 'JSX.IntrinsicElements' exists.
main.tsx(707,154): error TS7026: JSX element implicitly has type 'any' because no interface 'JSX.IntrinsicElements' exists.
main.tsx(711,10): error TS7026: JSX element implicitly has type 'any' because no interface 'JSX.IntrinsicElements' exists.
main.tsx(712,68): error TS7026: JSX element implicitly has type 'any' because no interface 'JSX.IntrinsicElements' exists.
main.tsx(712,179): error TS7006: Parameter 'e' implicitly has an 'any' type.
main.tsx(713,56): error TS7026: JSX element implicitly has type 'any' because no interface 'JSX.IntrinsicElements' exists.
main.tsx(713,165): error TS7006: Parameter 'e' implicitly has an 'any' type.
main.tsx(718,59): error TS7026: JSX element implicitly has type 'any' because no interface 'JSX.IntrinsicElements' exists.
main.tsx(718,131): error TS7006: Parameter 'e' implicitly has an 'any' type.
main.tsx(719,9): error TS7026: JSX element implicitly has type 'any' because no interface 'JSX.IntrinsicElements' exists.
main.tsx(719,44): error TS7026: JSX element implicitly has type 'any' because no interface 'JSX.IntrinsicElements' exists.
main.tsx(719,75): error TS7026: JSX element implicitly has type 'any' because no interface 'JSX.IntrinsicElements' exists.
main.tsx(719,160): error TS7026: JSX element implicitly has type 'any' because no interface 'JSX.IntrinsicElements' exists.
main.tsx(720,7): error TS7026: JSX element implicitly has type 'any' because no interface 'JSX.IntrinsicElements' exists.
main.tsx(722,3): error TS7026: JSX element implicitly has type 'any' because no interface 'JSX.IntrinsicElements' exists.
main.tsx(725,10): error TS7026: JSX element implicitly has type 'any' because no interface 'JSX.IntrinsicElements' exists.
main.tsx(726,5): error TS7026: JSX element implicitly has type 'any' because no interface 'JSX.IntrinsicElements' exists.
main.tsx(726,125): error TS7026: JSX element implicitly has type 'any' because no interface 'JSX.IntrinsicElements' exists.
main.tsx(727,5): error TS7026: JSX element implicitly has type 'any' because no interface 'JSX.IntrinsicElements' exists.
main.tsx(727,33): error TS7026: JSX element implicitly has type 'any' because no interface 'JSX.IntrinsicElements' exists.
main.tsx(727,184): error TS7026: JSX element implicitly has type 'any' because no interface 'JSX.IntrinsicElements' exists.
main.tsx(728,5): error TS7026: JSX element implicitly has type 'any' because no interface 'JSX.IntrinsicElements' exists.
main.tsx(728,168): error TS7026: JSX element implicitly has type 'any' because no interface 'JSX.IntrinsicElements' exists.
main.tsx(728,177): error TS7026: JSX element implicitly has type 'any' because no interface 'JSX.IntrinsicElements' exists.
main.tsx(729,3): error TS7026: JSX element implicitly has type 'any' because no interface 'JSX.IntrinsicElements' exists.
main.tsx(733,10): error TS7026: JSX element implicitly has type 'any' because no interface 'JSX.IntrinsicElements' exists.
main.tsx(733,41): error TS7026: JSX element implicitly has type 'any' because no interface 'JSX.IntrinsicElements' exists.
main.tsx(733,148): error TS7026: JSX element implicitly has type 'any' because no interface 'JSX.IntrinsicElements' exists.
main.tsx(734,5): error TS7026: JSX element implicitly has type 'any' because no interface 'JSX.IntrinsicElements' exists.
main.tsx(734,92): error TS7026: JSX element implicitly has type 'any' because no interface 'JSX.IntrinsicElements' exists.
main.tsx(734,215): error TS7026: JSX element implicitly has type 'any' because no interface 'JSX.IntrinsicElements' exists.
main.tsx(735,3): error TS7026: JSX element implicitly has type 'any' because no interface 'JSX.IntrinsicElements' exists.
main.tsx(740,48): error TS7026: JSX element implicitly has type 'any' because no interface 'JSX.IntrinsicElements' exists.
main.tsx(740,176): error TS7006: Parameter 'e' implicitly has an 'any' type.
main.tsx(745,59): error TS7026: JSX element implicitly has type 'any' because no interface 'JSX.IntrinsicElements' exists.
main.tsx(745,152): error TS7006: Parameter 'e' implicitly has an 'any' type.
main.tsx(746,9): error TS7026: JSX element implicitly has type 'any' because no interface 'JSX.IntrinsicElements' exists.
main.tsx(746,52): error TS7026: JSX element implicitly has type 'any' because no interface 'JSX.IntrinsicElements' exists.
main.tsx(747,71): error TS7026: JSX element implicitly has type 'any' because no interface 'JSX.IntrinsicElements' exists.
main.tsx(747,160): error TS7026: JSX element implicitly has type 'any' because no interface 'JSX.IntrinsicElements' exists.
main.tsx(748,31): error TS7026: JSX element implicitly has type 'any' because no interface 'JSX.IntrinsicElements' exists.
main.tsx(748,86): error TS7026: JSX element implicitly has type 'any' because no interface 'JSX.IntrinsicElements' exists.
main.tsx(749,7): error TS7026: JSX element implicitly has type 'any' because no interface 'JSX.IntrinsicElements' exists.
main.tsx(751,64): error TS7026: JSX element implicitly has type 'any' because no interface 'JSX.IntrinsicElements' exists.
main.tsx(751,252): error TS7006: Parameter 'e' implicitly has an 'any' type.
main.tsx(752,74): error TS7026: JSX element implicitly has type 'any' because no interface 'JSX.IntrinsicElements' exists.
main.tsx(752,179): error TS7006: Parameter 'e' implicitly has an 'any' type.
main.tsx(760,5): error TS7026: JSX element implicitly has type 'any' because no interface 'JSX.IntrinsicElements' exists.
main.tsx(760,49): error TS7026: JSX element implicitly has type 'any' because no interface 'JSX.IntrinsicElements' exists.
main.tsx(760,209): error TS7026: JSX element implicitly has type 'any' because no interface 'JSX.IntrinsicElements' exists.
main.tsx(761,5): error TS7026: JSX element implicitly has type 'any' because no interface 'JSX.IntrinsicElements' exists.
main.tsx(761,179): error TS7026: JSX element implicitly has type 'any' because no interface 'JSX.IntrinsicElements' exists.
main.tsx(762,69): error TS7026: JSX element implicitly has type 'any' because no interface 'JSX.IntrinsicElements' exists.
main.tsx(762,158): error TS7006: Parameter 'e' implicitly has an 'any' type.
main.tsx(763,143): error TS7026: JSX element implicitly has type 'any' because no interface 'JSX.IntrinsicElements' exists.
main.tsx(779,10): error TS7026: JSX element implicitly has type 'any' because no interface 'JSX.IntrinsicElements' exists.
main.tsx(780,319): error TS7026: JSX element implicitly has type 'any' because no interface 'JSX.IntrinsicElements' exists.
main.tsx(780,347): error TS7026: JSX element implicitly has type 'any' because no interface 'JSX.IntrinsicElements' exists.
main.tsx(780,446): error TS7006: Parameter 'n' implicitly has an 'any' type.
main.tsx(780,480): error TS7026: JSX element implicitly has type 'any' because no interface 'JSX.IntrinsicElements' exists.
main.tsx(780,489): error TS7026: JSX element implicitly has type 'any' because no interface 'JSX.IntrinsicElements' exists.
main.tsx(780,616): error TS7026: JSX element implicitly has type 'any' because no interface 'JSX.IntrinsicElements' exists.
main.tsx(780,625): error TS7026: JSX element implicitly has type 'any' because no interface 'JSX.IntrinsicElements' exists.
main.tsx(781,28): error TS7026: JSX element implicitly has type 'any' because no interface 'JSX.IntrinsicElements' exists.
main.tsx(781,207): error TS7026: JSX element implicitly has type 'any' because no interface 'JSX.IntrinsicElements' exists.
main.tsx(781,337): error TS7026: JSX element implicitly has type 'any' because no interface 'JSX.IntrinsicElements' exists.
main.tsx(781,348): error TS7026: JSX element implicitly has type 'any' because no interface 'JSX.IntrinsicElements' exists.
main.tsx(783,28): error TS7026: JSX element implicitly has type 'any' because no interface 'JSX.IntrinsicElements' exists.
main.tsx(783,151): error TS7026: JSX element implicitly has type 'any' because no interface 'JSX.IntrinsicElements' exists.
main.tsx(784,5): error TS7026: JSX element implicitly has type 'any' because no interface 'JSX.IntrinsicElements' exists.
main.tsx(784,77): error TS7026: JSX element implicitly has type 'any' because no interface 'JSX.IntrinsicElements' exists.
main.tsx(786,7): error TS7026: JSX element implicitly has type 'any' because no interface 'JSX.IntrinsicElements' exists.
main.tsx(795,7): error TS7026: JSX element implicitly has type 'any' because no interface 'JSX.IntrinsicElements' exists.
main.tsx(796,7): error TS7026: JSX element implicitly has type 'any' because no interface 'JSX.IntrinsicElements' exists.
main.tsx(802,192): error TS7026: JSX element implicitly has type 'any' because no interface 'JSX.IntrinsicElements' exists.
main.tsx(802,376): error TS7026: JSX element implicitly has type 'any' because no interface 'JSX.IntrinsicElements' exists.
main.tsx(803,7): error TS7026: JSX element implicitly has type 'any' because no interface 'JSX.IntrinsicElements' exists.
main.tsx(805,9): error TS7026: JSX element implicitly has type 'any' because no interface 'JSX.IntrinsicElements' exists.
main.tsx(805,100): error TS7026: JSX element implicitly has type 'any' because no interface 'JSX.IntrinsicElements' exists.
main.tsx(805,107): error TS7026: JSX element implicitly has type 'any' because no interface 'JSX.IntrinsicElements' exists.
main.tsx(805,241): error TS7026: JSX element implicitly has type 'any' because no interface 'JSX.IntrinsicElements' exists.
main.tsx(805,272): error TS7026: JSX element implicitly has type 'any' because no interface 'JSX.IntrinsicElements' exists.
main.tsx(805,279): error TS7026: JSX element implicitly has type 'any' because no interface 'JSX.IntrinsicElements' exists.
main.tsx(805,284): error TS7026: JSX element implicitly has type 'any' because no interface 'JSX.IntrinsicElements' exists.
main.tsx(806,9): error TS7026: JSX element implicitly has type 'any' because no interface 'JSX.IntrinsicElements' exists.
main.tsx(806,86): error TS7026: JSX element implicitly has type 'any' because no interface 'JSX.IntrinsicElements' exists.
main.tsx(806,103): error TS7026: JSX element implicitly has type 'any' because no interface 'JSX.IntrinsicElements' exists.
main.tsx(806,140): error TS7026: JSX element implicitly has type 'any' because no interface 'JSX.IntrinsicElements' exists.
main.tsx(806,145): error TS7026: JSX element implicitly has type 'any' because no interface 'JSX.IntrinsicElements' exists.
main.tsx(806,188): error TS7026: JSX element implicitly has type 'any' because no interface 'JSX.IntrinsicElements' exists.
main.tsx(806,193): error TS7026: JSX element implicitly has type 'any' because no interface 'JSX.IntrinsicElements' exists.
main.tsx(806,256): error TS7026: JSX element implicitly has type 'any' because no interface 'JSX.IntrinsicElements' exists.
main.tsx(806,261): error TS7026: JSX element implicitly has type 'any' because no interface 'JSX.IntrinsicElements' exists.
main.tsx(806,313): error TS7026: JSX element implicitly has type 'any' because no interface 'JSX.IntrinsicElements' exists.
main.tsx(806,318): error TS7026: JSX element implicitly has type 'any' because no interface 'JSX.IntrinsicElements' exists.
main.tsx(806,373): error TS7026: JSX element implicitly has type 'any' because no interface 'JSX.IntrinsicElements' exists.
main.tsx(806,378): error TS7026: JSX element implicitly has type 'any' because no interface 'JSX.IntrinsicElements' exists.
main.tsx(806,450): error TS7026: JSX element implicitly has type 'any' because no interface 'JSX.IntrinsicElements' exists.
main.tsx(806,455): error TS7026: JSX element implicitly has type 'any' because no interface 'JSX.IntrinsicElements' exists.
main.tsx(806,595): error TS7026: JSX element implicitly has type 'any' because no interface 'JSX.IntrinsicElements' exists.
main.tsx(806,600): error TS7026: JSX element implicitly has type 'any' because no interface 'JSX.IntrinsicElements' exists.
main.tsx(806,607): error TS7026: JSX element implicitly has type 'any' because no interface 'JSX.IntrinsicElements' exists.
main.tsx(806,633): error TS7026: JSX element implicitly has type 'any' because no interface 'JSX.IntrinsicElements' exists.
main.tsx(807,35): error TS7026: JSX element implicitly has type 'any' because no interface 'JSX.IntrinsicElements' exists.
main.tsx(807,144): error TS7026: JSX element implicitly has type 'any' because no interface 'JSX.IntrinsicElements' exists.
main.tsx(810,3): error TS7026: JSX element implicitly has type 'any' because no interface 'JSX.IntrinsicElements' exists.
main.tsx(928,3): error TS7026: JSX element implicitly has type 'any' because no interface 'JSX.IntrinsicElements' exists.
main.tsx(928,43): error TS7026: JSX element implicitly has type 'any' because no interface 'JSX.IntrinsicElements' exists.
main.tsx(928,90): error TS7026: JSX element implicitly has type 'any' because no interface 'JSX.IntrinsicElements' exists.
main.tsx(928,104): error TS7026: JSX element implicitly has type 'any' because no interface 'JSX.IntrinsicElements' exists.
main.tsx(928,153): error TS7026: JSX element implicitly has type 'any' because no interface 'JSX.IntrinsicElements' exists.
main.tsx(928,160): error TS7026: JSX element implicitly has type 'any' because no interface 'JSX.IntrinsicElements' exists.
main.tsx(941,5): error TS7026: JSX element implicitly has type 'any' because no interface 'JSX.IntrinsicElements' exists.
main.tsx(945,5): error TS7026: JSX element implicitly has type 'any' because no interface 'JSX.IntrinsicElements' exists.
main.tsx(949,38): error TS7026: JSX element implicitly has type 'any' because no interface 'JSX.IntrinsicElements' exists.
main.tsx(949,75): error TS7026: JSX element implicitly has type 'any' because no interface 'JSX.IntrinsicElements' exists.
main.tsx(949,79): error TS7026: JSX element implicitly has type 'any' because no interface 'JSX.IntrinsicElements' exists.
main.tsx(949,143): error TS7026: JSX element implicitly has type 'any' because no interface 'JSX.IntrinsicElements' exists.
main.tsx(953,85): error TS7006: Parameter 'child' implicitly has an 'any' type.
main.tsx(959,10): error TS7026: JSX element implicitly has type 'any' because no interface 'JSX.IntrinsicElements' exists.
main.tsx(959,56): error TS7026: JSX element implicitly has type 'any' because no interface 'JSX.IntrinsicElements' exists.
main.tsx(959,109): error TS7026: JSX element implicitly has type 'any' because no interface 'JSX.IntrinsicElements' exists.
main.tsx(959,126): error TS7026: JSX element implicitly has type 'any' because no interface 'JSX.IntrinsicElements' exists.
main.tsx(981,5): error TS7026: JSX element implicitly has type 'any' because no interface 'JSX.IntrinsicElements' exists.
main.tsx(983,9): error TS7026: JSX element implicitly has type 'any' because no interface 'JSX.IntrinsicElements' exists.
main.tsx(987,11): error TS7026: JSX element implicitly has type 'any' because no interface 'JSX.IntrinsicElements' exists.
main.tsx(989,11): error TS7026: JSX element implicitly has type 'any' because no interface 'JSX.IntrinsicElements' exists.
main.tsx(990,11): error TS7026: JSX element implicitly has type 'any' because no interface 'JSX.IntrinsicElements' exists.
main.tsx(992,11): error TS7026: JSX element implicitly has type 'any' because no interface 'JSX.IntrinsicElements' exists.
main.tsx(993,9): error TS7026: JSX element implicitly has type 'any' because no interface 'JSX.IntrinsicElements' exists.
main.tsx(996,9): error TS7026: JSX element implicitly has type 'any' because no interface 'JSX.IntrinsicElements' exists.
main.tsx(998,9): error TS7026: JSX element implicitly has type 'any' because no interface 'JSX.IntrinsicElements' exists.
main.tsx(1000,5): error TS7026: JSX element implicitly has type 'any' because no interface 'JSX.IntrinsicElements' exists.
main.tsx(1017,23): error TS7026: JSX element implicitly has type 'any' because no interface 'JSX.IntrinsicElements' exists.
main.tsx(1017,140): error TS7006: Parameter 'e' implicitly has an 'any' type.
main.tsx(1017,194): error TS7006: Parameter 'e' implicitly has an 'any' type.
main.tsx(1018,5): error TS7026: JSX element implicitly has type 'any' because no interface 'JSX.IntrinsicElements' exists.
main.tsx(1018,43): error TS7026: JSX element implicitly has type 'any' because no interface 'JSX.IntrinsicElements' exists.
main.tsx(1018,103): error TS7026: JSX element implicitly has type 'any' because no interface 'JSX.IntrinsicElements' exists.
main.tsx(1018,108): error TS7026: JSX element implicitly has type 'any' because no interface 'JSX.IntrinsicElements' exists.
main.tsx(1018,213): error TS7026: JSX element implicitly has type 'any' because no interface 'JSX.IntrinsicElements' exists.
main.tsx(1018,222): error TS7026: JSX element implicitly has type 'any' because no interface 'JSX.IntrinsicElements' exists.
main.tsx(1019,5): error TS7026: JSX element implicitly has type 'any' because no interface 'JSX.IntrinsicElements' exists.
main.tsx(1019,54): error TS7026: JSX element implicitly has type 'any' because no interface 'JSX.IntrinsicElements' exists.
main.tsx(1020,3): error TS7026: JSX element implicitly has type 'any' because no interface 'JSX.IntrinsicElements' exists.
main.tsx(1031,10): error TS2339: Property 'state' does not exist on type 'AppErrorBoundary'.
main.tsx(1049,14): error TS2339: Property 'state' does not exist on type 'AppErrorBoundary'.
main.tsx(1051,9): error TS7026: JSX element implicitly has type 'any' because no interface 'JSX.IntrinsicElements' exists.
main.tsx(1053,13): error TS7026: JSX element implicitly has type 'any' because no interface 'JSX.IntrinsicElements' exists.
main.tsx(1055,13): error TS7026: JSX element implicitly has type 'any' because no interface 'JSX.IntrinsicElements' exists.
main.tsx(1056,13): error TS7026: JSX element implicitly has type 'any' because no interface 'JSX.IntrinsicElements' exists.
main.tsx(1057,21): error TS2339: Property 'state' does not exist on type 'AppErrorBoundary'.
main.tsx(1058,13): error TS7026: JSX element implicitly has type 'any' because no interface 'JSX.IntrinsicElements' exists.
main.tsx(1059,13): error TS7026: JSX element implicitly has type 'any' because no interface 'JSX.IntrinsicElements' exists.
main.tsx(1061,22): error TS2339: Property 'setState' does not exist on type 'AppErrorBoundary'.
main.tsx(1070,13): error TS7026: JSX element implicitly has type 'any' because no interface 'JSX.IntrinsicElements' exists.
main.tsx(1072,9): error TS7026: JSX element implicitly has type 'any' because no interface 'JSX.IntrinsicElements' exists.
main.tsx(1075,17): error TS2339: Property 'props' does not exist on type 'AppErrorBoundary'.
main.tsx(1117,25): error TS7006: Parameter 'nextStatus' implicitly has an 'any' type.
main.tsx(1132,5): error TS7026: JSX element implicitly has type 'any' because no interface 'JSX.IntrinsicElements' exists.
main.tsx(1136,7): error TS7026: JSX element implicitly has type 'any' because no interface 'JSX.IntrinsicElements' exists.
main.tsx(1141,5): error TS7026: JSX element implicitly has type 'any' because no interface 'JSX.IntrinsicElements' exists.
main.tsx(1193,5): error TS7026: JSX element implicitly has type 'any' because no interface 'JSX.IntrinsicElements' exists.
main.tsx(1194,7): error TS7026: JSX element implicitly has type 'any' because no interface 'JSX.IntrinsicElements' exists.
main.tsx(1196,20): error TS7006: Parameter 'event' implicitly has an 'any' type.
main.tsx(1199,38): error TS7006: Parameter 'item' implicitly has an 'any' type.
main.tsx(1204,9): error TS7026: JSX element implicitly has type 'any' because no interface 'JSX.IntrinsicElements' exists.
main.tsx(1204,60): error TS7026: JSX element implicitly has type 'any' because no interface 'JSX.IntrinsicElements' exists.
main.tsx(1205,21): error TS7006: Parameter 'item' implicitly has an 'any' type.
main.tsx(1206,11): error TS7026: JSX element implicitly has type 'any' because no interface 'JSX.IntrinsicElements' exists.
main.tsx(1208,11): error TS7026: JSX element implicitly has type 'any' because no interface 'JSX.IntrinsicElements' exists.
main.tsx(1210,7): error TS7026: JSX element implicitly has type 'any' because no interface 'JSX.IntrinsicElements' exists.
main.tsx(1211,7): error TS7026: JSX element implicitly has type 'any' because no interface 'JSX.IntrinsicElements' exists.
main.tsx(1213,7): error TS7026: JSX element implicitly has type 'any' because no interface 'JSX.IntrinsicElements' exists.
main.tsx(1214,7): error TS7026: JSX element implicitly has type 'any' because no interface 'JSX.IntrinsicElements' exists.
main.tsx(1216,7): error TS7026: JSX element implicitly has type 'any' because no interface 'JSX.IntrinsicElements' exists.
main.tsx(1217,5): error TS7026: JSX element implicitly has type 'any' because no interface 'JSX.IntrinsicElements' exists.
main.tsx(1321,5): error TS7026: JSX element implicitly has type 'any' because no interface 'JSX.IntrinsicElements' exists.
main.tsx(1328,7): error TS7026: JSX element implicitly has type 'any' because no interface 'JSX.IntrinsicElements' exists.
main.tsx(1329,9): error TS7026: JSX element implicitly has type 'any' because no interface 'JSX.IntrinsicElements' exists.
main.tsx(1331,13): error TS7026: JSX element implicitly has type 'any' because no interface 'JSX.IntrinsicElements' exists.
main.tsx(1333,13): error TS7026: JSX element implicitly has type 'any' because no interface 'JSX.IntrinsicElements' exists.
main.tsx(1335,11): error TS7026: JSX element implicitly has type 'any' because no interface 'JSX.IntrinsicElements' exists.
main.tsx(1340,11): error TS7026: JSX element implicitly has type 'any' because no interface 'JSX.IntrinsicElements' exists.
main.tsx(1341,9): error TS7026: JSX element implicitly has type 'any' because no interface 'JSX.IntrinsicElements' exists.
main.tsx(1343,11): error TS7026: JSX element implicitly has type 'any' because no interface 'JSX.IntrinsicElements' exists.
main.tsx(1349,13): error TS7026: JSX element implicitly has type 'any' because no interface 'JSX.IntrinsicElements' exists.
main.tsx(1355,11): error TS7026: JSX element implicitly has type 'any' because no interface 'JSX.IntrinsicElements' exists.
main.tsx(1359,7): error TS7026: JSX element implicitly has type 'any' because no interface 'JSX.IntrinsicElements' exists.
main.tsx(1360,7): error TS7026: JSX element implicitly has type 'any' because no interface 'JSX.IntrinsicElements' exists.
main.tsx(1361,21): error TS7006: Parameter 'item' implicitly has an 'any' type.
main.tsx(1362,11): error TS7026: JSX element implicitly has type 'any' because no interface 'JSX.IntrinsicElements' exists.
main.tsx(1366,13): error TS7026: JSX element implicitly has type 'any' because no interface 'JSX.IntrinsicElements' exists.
main.tsx(1370,15): error TS7026: JSX element implicitly has type 'any' because no interface 'JSX.IntrinsicElements' exists.
main.tsx(1372,15): error TS7026: JSX element implicitly has type 'any' because no interface 'JSX.IntrinsicElements' exists.
main.tsx(1373,15): error TS7026: JSX element implicitly has type 'any' because no interface 'JSX.IntrinsicElements' exists.
main.tsx(1377,15): error TS7026: JSX element implicitly has type 'any' because no interface 'JSX.IntrinsicElements' exists.
main.tsx(1378,13): error TS7026: JSX element implicitly has type 'any' because no interface 'JSX.IntrinsicElements' exists.
main.tsx(1380,15): error TS7026: JSX element implicitly has type 'any' because no interface 'JSX.IntrinsicElements' exists.
main.tsx(1385,15): error TS7026: JSX element implicitly has type 'any' because no interface 'JSX.IntrinsicElements' exists.
main.tsx(1387,11): error TS7026: JSX element implicitly has type 'any' because no interface 'JSX.IntrinsicElements' exists.
main.tsx(1390,11): error TS7026: JSX element implicitly has type 'any' because no interface 'JSX.IntrinsicElements' exists.
main.tsx(1392,11): error TS7026: JSX element implicitly has type 'any' because no interface 'JSX.IntrinsicElements' exists.
main.tsx(1394,7): error TS7026: JSX element implicitly has type 'any' because no interface 'JSX.IntrinsicElements' exists.
main.tsx(1395,5): error TS7026: JSX element implicitly has type 'any' because no interface 'JSX.IntrinsicElements' exists.
main.tsx(1545,5): error TS7026: JSX element implicitly has type 'any' because no interface 'JSX.IntrinsicElements' exists.
main.tsx(1547,9): error TS7026: JSX element implicitly has type 'any' because no interface 'JSX.IntrinsicElements' exists.
main.tsx(1549,9): error TS7026: JSX element implicitly has type 'any' because no interface 'JSX.IntrinsicElements' exists.
main.tsx(1551,7): error TS7026: JSX element implicitly has type 'any' because no interface 'JSX.IntrinsicElements' exists.
main.tsx(1558,9): error TS7026: JSX element implicitly has type 'any' because no interface 'JSX.IntrinsicElements' exists.
main.tsx(1559,29): error TS7006: Parameter 'bar' implicitly has an 'any' type.
main.tsx(1559,34): error TS7006: Parameter 'index' implicitly has an 'any' type.
main.tsx(1560,11): error TS7026: JSX element implicitly has type 'any' because no interface 'JSX.IntrinsicElements' exists.
main.tsx(1569,9): error TS7026: JSX element implicitly has type 'any' because no interface 'JSX.IntrinsicElements' exists.
main.tsx(1578,9): error TS7026: JSX element implicitly has type 'any' because no interface 'JSX.IntrinsicElements' exists.
main.tsx(1579,7): error TS7026: JSX element implicitly has type 'any' because no interface 'JSX.IntrinsicElements' exists.
main.tsx(1580,5): error TS7026: JSX element implicitly has type 'any' because no interface 'JSX.IntrinsicElements' exists.
main.tsx(1690,47): error TS7006: Parameter 'track' implicitly has an 'any' type.
main.tsx(1701,7): error TS7026: JSX element implicitly has type 'any' because no interface 'JSX.IntrinsicElements' exists.
main.tsx(1702,9): error TS7026: JSX element implicitly has type 'any' because no interface 'JSX.IntrinsicElements' exists.
main.tsx(1703,11): error TS7026: JSX element implicitly has type 'any' because no interface 'JSX.IntrinsicElements' exists.
main.tsx(1709,9): error TS7026: JSX element implicitly has type 'any' because no interface 'JSX.IntrinsicElements' exists.
main.tsx(1711,11): error TS7026: JSX element implicitly has type 'any' because no interface 'JSX.IntrinsicElements' exists.
main.tsx(1713,11): error TS7026: JSX element implicitly has type 'any' because no interface 'JSX.IntrinsicElements' exists.
main.tsx(1715,9): error TS7026: JSX element implicitly has type 'any' because no interface 'JSX.IntrinsicElements' exists.
main.tsx(1716,11): error TS7026: JSX element implicitly has type 'any' because no interface 'JSX.IntrinsicElements' exists.
main.tsx(1718,24): error TS7006: Parameter 'event' implicitly has an 'any' type.
main.tsx(1725,11): error TS7026: JSX element implicitly has type 'any' because no interface 'JSX.IntrinsicElements' exists.
main.tsx(1735,11): error TS7026: JSX element implicitly has type 'any' because no interface 'JSX.IntrinsicElements' exists.
main.tsx(1736,9): error TS7026: JSX element implicitly has type 'any' because no interface 'JSX.IntrinsicElements' exists.
main.tsx(1737,7): error TS7026: JSX element implicitly has type 'any' because no interface 'JSX.IntrinsicElements' exists.
main.tsx(1813,7): error TS7026: JSX element implicitly has type 'any' because no interface 'JSX.IntrinsicElements' exists.
main.tsx(1814,23): error TS7006: Parameter 'factor' implicitly has an 'any' type.
main.tsx(1815,11): error TS7026: JSX element implicitly has type 'any' because no interface 'JSX.IntrinsicElements' exists.
main.tsx(1819,13): error TS7026: JSX element implicitly has type 'any' because no interface 'JSX.IntrinsicElements' exists.
main.tsx(1820,15): error TS7026: JSX element implicitly has type 'any' because no interface 'JSX.IntrinsicElements' exists.
main.tsx(1822,15): error TS7026: JSX element implicitly has type 'any' because no interface 'JSX.IntrinsicElements' exists.
main.tsx(1823,15): error TS7026: JSX element implicitly has type 'any' because no interface 'JSX.IntrinsicElements' exists.
main.tsx(1826,15): error TS7026: JSX element implicitly has type 'any' because no interface 'JSX.IntrinsicElements' exists.
main.tsx(1827,13): error TS7026: JSX element implicitly has type 'any' because no interface 'JSX.IntrinsicElements' exists.
main.tsx(1828,13): error TS7026: JSX element implicitly has type 'any' because no interface 'JSX.IntrinsicElements' exists.
main.tsx(1833,13): error TS7026: JSX element implicitly has type 'any' because no interface 'JSX.IntrinsicElements' exists.
main.tsx(1834,11): error TS7026: JSX element implicitly has type 'any' because no interface 'JSX.IntrinsicElements' exists.
main.tsx(1837,11): error TS7026: JSX element implicitly has type 'any' because no interface 'JSX.IntrinsicElements' exists.
main.tsx(1842,11): error TS7026: JSX element implicitly has type 'any' because no interface 'JSX.IntrinsicElements' exists.
main.tsx(1845,11): error TS7026: JSX element implicitly has type 'any' because no interface 'JSX.IntrinsicElements' exists.
main.tsx(1847,11): error TS7026: JSX element implicitly has type 'any' because no interface 'JSX.IntrinsicElements' exists.
main.tsx(1849,11): error TS7026: JSX element implicitly has type 'any' because no interface 'JSX.IntrinsicElements' exists.
main.tsx(1850,13): error TS7026: JSX element implicitly has type 'any' because no interface 'JSX.IntrinsicElements' exists.
main.tsx(1855,13): error TS7026: JSX element implicitly has type 'any' because no interface 'JSX.IntrinsicElements' exists.
main.tsx(1857,15): error TS7026: JSX element implicitly has type 'any' because no interface 'JSX.IntrinsicElements' exists.
main.tsx(1863,13): error TS7026: JSX element implicitly has type 'any' because no interface 'JSX.IntrinsicElements' exists.
main.tsx(1865,13): error TS7026: JSX element implicitly has type 'any' because no interface 'JSX.IntrinsicElements' exists.
main.tsx(1866,13): error TS7026: JSX element implicitly has type 'any' because no interface 'JSX.IntrinsicElements' exists.
main.tsx(1867,15): error TS7026: JSX element implicitly has type 'any' because no interface 'JSX.IntrinsicElements' exists.
main.tsx(1869,28): error TS7006: Parameter 'event' implicitly has an 'any' type.
main.tsx(1875,15): error TS7026: JSX element implicitly has type 'any' because no interface 'JSX.IntrinsicElements' exists.
main.tsx(1881,15): error TS7026: JSX element implicitly has type 'any' because no interface 'JSX.IntrinsicElements' exists.
main.tsx(1882,13): error TS7026: JSX element implicitly has type 'any' because no interface 'JSX.IntrinsicElements' exists.
main.tsx(1883,11): error TS7026: JSX element implicitly has type 'any' because no interface 'JSX.IntrinsicElements' exists.
main.tsx(1885,7): error TS7026: JSX element implicitly has type 'any' because no interface 'JSX.IntrinsicElements' exists.
main.tsx(1902,16): error TS7031: Binding element 'data' implicitly has an 'any' type.
main.tsx(1915,9): error TS7026: JSX element implicitly has type 'any' because no interface 'JSX.IntrinsicElements' exists.
main.tsx(1916,11): error TS7026: JSX element implicitly has type 'any' because no interface 'JSX.IntrinsicElements' exists.
main.tsx(1933,15): error TS7026: JSX element implicitly has type 'any' because no interface 'JSX.IntrinsicElements' exists.
main.tsx(1937,17): error TS7026: JSX element implicitly has type 'any' because no interface 'JSX.IntrinsicElements' exists.
main.tsx(1939,17): error TS7026: JSX element implicitly has type 'any' because no interface 'JSX.IntrinsicElements' exists.
main.tsx(1940,17): error TS7026: JSX element implicitly has type 'any' because no interface 'JSX.IntrinsicElements' exists.
main.tsx(1942,17): error TS7026: JSX element implicitly has type 'any' because no interface 'JSX.IntrinsicElements' exists.
main.tsx(1943,15): error TS7026: JSX element implicitly has type 'any' because no interface 'JSX.IntrinsicElements' exists.
main.tsx(1945,11): error TS7026: JSX element implicitly has type 'any' because no interface 'JSX.IntrinsicElements' exists.
main.tsx(1946,11): error TS7026: JSX element implicitly has type 'any' because no interface 'JSX.IntrinsicElements' exists.
main.tsx(1947,13): error TS7026: JSX element implicitly has type 'any' because no interface 'JSX.IntrinsicElements' exists.
main.tsx(1949,13): error TS7026: JSX element implicitly has type 'any' because no interface 'JSX.IntrinsicElements' exists.
main.tsx(1950,13): error TS7026: JSX element implicitly has type 'any' because no interface 'JSX.IntrinsicElements' exists.
main.tsx(1952,13): error TS7026: JSX element implicitly has type 'any' because no interface 'JSX.IntrinsicElements' exists.
main.tsx(1953,11): error TS7026: JSX element implicitly has type 'any' because no interface 'JSX.IntrinsicElements' exists.
main.tsx(1960,11): error TS7026: JSX element implicitly has type 'any' because no interface 'JSX.IntrinsicElements' exists.
main.tsx(1961,13): error TS7026: JSX element implicitly has type 'any' because no interface 'JSX.IntrinsicElements' exists.
main.tsx(1963,13): error TS7026: JSX element implicitly has type 'any' because no interface 'JSX.IntrinsicElements' exists.
main.tsx(1964,13): error TS7026: JSX element implicitly has type 'any' because no interface 'JSX.IntrinsicElements' exists.
main.tsx(1965,26): error TS7006: Parameter 'log' implicitly has an 'any' type.
main.tsx(1966,17): error TS7026: JSX element implicitly has type 'any' because no interface 'JSX.IntrinsicElements' exists.
main.tsx(1970,19): error TS7026: JSX element implicitly has type 'any' because no interface 'JSX.IntrinsicElements' exists.
main.tsx(1984,21): error TS7026: JSX element implicitly has type 'any' because no interface 'JSX.IntrinsicElements' exists.
main.tsx(1986,21): error TS7026: JSX element implicitly has type 'any' because no interface 'JSX.IntrinsicElements' exists.
main.tsx(1987,19): error TS7026: JSX element implicitly has type 'any' because no interface 'JSX.IntrinsicElements' exists.
main.tsx(1988,19): error TS7026: JSX element implicitly has type 'any' because no interface 'JSX.IntrinsicElements' exists.
main.tsx(1990,19): error TS7026: JSX element implicitly has type 'any' because no interface 'JSX.IntrinsicElements' exists.
main.tsx(1991,19): error TS7026: JSX element implicitly has type 'any' because no interface 'JSX.IntrinsicElements' exists.
main.tsx(1993,19): error TS7026: JSX element implicitly has type 'any' because no interface 'JSX.IntrinsicElements' exists.
main.tsx(1994,46): error TS7026: JSX element implicitly has type 'any' because no interface 'JSX.IntrinsicElements' exists.
main.tsx(1994,80): error TS7026: JSX element implicitly has type 'any' because no interface 'JSX.IntrinsicElements' exists.
main.tsx(1994,176): error TS7026: JSX element implicitly has type 'any' because no interface 'JSX.IntrinsicElements' exists.
main.tsx(1994,186): error TS7026: JSX element implicitly has type 'any' because no interface 'JSX.IntrinsicElements' exists.
main.tsx(1994,316): error TS7026: JSX element implicitly has type 'any' because no interface 'JSX.IntrinsicElements' exists.
main.tsx(1994,322): error TS7026: JSX element implicitly has type 'any' because no interface 'JSX.IntrinsicElements' exists.
main.tsx(1995,17): error TS7026: JSX element implicitly has type 'any' because no interface 'JSX.IntrinsicElements' exists.
main.tsx(1998,17): error TS7026: JSX element implicitly has type 'any' because no interface 'JSX.IntrinsicElements' exists.
main.tsx(2000,17): error TS7026: JSX element implicitly has type 'any' because no interface 'JSX.IntrinsicElements' exists.
main.tsx(2002,13): error TS7026: JSX element implicitly has type 'any' because no interface 'JSX.IntrinsicElements' exists.
main.tsx(2003,11): error TS7026: JSX element implicitly has type 'any' because no interface 'JSX.IntrinsicElements' exists.
main.tsx(2004,9): error TS7026: JSX element implicitly has type 'any' because no interface 'JSX.IntrinsicElements' exists.
main.tsx(2016,294): error TS7006: Parameter 'n' implicitly has an 'any' type.
main.tsx(2018,349): error TS7006: Parameter 'n' implicitly has an 'any' type.
main.tsx(2020,10): error TS7026: JSX element implicitly has type 'any' because no interface 'JSX.IntrinsicElements' exists.
main.tsx(2022,7): error TS7026: JSX element implicitly has type 'any' because no interface 'JSX.IntrinsicElements' exists.
main.tsx(2022,172): error TS7026: JSX element implicitly has type 'any' because no interface 'JSX.IntrinsicElements' exists.
main.tsx(2022,297): error TS7026: JSX element implicitly has type 'any' because no interface 'JSX.IntrinsicElements' exists.
main.tsx(2022,308): error TS7026: JSX element implicitly has type 'any' because no interface 'JSX.IntrinsicElements' exists.
main.tsx(2024,7): error TS7026: JSX element implicitly has type 'any' because no interface 'JSX.IntrinsicElements' exists.
main.tsx(2024,75): error TS7026: JSX element implicitly has type 'any' because no interface 'JSX.IntrinsicElements' exists.
main.tsx(2024,152): error TS7006: Parameter 'e' implicitly has an 'any' type.
main.tsx(2024,280): error TS7026: JSX element implicitly has type 'any' because no interface 'JSX.IntrinsicElements' exists.
main.tsx(2025,7): error TS7026: JSX element implicitly has type 'any' because no interface 'JSX.IntrinsicElements' exists.
main.tsx(2025,97): error TS7026: JSX element implicitly has type 'any' because no interface 'JSX.IntrinsicElements' exists.
main.tsx(2027,16): error TS7026: JSX element implicitly has type 'any' because no interface 'JSX.IntrinsicElements' exists.
main.tsx(2027,508): error TS7026: JSX element implicitly has type 'any' because no interface 'JSX.IntrinsicElements' exists.
main.tsx(2028,24): error TS7026: JSX element implicitly has type 'any' because no interface 'JSX.IntrinsicElements' exists.
main.tsx(2028,188): error TS7026: JSX element implicitly has type 'any' because no interface 'JSX.IntrinsicElements' exists.
main.tsx(2028,241): error TS7026: JSX element implicitly has type 'any' because no interface 'JSX.IntrinsicElements' exists.
main.tsx(2028,246): error TS7026: JSX element implicitly has type 'any' because no interface 'JSX.IntrinsicElements' exists.
main.tsx(2028,368): error TS7026: JSX element implicitly has type 'any' because no interface 'JSX.IntrinsicElements' exists.
main.tsx(2028,440): error TS7026: JSX element implicitly has type 'any' because no interface 'JSX.IntrinsicElements' exists.
main.tsx(2030,7): error TS7026: JSX element implicitly has type 'any' because no interface 'JSX.IntrinsicElements' exists.
main.tsx(2030,51): error TS7026: JSX element implicitly has type 'any' because no interface 'JSX.IntrinsicElements' exists.
main.tsx(2030,243): error TS7026: JSX element implicitly has type 'any' because no interface 'JSX.IntrinsicElements' exists.
main.tsx(2031,71): error TS7026: JSX element implicitly has type 'any' because no interface 'JSX.IntrinsicElements' exists.
main.tsx(2031,191): error TS7006: Parameter 'e' implicitly has an 'any' type.
main.tsx(2032,7): error TS7026: JSX element implicitly has type 'any' because no interface 'JSX.IntrinsicElements' exists.
main.tsx(2032,148): error TS7026: JSX element implicitly has type 'any' because no interface 'JSX.IntrinsicElements' exists.
main.tsx(2032,294): error TS7026: JSX element implicitly has type 'any' because no interface 'JSX.IntrinsicElements' exists.
main.tsx(2032,304): error TS7026: JSX element implicitly has type 'any' because no interface 'JSX.IntrinsicElements' exists.
main.tsx(2032,310): error TS7026: JSX element implicitly has type 'any' because no interface 'JSX.IntrinsicElements' exists.
main.tsx(2035,7): error TS7026: JSX element implicitly has type 'any' because no interface 'JSX.IntrinsicElements' exists.
main.tsx(2035,99): error TS7026: JSX element implicitly has type 'any' because no interface 'JSX.IntrinsicElements' exists.
main.tsx(2035,106): error TS7026: JSX element implicitly has type 'any' because no interface 'JSX.IntrinsicElements' exists.
main.tsx(2035,277): error TS7026: JSX element implicitly has type 'any' because no interface 'JSX.IntrinsicElements' exists.
main.tsx(2035,316): error TS7026: JSX element implicitly has type 'any' because no interface 'JSX.IntrinsicElements' exists.
main.tsx(2035,323): error TS7026: JSX element implicitly has type 'any' because no interface 'JSX.IntrinsicElements' exists.
main.tsx(2035,328): error TS7026: JSX element implicitly has type 'any' because no interface 'JSX.IntrinsicElements' exists.
main.tsx(2036,7): error TS7026: JSX element implicitly has type 'any' because no interface 'JSX.IntrinsicElements' exists.
main.tsx(2036,78): error TS7026: JSX element implicitly has type 'any' because no interface 'JSX.IntrinsicElements' exists.
main.tsx(2036,125): error TS7026: JSX element implicitly has type 'any' because no interface 'JSX.IntrinsicElements' exists.
main.tsx(2036,162): error TS7026: JSX element implicitly has type 'any' because no interface 'JSX.IntrinsicElements' exists.
main.tsx(2036,167): error TS7026: JSX element implicitly has type 'any' because no interface 'JSX.IntrinsicElements' exists.
main.tsx(2036,210): error TS7026: JSX element implicitly has type 'any' because no interface 'JSX.IntrinsicElements' exists.
main.tsx(2036,215): error TS7026: JSX element implicitly has type 'any' because no interface 'JSX.IntrinsicElements' exists.
main.tsx(2036,259): error TS7026: JSX element implicitly has type 'any' because no interface 'JSX.IntrinsicElements' exists.
main.tsx(2036,264): error TS7026: JSX element implicitly has type 'any' because no interface 'JSX.IntrinsicElements' exists.
main.tsx(2036,300): error TS7026: JSX element implicitly has type 'any' because no interface 'JSX.IntrinsicElements' exists.
main.tsx(2036,305): error TS7026: JSX element implicitly has type 'any' because no interface 'JSX.IntrinsicElements' exists.
main.tsx(2036,348): error TS7026: JSX element implicitly has type 'any' because no interface 'JSX.IntrinsicElements' exists.
main.tsx(2036,353): error TS7026: JSX element implicitly has type 'any' because no interface 'JSX.IntrinsicElements' exists.
main.tsx(2036,419): error TS7026: JSX element implicitly has type 'any' because no interface 'JSX.IntrinsicElements' exists.
main.tsx(2036,424): error TS7026: JSX element implicitly has type 'any' because no interface 'JSX.IntrinsicElements' exists.
main.tsx(2036,507): error TS7026: JSX element implicitly has type 'any' because no interface 'JSX.IntrinsicElements' exists.
main.tsx(2036,512): error TS7026: JSX element implicitly has type 'any' because no interface 'JSX.IntrinsicElements' exists.
main.tsx(2036,598): error TS7026: JSX element implicitly has type 'any' because no interface 'JSX.IntrinsicElements' exists.
main.tsx(2036,603): error TS7026: JSX element implicitly has type 'any' because no interface 'JSX.IntrinsicElements' exists.
main.tsx(2036,743): error TS7026: JSX element implicitly has type 'any' because no interface 'JSX.IntrinsicElements' exists.
main.tsx(2036,748): error TS7026: JSX element implicitly has type 'any' because no interface 'JSX.IntrinsicElements' exists.
main.tsx(2036,804): error TS7026: JSX element implicitly has type 'any' because no interface 'JSX.IntrinsicElements' exists.
main.tsx(2036,809): error TS7026: JSX element implicitly has type 'any' because no interface 'JSX.IntrinsicElements' exists.
main.tsx(2036,947): error TS7026: JSX element implicitly has type 'any' because no interface 'JSX.IntrinsicElements' exists.
main.tsx(2036,952): error TS7026: JSX element implicitly has type 'any' because no interface 'JSX.IntrinsicElements' exists.
main.tsx(2036,1013): error TS7026: JSX element implicitly has type 'any' because no interface 'JSX.IntrinsicElements' exists.
main.tsx(2036,1103): error TS7026: JSX element implicitly has type 'any' because no interface 'JSX.IntrinsicElements' exists.
main.tsx(2036,1128): error TS7026: JSX element implicitly has type 'any' because no interface 'JSX.IntrinsicElements' exists.
main.tsx(2036,1241): error TS7026: JSX element implicitly has type 'any' because no interface 'JSX.IntrinsicElements' exists.
main.tsx(2036,1255): error TS7026: JSX element implicitly has type 'any' because no interface 'JSX.IntrinsicElements' exists.
main.tsx(2036,1260): error TS7026: JSX element implicitly has type 'any' because no interface 'JSX.IntrinsicElements' exists.
main.tsx(2036,1267): error TS7026: JSX element implicitly has type 'any' because no interface 'JSX.IntrinsicElements' exists.
main.tsx(2036,1293): error TS7026: JSX element implicitly has type 'any' because no interface 'JSX.IntrinsicElements' exists.
main.tsx(2037,27): error TS7026: JSX element implicitly has type 'any' because no interface 'JSX.IntrinsicElements' exists.
main.tsx(2037,146): error TS7026: JSX element implicitly has type 'any' because no interface 'JSX.IntrinsicElements' exists.
main.tsx(2040,3): error TS7026: JSX element implicitly has type 'any' because no interface 'JSX.IntrinsicElements' exists.
main.tsx(2128,14): error TS7006: Parameter 'previous' implicitly has an 'any' type.
main.tsx(2157,6): error TS7006: Parameter 'acc' implicitly has an 'any' type.
main.tsx(2157,11): error TS7006: Parameter 'row' implicitly has an 'any' type.
main.tsx(2173,5): error TS7026: JSX element implicitly has type 'any' because no interface 'JSX.IntrinsicElements' exists.
main.tsx(2174,7): error TS7026: JSX element implicitly has type 'any' because no interface 'JSX.IntrinsicElements' exists.
main.tsx(2208,7): error TS7026: JSX element implicitly has type 'any' because no interface 'JSX.IntrinsicElements' exists.
main.tsx(2218,11): error TS7026: JSX element implicitly has type 'any' because no interface 'JSX.IntrinsicElements' exists.
main.tsx(2220,15): error TS7026: JSX element implicitly has type 'any' because no interface 'JSX.IntrinsicElements' exists.
main.tsx(2223,28): error TS7006: Parameter 'e' implicitly has an 'any' type.
main.tsx(2233,15): error TS7026: JSX element implicitly has type 'any' because no interface 'JSX.IntrinsicElements' exists.
main.tsx(2235,28): error TS7006: Parameter 'e' implicitly has an 'any' type.
main.tsx(2243,17): error TS7026: JSX element implicitly has type 'any' because no interface 'JSX.IntrinsicElements' exists.
main.tsx(2243,58): error TS7026: JSX element implicitly has type 'any' because no interface 'JSX.IntrinsicElements' exists.
main.tsx(2244,17): error TS7026: JSX element implicitly has type 'any' because no interface 'JSX.IntrinsicElements' exists.
main.tsx(2244,58): error TS7026: JSX element implicitly has type 'any' because no interface 'JSX.IntrinsicElements' exists.
main.tsx(2245,15): error TS7026: JSX element implicitly has type 'any' because no interface 'JSX.IntrinsicElements' exists.
main.tsx(2248,15): error TS7026: JSX element implicitly has type 'any' because no interface 'JSX.IntrinsicElements' exists.
main.tsx(2250,28): error TS7006: Parameter 'e' implicitly has an 'any' type.
main.tsx(2262,15): error TS7026: JSX element implicitly has type 'any' because no interface 'JSX.IntrinsicElements' exists.
main.tsx(2265,28): error TS7006: Parameter 'e' implicitly has an 'any' type.
main.tsx(2275,15): error TS7026: JSX element implicitly has type 'any' because no interface 'JSX.IntrinsicElements' exists.
main.tsx(2279,28): error TS7006: Parameter 'e' implicitly has an 'any' type.
main.tsx(2289,15): error TS7026: JSX element implicitly has type 'any' because no interface 'JSX.IntrinsicElements' exists.
main.tsx(2293,28): error TS7006: Parameter 'e' implicitly has an 'any' type.
main.tsx(2303,15): error TS7026: JSX element implicitly has type 'any' because no interface 'JSX.IntrinsicElements' exists.
main.tsx(2307,28): error TS7006: Parameter 'e' implicitly has an 'any' type.
main.tsx(2317,15): error TS7026: JSX element implicitly has type 'any' because no interface 'JSX.IntrinsicElements' exists.
main.tsx(2321,28): error TS7006: Parameter 'e' implicitly has an 'any' type.
main.tsx(2331,15): error TS7026: JSX element implicitly has type 'any' because no interface 'JSX.IntrinsicElements' exists.
main.tsx(2334,28): error TS7006: Parameter 'e' implicitly has an 'any' type.
main.tsx(2342,15): error TS7026: JSX element implicitly has type 'any' because no interface 'JSX.IntrinsicElements' exists.
main.tsx(2343,31): error TS7006: Parameter 'item' implicitly has an 'any' type.
main.tsx(2344,19): error TS7026: JSX element implicitly has type 'any' because no interface 'JSX.IntrinsicElements' exists.
main.tsx(2346,15): error TS7026: JSX element implicitly has type 'any' because no interface 'JSX.IntrinsicElements' exists.
main.tsx(2349,15): error TS7026: JSX element implicitly has type 'any' because no interface 'JSX.IntrinsicElements' exists.
main.tsx(2351,28): error TS7006: Parameter 'e' implicitly has an 'any' type.
main.tsx(2364,15): error TS7026: JSX element implicitly has type 'any' because no interface 'JSX.IntrinsicElements' exists.
main.tsx(2366,28): error TS7006: Parameter 'e' implicitly has an 'any' type.
main.tsx(2379,15): error TS7026: JSX element implicitly has type 'any' because no interface 'JSX.IntrinsicElements' exists.
main.tsx(2381,28): error TS7006: Parameter 'e' implicitly has an 'any' type.
main.tsx(2390,13): error TS7026: JSX element implicitly has type 'any' because no interface 'JSX.IntrinsicElements' exists.
main.tsx(2391,15): error TS7026: JSX element implicitly has type 'any' because no interface 'JSX.IntrinsicElements' exists.
main.tsx(2396,15): error TS7026: JSX element implicitly has type 'any' because no interface 'JSX.IntrinsicElements' exists.
main.tsx(2397,13): error TS7026: JSX element implicitly has type 'any' because no interface 'JSX.IntrinsicElements' exists.
main.tsx(2398,11): error TS7026: JSX element implicitly has type 'any' because no interface 'JSX.IntrinsicElements' exists.
main.tsx(2409,13): error TS7026: JSX element implicitly has type 'any' because no interface 'JSX.IntrinsicElements' exists.
main.tsx(2411,13): error TS7026: JSX element implicitly has type 'any' because no interface 'JSX.IntrinsicElements' exists.
main.tsx(2414,9): error TS7026: JSX element implicitly has type 'any' because no interface 'JSX.IntrinsicElements' exists.
main.tsx(2415,22): error TS7006: Parameter 'row' implicitly has an 'any' type.
main.tsx(2416,13): error TS7026: JSX element implicitly has type 'any' because no interface 'JSX.IntrinsicElements' exists.
main.tsx(2420,15): error TS7026: JSX element implicitly has type 'any' because no interface 'JSX.IntrinsicElements' exists.
main.tsx(2421,17): error TS7026: JSX element implicitly has type 'any' because no interface 'JSX.IntrinsicElements' exists.
main.tsx(2422,19): error TS7026: JSX element implicitly has type 'any' because no interface 'JSX.IntrinsicElements' exists.
main.tsx(2423,21): error TS7026: JSX element implicitly has type 'any' because no interface 'JSX.IntrinsicElements' exists.
main.tsx(2423,75): error TS7026: JSX element implicitly has type 'any' because no interface 'JSX.IntrinsicElements' exists.
main.tsx(2437,19): error TS7026: JSX element implicitly has type 'any' because no interface 'JSX.IntrinsicElements' exists.
main.tsx(2438,19): error TS7026: JSX element implicitly has type 'any' because no interface 'JSX.IntrinsicElements' exists.
main.tsx(2444,19): error TS7026: JSX element implicitly has type 'any' because no interface 'JSX.IntrinsicElements' exists.
main.tsx(2445,19): error TS7026: JSX element implicitly has type 'any' because no interface 'JSX.IntrinsicElements' exists.
main.tsx(2448,19): error TS7026: JSX element implicitly has type 'any' because no interface 'JSX.IntrinsicElements' exists.
main.tsx(2449,17): error TS7026: JSX element implicitly has type 'any' because no interface 'JSX.IntrinsicElements' exists.
main.tsx(2450,17): error TS7026: JSX element implicitly has type 'any' because no interface 'JSX.IntrinsicElements' exists.
main.tsx(2452,21): error TS7026: JSX element implicitly has type 'any' because no interface 'JSX.IntrinsicElements' exists.
main.tsx(2457,21): error TS7026: JSX element implicitly has type 'any' because no interface 'JSX.IntrinsicElements' exists.
main.tsx(2459,19): error TS7026: JSX element implicitly has type 'any' because no interface 'JSX.IntrinsicElements' exists.
main.tsx(2464,19): error TS7026: JSX element implicitly has type 'any' because no interface 'JSX.IntrinsicElements' exists.
main.tsx(2465,17): error TS7026: JSX element implicitly has type 'any' because no interface 'JSX.IntrinsicElements' exists.
main.tsx(2466,15): error TS7026: JSX element implicitly has type 'any' because no interface 'JSX.IntrinsicElements' exists.
main.tsx(2467,13): error TS7026: JSX element implicitly has type 'any' because no interface 'JSX.IntrinsicElements' exists.
main.tsx(2470,13): error TS7026: JSX element implicitly has type 'any' because no interface 'JSX.IntrinsicElements' exists.
main.tsx(2472,13): error TS7026: JSX element implicitly has type 'any' because no interface 'JSX.IntrinsicElements' exists.
main.tsx(2474,9): error TS7026: JSX element implicitly has type 'any' because no interface 'JSX.IntrinsicElements' exists.
main.tsx(2485,11): error TS7026: JSX element implicitly has type 'any' because no interface 'JSX.IntrinsicElements' exists.
main.tsx(2486,13): error TS7026: JSX element implicitly has type 'any' because no interface 'JSX.IntrinsicElements' exists.
main.tsx(2491,19): error TS7026: JSX element implicitly has type 'any' because no interface 'JSX.IntrinsicElements' exists.
main.tsx(2492,21): error TS7026: JSX element implicitly has type 'any' because no interface 'JSX.IntrinsicElements' exists.
main.tsx(2494,21): error TS7026: JSX element implicitly has type 'any' because no interface 'JSX.IntrinsicElements' exists.
main.tsx(2495,21): error TS7026: JSX element implicitly has type 'any' because no interface 'JSX.IntrinsicElements' exists.
main.tsx(2497,21): error TS7026: JSX element implicitly has type 'any' because no interface 'JSX.IntrinsicElements' exists.
main.tsx(2498,19): error TS7026: JSX element implicitly has type 'any' because no interface 'JSX.IntrinsicElements' exists.
main.tsx(2500,13): error TS7026: JSX element implicitly has type 'any' because no interface 'JSX.IntrinsicElements' exists.
main.tsx(2507,11): error TS7026: JSX element implicitly has type 'any' because no interface 'JSX.IntrinsicElements' exists.
main.tsx(2510,5): error TS7026: JSX element implicitly has type 'any' because no interface 'JSX.IntrinsicElements' exists.
main.tsx(2594,19): error TS7006: Parameter 'previous' implicitly has an 'any' type.
main.tsx(2644,5): error TS7026: JSX element implicitly has type 'any' because no interface 'JSX.IntrinsicElements' exists.
main.tsx(2646,9): error TS7026: JSX element implicitly has type 'any' because no interface 'JSX.IntrinsicElements' exists.
main.tsx(2655,13): error TS7026: JSX element implicitly has type 'any' because no interface 'JSX.IntrinsicElements' exists.
main.tsx(2657,17): error TS7026: JSX element implicitly has type 'any' because no interface 'JSX.IntrinsicElements' exists.
main.tsx(2659,30): error TS7006: Parameter 'e' implicitly has an 'any' type.
main.tsx(2669,17): error TS7026: JSX element implicitly has type 'any' because no interface 'JSX.IntrinsicElements' exists.
main.tsx(2671,30): error TS7006: Parameter 'e' implicitly has an 'any' type.
main.tsx(2681,17): error TS7026: JSX element implicitly has type 'any' because no interface 'JSX.IntrinsicElements' exists.
main.tsx(2683,30): error TS7006: Parameter 'e' implicitly has an 'any' type.
main.tsx(2693,17): error TS7026: JSX element implicitly has type 'any' because no interface 'JSX.IntrinsicElements' exists.
main.tsx(2696,30): error TS7006: Parameter 'e' implicitly has an 'any' type.
main.tsx(2706,17): error TS7026: JSX element implicitly has type 'any' because no interface 'JSX.IntrinsicElements' exists.
main.tsx(2709,30): error TS7006: Parameter 'e' implicitly has an 'any' type.
main.tsx(2719,17): error TS7026: JSX element implicitly has type 'any' because no interface 'JSX.IntrinsicElements' exists.
main.tsx(2722,30): error TS7006: Parameter 'e' implicitly has an 'any' type.
main.tsx(2732,17): error TS7026: JSX element implicitly has type 'any' because no interface 'JSX.IntrinsicElements' exists.
main.tsx(2734,30): error TS7006: Parameter 'e' implicitly has an 'any' type.
main.tsx(2744,17): error TS7026: JSX element implicitly has type 'any' because no interface 'JSX.IntrinsicElements' exists.
main.tsx(2745,19): error TS7026: JSX element implicitly has type 'any' because no interface 'JSX.IntrinsicElements' exists.
main.tsx(2748,32): error TS7006: Parameter 'e' implicitly has an 'any' type.
main.tsx(2756,19): error TS7026: JSX element implicitly has type 'any' because no interface 'JSX.IntrinsicElements' exists.
main.tsx(2759,32): error TS7006: Parameter 'e' implicitly has an 'any' type.
main.tsx(2767,17): error TS7026: JSX element implicitly has type 'any' because no interface 'JSX.IntrinsicElements' exists.
main.tsx(2769,15): error TS7026: JSX element implicitly has type 'any' because no interface 'JSX.IntrinsicElements' exists.
main.tsx(2774,15): error TS7026: JSX element implicitly has type 'any' because no interface 'JSX.IntrinsicElements' exists.
main.tsx(2775,13): error TS7026: JSX element implicitly has type 'any' because no interface 'JSX.IntrinsicElements' exists.
main.tsx(2785,13): error TS7026: JSX element implicitly has type 'any' because no interface 'JSX.IntrinsicElements' exists.
main.tsx(2787,17): error TS7026: JSX element implicitly has type 'any' because no interface 'JSX.IntrinsicElements' exists.
main.tsx(2789,30): error TS7006: Parameter 'e' implicitly has an 'any' type.
main.tsx(2791,24): error TS7006: Parameter 'item' implicitly has an 'any' type.
main.tsx(2802,19): error TS7026: JSX element implicitly has type 'any' because no interface 'JSX.IntrinsicElements' exists.
main.tsx(2802,59): error TS7026: JSX element implicitly has type 'any' because no interface 'JSX.IntrinsicElements' exists.
main.tsx(2803,32): error TS7006: Parameter 'item' implicitly has an 'any' type.
main.tsx(2804,21): error TS7026: JSX element implicitly has type 'any' because no interface 'JSX.IntrinsicElements' exists.
main.tsx(2806,21): error TS7026: JSX element implicitly has type 'any' because no interface 'JSX.IntrinsicElements' exists.
main.tsx(2808,17): error TS7026: JSX element implicitly has type 'any' because no interface 'JSX.IntrinsicElements' exists.
main.tsx(2811,17): error TS7026: JSX element implicitly has type 'any' because no interface 'JSX.IntrinsicElements' exists.
main.tsx(2813,30): error TS7006: Parameter 'e' implicitly has an 'any' type.
main.tsx(2823,17): error TS7026: JSX element implicitly has type 'any' because no interface 'JSX.IntrinsicElements' exists.
main.tsx(2825,30): error TS7006: Parameter 'e' implicitly has an 'any' type.
main.tsx(2835,17): error TS7026: JSX element implicitly has type 'any' because no interface 'JSX.IntrinsicElements' exists.
main.tsx(2837,30): error TS7006: Parameter 'e' implicitly has an 'any' type.
main.tsx(2847,17): error TS7026: JSX element implicitly has type 'any' because no interface 'JSX.IntrinsicElements' exists.
main.tsx(2850,30): error TS7006: Parameter 'e' implicitly has an 'any' type.
main.tsx(2860,17): error TS7026: JSX element implicitly has type 'any' because no interface 'JSX.IntrinsicElements' exists.
main.tsx(2862,30): error TS7006: Parameter 'e' implicitly has an 'any' type.
main.tsx(2871,15): error TS7026: JSX element implicitly has type 'any' because no interface 'JSX.IntrinsicElements' exists.
main.tsx(2876,15): error TS7026: JSX element implicitly has type 'any' because no interface 'JSX.IntrinsicElements' exists.
main.tsx(2877,13): error TS7026: JSX element implicitly has type 'any' because no interface 'JSX.IntrinsicElements' exists.
main.tsx(2879,9): error TS7026: JSX element implicitly has type 'any' because no interface 'JSX.IntrinsicElements' exists.
main.tsx(2889,13): error TS7026: JSX element implicitly has type 'any' because no interface 'JSX.IntrinsicElements' exists.
main.tsx(2891,13): error TS7026: JSX element implicitly has type 'any' because no interface 'JSX.IntrinsicElements' exists.
main.tsx(2894,9): error TS7026: JSX element implicitly has type 'any' because no interface 'JSX.IntrinsicElements' exists.
main.tsx(2895,24): error TS7006: Parameter 'order' implicitly has an 'any' type.
main.tsx(2900,15): error TS7026: JSX element implicitly has type 'any' because no interface 'JSX.IntrinsicElements' exists.
main.tsx(2904,17): error TS7026: JSX element implicitly has type 'any' because no interface 'JSX.IntrinsicElements' exists.
main.tsx(2905,19): error TS7026: JSX element implicitly has type 'any' because no interface 'JSX.IntrinsicElements' exists.
main.tsx(2906,21): error TS7026: JSX element implicitly has type 'any' because no interface 'JSX.IntrinsicElements' exists.
main.tsx(2907,23): error TS7026: JSX element implicitly has type 'any' because no interface 'JSX.IntrinsicElements' exists.
main.tsx(2907,76): error TS7026: JSX element implicitly has type 'any' because no interface 'JSX.IntrinsicElements' exists.
main.tsx(2919,21): error TS7026: JSX element implicitly has type 'any' because no interface 'JSX.IntrinsicElements' exists.
main.tsx(2920,21): error TS7026: JSX element implicitly has type 'any' because no interface 'JSX.IntrinsicElements' exists.
main.tsx(2923,21): error TS7026: JSX element implicitly has type 'any' because no interface 'JSX.IntrinsicElements' exists.
main.tsx(2924,19): error TS7026: JSX element implicitly has type 'any' because no interface 'JSX.IntrinsicElements' exists.
main.tsx(2925,19): error TS7026: JSX element implicitly has type 'any' because no interface 'JSX.IntrinsicElements' exists.
main.tsx(2926,21): error TS7026: JSX element implicitly has type 'any' because no interface 'JSX.IntrinsicElements' exists.
main.tsx(2937,21): error TS7026: JSX element implicitly has type 'any' because no interface 'JSX.IntrinsicElements' exists.
main.tsx(2938,21): error TS7026: JSX element implicitly has type 'any' because no interface 'JSX.IntrinsicElements' exists.
main.tsx(2948,21): error TS7026: JSX element implicitly has type 'any' because no interface 'JSX.IntrinsicElements' exists.
main.tsx(2949,19): error TS7026: JSX element implicitly has type 'any' because no interface 'JSX.IntrinsicElements' exists.
main.tsx(2950,17): error TS7026: JSX element implicitly has type 'any' because no interface 'JSX.IntrinsicElements' exists.
main.tsx(2951,17): error TS7026: JSX element implicitly has type 'any' because no interface 'JSX.IntrinsicElements' exists.
main.tsx(2952,19): error TS7026: JSX element implicitly has type 'any' because no interface 'JSX.IntrinsicElements' exists.
main.tsx(2953,21): error TS7026: JSX element implicitly has type 'any' because no interface 'JSX.IntrinsicElements' exists.
main.tsx(2956,21): error TS7026: JSX element implicitly has type 'any' because no interface 'JSX.IntrinsicElements' exists.
main.tsx(2957,21): error TS7026: JSX element implicitly has type 'any' because no interface 'JSX.IntrinsicElements' exists.
main.tsx(2957,48): error TS7026: JSX element implicitly has type 'any' because no interface 'JSX.IntrinsicElements' exists.
main.tsx(2958,19): error TS7026: JSX element implicitly has type 'any' because no interface 'JSX.IntrinsicElements' exists.
main.tsx(2959,19): error TS7026: JSX element implicitly has type 'any' because no interface 'JSX.IntrinsicElements' exists.
main.tsx(2960,21): error TS7026: JSX element implicitly has type 'any' because no interface 'JSX.IntrinsicElements' exists.
main.tsx(2966,19): error TS7026: JSX element implicitly has type 'any' because no interface 'JSX.IntrinsicElements' exists.
main.tsx(2967,17): error TS7026: JSX element implicitly has type 'any' because no interface 'JSX.IntrinsicElements' exists.
main.tsx(2969,19): error TS7026: JSX element implicitly has type 'any' because no interface 'JSX.IntrinsicElements' exists.
main.tsx(2977,23): error TS7026: JSX element implicitly has type 'any' because no interface 'JSX.IntrinsicElements' exists.
main.tsx(2984,23): error TS7026: JSX element implicitly has type 'any' because no interface 'JSX.IntrinsicElements' exists.
main.tsx(2986,19): error TS7026: JSX element implicitly has type 'any' because no interface 'JSX.IntrinsicElements' exists.
main.tsx(2988,15): error TS7026: JSX element implicitly has type 'any' because no interface 'JSX.IntrinsicElements' exists.
main.tsx(2992,13): error TS7026: JSX element implicitly has type 'any' because no interface 'JSX.IntrinsicElements' exists.
main.tsx(2994,13): error TS7026: JSX element implicitly has type 'any' because no interface 'JSX.IntrinsicElements' exists.
main.tsx(2996,9): error TS7026: JSX element implicitly has type 'any' because no interface 'JSX.IntrinsicElements' exists.
main.tsx(3006,9): error TS7026: JSX element implicitly has type 'any' because no interface 'JSX.IntrinsicElements' exists.
main.tsx(3008,13): error TS7026: JSX element implicitly has type 'any' because no interface 'JSX.IntrinsicElements' exists.
main.tsx(3009,15): error TS7026: JSX element implicitly has type 'any' because no interface 'JSX.IntrinsicElements' exists.
main.tsx(3010,17): error TS7026: JSX element implicitly has type 'any' because no interface 'JSX.IntrinsicElements' exists.
main.tsx(3010,56): error TS7026: JSX element implicitly has type 'any' because no interface 'JSX.IntrinsicElements' exists.
main.tsx(3011,17): error TS7026: JSX element implicitly has type 'any' because no interface 'JSX.IntrinsicElements' exists.
main.tsx(3011,61): error TS7026: JSX element implicitly has type 'any' because no interface 'JSX.IntrinsicElements' exists.
main.tsx(3012,17): error TS7026: JSX element implicitly has type 'any' because no interface 'JSX.IntrinsicElements' exists.
main.tsx(3012,57): error TS7026: JSX element implicitly has type 'any' because no interface 'JSX.IntrinsicElements' exists.
main.tsx(3013,17): error TS7026: JSX element implicitly has type 'any' because no interface 'JSX.IntrinsicElements' exists.
main.tsx(3013,56): error TS7026: JSX element implicitly has type 'any' because no interface 'JSX.IntrinsicElements' exists.
main.tsx(3014,17): error TS7026: JSX element implicitly has type 'any' because no interface 'JSX.IntrinsicElements' exists.
main.tsx(3014,71): error TS7026: JSX element implicitly has type 'any' because no interface 'JSX.IntrinsicElements' exists.
main.tsx(3015,17): error TS7026: JSX element implicitly has type 'any' because no interface 'JSX.IntrinsicElements' exists.
main.tsx(3015,57): error TS7026: JSX element implicitly has type 'any' because no interface 'JSX.IntrinsicElements' exists.
main.tsx(3016,17): error TS7026: JSX element implicitly has type 'any' because no interface 'JSX.IntrinsicElements' exists.
main.tsx(3016,37): error TS7026: JSX element implicitly has type 'any' because no interface 'JSX.IntrinsicElements' exists.
main.tsx(3017,15): error TS7026: JSX element implicitly has type 'any' because no interface 'JSX.IntrinsicElements' exists.
main.tsx(3018,13): error TS7026: JSX element implicitly has type 'any' because no interface 'JSX.IntrinsicElements' exists.
main.tsx(3019,13): error TS7026: JSX element implicitly has type 'any' because no interface 'JSX.IntrinsicElements' exists.
main.tsx(3020,29): error TS7006: Parameter 'batch' implicitly has an 'any' type.
main.tsx(3021,17): error TS7026: JSX element implicitly has type 'any' because no interface 'JSX.IntrinsicElements' exists.
main.tsx(3022,19): error TS7026: JSX element implicitly has type 'any' because no interface 'JSX.IntrinsicElements' exists.
main.tsx(3022,68): error TS7026: JSX element implicitly has type 'any' because no interface 'JSX.IntrinsicElements' exists.
main.tsx(3023,19): error TS7026: JSX element implicitly has type 'any' because no interface 'JSX.IntrinsicElements' exists.
main.tsx(3023,71): error TS7026: JSX element implicitly has type 'any' because no interface 'JSX.IntrinsicElements' exists.
main.tsx(3024,19): error TS7026: JSX element implicitly has type 'any' because no interface 'JSX.IntrinsicElements' exists.
main.tsx(3024,54): error TS7026: JSX element implicitly has type 'any' because no interface 'JSX.IntrinsicElements' exists.
main.tsx(3025,19): error TS7026: JSX element implicitly has type 'any' because no interface 'JSX.IntrinsicElements' exists.
main.tsx(3025,59): error TS7026: JSX element implicitly has type 'any' because no interface 'JSX.IntrinsicElements' exists.
main.tsx(3026,19): error TS7026: JSX element implicitly has type 'any' because no interface 'JSX.IntrinsicElements' exists.
main.tsx(3030,19): error TS7026: JSX element implicitly has type 'any' because no interface 'JSX.IntrinsicElements' exists.
main.tsx(3031,19): error TS7026: JSX element implicitly has type 'any' because no interface 'JSX.IntrinsicElements' exists.
main.tsx(3033,19): error TS7026: JSX element implicitly has type 'any' because no interface 'JSX.IntrinsicElements' exists.
main.tsx(3034,19): error TS7026: JSX element implicitly has type 'any' because no interface 'JSX.IntrinsicElements' exists.
main.tsx(3035,21): error TS7026: JSX element implicitly has type 'any' because no interface 'JSX.IntrinsicElements' exists.
main.tsx(3046,21): error TS7026: JSX element implicitly has type 'any' because no interface 'JSX.IntrinsicElements' exists.
main.tsx(3047,21): error TS7026: JSX element implicitly has type 'any' because no interface 'JSX.IntrinsicElements' exists.
main.tsx(3057,21): error TS7026: JSX element implicitly has type 'any' because no interface 'JSX.IntrinsicElements' exists.
main.tsx(3058,19): error TS7026: JSX element implicitly has type 'any' because no interface 'JSX.IntrinsicElements' exists.
main.tsx(3059,17): error TS7026: JSX element implicitly has type 'any' because no interface 'JSX.IntrinsicElements' exists.
main.tsx(3061,13): error TS7026: JSX element implicitly has type 'any' because no interface 'JSX.IntrinsicElements' exists.
main.tsx(3063,9): error TS7026: JSX element implicitly has type 'any' because no interface 'JSX.IntrinsicElements' exists.
main.tsx(3075,11): error TS7026: JSX element implicitly has type 'any' because no interface 'JSX.IntrinsicElements' exists.
main.tsx(3098,11): error TS7026: JSX element implicitly has type 'any' because no interface 'JSX.IntrinsicElements' exists.
main.tsx(3101,5): error TS7026: JSX element implicitly has type 'any' because no interface 'JSX.IntrinsicElements' exists.
main.tsx(3159,10): error TS7006: Parameter 'sum' implicitly has an 'any' type.
main.tsx(3159,15): error TS7006: Parameter 'row' implicitly has an 'any' type.
main.tsx(3163,10): error TS7006: Parameter 'sum' implicitly has an 'any' type.
main.tsx(3163,15): error TS7006: Parameter 'row' implicitly has an 'any' type.
main.tsx(3167,10): error TS7006: Parameter 'sum' implicitly has an 'any' type.
main.tsx(3167,15): error TS7006: Parameter 'row' implicitly has an 'any' type.
main.tsx(3171,10): error TS7006: Parameter 'sum' implicitly has an 'any' type.
main.tsx(3171,15): error TS7006: Parameter 'row' implicitly has an 'any' type.
main.tsx(3223,5): error TS7026: JSX element implicitly has type 'any' because no interface 'JSX.IntrinsicElements' exists.
main.tsx(3232,13): error TS7026: JSX element implicitly has type 'any' because no interface 'JSX.IntrinsicElements' exists.
main.tsx(3233,15): error TS7026: JSX element implicitly has type 'any' because no interface 'JSX.IntrinsicElements' exists.
main.tsx(3236,28): error TS7006: Parameter 'e' implicitly has an 'any' type.
main.tsx(3239,15): error TS7026: JSX element implicitly has type 'any' because no interface 'JSX.IntrinsicElements' exists.
main.tsx(3241,28): error TS7006: Parameter 'e' implicitly has an 'any' type.
main.tsx(3244,17): error TS7026: JSX element implicitly has type 'any' because no interface 'JSX.IntrinsicElements' exists.
main.tsx(3244,58): error TS7026: JSX element implicitly has type 'any' because no interface 'JSX.IntrinsicElements' exists.
main.tsx(3245,17): error TS7026: JSX element implicitly has type 'any' because no interface 'JSX.IntrinsicElements' exists.
main.tsx(3245,58): error TS7026: JSX element implicitly has type 'any' because no interface 'JSX.IntrinsicElements' exists.
main.tsx(3246,15): error TS7026: JSX element implicitly has type 'any' because no interface 'JSX.IntrinsicElements' exists.
main.tsx(3247,13): error TS7026: JSX element implicitly has type 'any' because no interface 'JSX.IntrinsicElements' exists.
main.tsx(3250,9): error TS7026: JSX element implicitly has type 'any' because no interface 'JSX.IntrinsicElements' exists.
main.tsx(3276,9): error TS7026: JSX element implicitly has type 'any' because no interface 'JSX.IntrinsicElements' exists.
main.tsx(3277,9): error TS7026: JSX element implicitly has type 'any' because no interface 'JSX.IntrinsicElements' exists.
main.tsx(3279,13): error TS7026: JSX element implicitly has type 'any' because no interface 'JSX.IntrinsicElements' exists.
main.tsx(3282,26): error TS7006: Parameter 'e' implicitly has an 'any' type.
main.tsx(3292,13): error TS7026: JSX element implicitly has type 'any' because no interface 'JSX.IntrinsicElements' exists.
main.tsx(3295,26): error TS7006: Parameter 'e' implicitly has an 'any' type.
main.tsx(3305,13): error TS7026: JSX element implicitly has type 'any' because no interface 'JSX.IntrinsicElements' exists.
main.tsx(3308,26): error TS7006: Parameter 'e' implicitly has an 'any' type.
main.tsx(3317,9): error TS7026: JSX element implicitly has type 'any' because no interface 'JSX.IntrinsicElements' exists.
main.tsx(3318,9): error TS7026: JSX element implicitly has type 'any' because no interface 'JSX.IntrinsicElements' exists.
main.tsx(3324,9): error TS7026: JSX element implicitly has type 'any' because no interface 'JSX.IntrinsicElements' exists.
main.tsx(3334,13): error TS7026: JSX element implicitly has type 'any' because no interface 'JSX.IntrinsicElements' exists.
main.tsx(3336,13): error TS7026: JSX element implicitly has type 'any' because no interface 'JSX.IntrinsicElements' exists.
main.tsx(3339,9): error TS7026: JSX element implicitly has type 'any' because no interface 'JSX.IntrinsicElements' exists.
main.tsx(3340,22): error TS7006: Parameter 'row' implicitly has an 'any' type.
main.tsx(3341,13): error TS7026: JSX element implicitly has type 'any' because no interface 'JSX.IntrinsicElements' exists.
main.tsx(3345,15): error TS7026: JSX element implicitly has type 'any' because no interface 'JSX.IntrinsicElements' exists.
main.tsx(3346,17): error TS7026: JSX element implicitly has type 'any' because no interface 'JSX.IntrinsicElements' exists.
main.tsx(3347,19): error TS7026: JSX element implicitly has type 'any' because no interface 'JSX.IntrinsicElements' exists.
main.tsx(3348,21): error TS7026: JSX element implicitly has type 'any' because no interface 'JSX.IntrinsicElements' exists.
main.tsx(3350,21): error TS7026: JSX element implicitly has type 'any' because no interface 'JSX.IntrinsicElements' exists.
main.tsx(3364,19): error TS7026: JSX element implicitly has type 'any' because no interface 'JSX.IntrinsicElements' exists.
main.tsx(3365,19): error TS7026: JSX element implicitly has type 'any' because no interface 'JSX.IntrinsicElements' exists.
main.tsx(3382,19): error TS7026: JSX element implicitly has type 'any' because no interface 'JSX.IntrinsicElements' exists.
main.tsx(3383,19): error TS7026: JSX element implicitly has type 'any' because no interface 'JSX.IntrinsicElements' exists.
main.tsx(3386,19): error TS7026: JSX element implicitly has type 'any' because no interface 'JSX.IntrinsicElements' exists.
main.tsx(3387,19): error TS7026: JSX element implicitly has type 'any' because no interface 'JSX.IntrinsicElements' exists.
main.tsx(3390,19): error TS7026: JSX element implicitly has type 'any' because no interface 'JSX.IntrinsicElements' exists.
main.tsx(3391,17): error TS7026: JSX element implicitly has type 'any' because no interface 'JSX.IntrinsicElements' exists.
main.tsx(3393,19): error TS7026: JSX element implicitly has type 'any' because no interface 'JSX.IntrinsicElements' exists.
main.tsx(3395,23): error TS7026: JSX element implicitly has type 'any' because no interface 'JSX.IntrinsicElements' exists.
main.tsx(3402,23): error TS7026: JSX element implicitly has type 'any' because no interface 'JSX.IntrinsicElements' exists.
main.tsx(3404,19): error TS7026: JSX element implicitly has type 'any' because no interface 'JSX.IntrinsicElements' exists.
main.tsx(3406,15): error TS7026: JSX element implicitly has type 'any' because no interface 'JSX.IntrinsicElements' exists.
main.tsx(3407,15): error TS7026: JSX element implicitly has type 'any' because no interface 'JSX.IntrinsicElements' exists.
main.tsx(3415,15): error TS7026: JSX element implicitly has type 'any' because no interface 'JSX.IntrinsicElements' exists.
main.tsx(3416,13): error TS7026: JSX element implicitly has type 'any' because no interface 'JSX.IntrinsicElements' exists.
main.tsx(3419,13): error TS7026: JSX element implicitly has type 'any' because no interface 'JSX.IntrinsicElements' exists.
main.tsx(3421,13): error TS7026: JSX element implicitly has type 'any' because no interface 'JSX.IntrinsicElements' exists.
main.tsx(3423,9): error TS7026: JSX element implicitly has type 'any' because no interface 'JSX.IntrinsicElements' exists.
main.tsx(3425,5): error TS7026: JSX element implicitly has type 'any' because no interface 'JSX.IntrinsicElements' exists.
main.tsx(3515,11): error TS7026: JSX element implicitly has type 'any' because no interface 'JSX.IntrinsicElements' exists.
main.tsx(3516,13): error TS7026: JSX element implicitly has type 'any' because no interface 'JSX.IntrinsicElements' exists.
main.tsx(3521,33): error TS7006: Parameter 'item' implicitly has an 'any' type.
main.tsx(3522,13): error TS7026: JSX element implicitly has type 'any' because no interface 'JSX.IntrinsicElements' exists.
main.tsx(3523,13): error TS7026: JSX element implicitly has type 'any' because no interface 'JSX.IntrinsicElements' exists.
main.tsx(3529,13): error TS7026: JSX element implicitly has type 'any' because no interface 'JSX.IntrinsicElements' exists.
main.tsx(3530,13): error TS7026: JSX element implicitly has type 'any' because no interface 'JSX.IntrinsicElements' exists.
main.tsx(3532,13): error TS7026: JSX element implicitly has type 'any' because no interface 'JSX.IntrinsicElements' exists.
main.tsx(3533,11): error TS7026: JSX element implicitly has type 'any' because no interface 'JSX.IntrinsicElements' exists.
main.tsx(3537,9): error TS7026: JSX element implicitly has type 'any' because no interface 'JSX.IntrinsicElements' exists.
main.tsx(3539,9): error TS7026: JSX element implicitly has type 'any' because no interface 'JSX.IntrinsicElements' exists.
main.tsx(3542,9): error TS7026: JSX element implicitly has type 'any' because no interface 'JSX.IntrinsicElements' exists.
main.tsx(3543,26): error TS7006: Parameter 'item' implicitly has an 'any' type.
main.tsx(3544,13): error TS7026: JSX element implicitly has type 'any' because no interface 'JSX.IntrinsicElements' exists.
main.tsx(3548,15): error TS7026: JSX element implicitly has type 'any' because no interface 'JSX.IntrinsicElements' exists.
main.tsx(3549,17): error TS7026: JSX element implicitly has type 'any' because no interface 'JSX.IntrinsicElements' exists.
main.tsx(3550,19): error TS7026: JSX element implicitly has type 'any' because no interface 'JSX.IntrinsicElements' exists.
main.tsx(3567,21): error TS7026: JSX element implicitly has type 'any' because no interface 'JSX.IntrinsicElements' exists.
main.tsx(3570,21): error TS7026: JSX element implicitly has type 'any' because no interface 'JSX.IntrinsicElements' exists.
main.tsx(3571,19): error TS7026: JSX element implicitly has type 'any' because no interface 'JSX.IntrinsicElements' exists.
main.tsx(3572,19): error TS7026: JSX element implicitly has type 'any' because no interface 'JSX.IntrinsicElements' exists.
main.tsx(3574,19): error TS7026: JSX element implicitly has type 'any' because no interface 'JSX.IntrinsicElements' exists.
main.tsx(3575,19): error TS7026: JSX element implicitly has type 'any' because no interface 'JSX.IntrinsicElements' exists.
main.tsx(3578,19): error TS7026: JSX element implicitly has type 'any' because no interface 'JSX.IntrinsicElements' exists.
main.tsx(3580,21): error TS7026: JSX element implicitly has type 'any' because no interface 'JSX.IntrinsicElements' exists.
main.tsx(3582,21): error TS7026: JSX element implicitly has type 'any' because no interface 'JSX.IntrinsicElements' exists.
main.tsx(3584,17): error TS7026: JSX element implicitly has type 'any' because no interface 'JSX.IntrinsicElements' exists.
main.tsx(3586,19): error TS7026: JSX element implicitly has type 'any' because no interface 'JSX.IntrinsicElements' exists.
main.tsx(3587,21): error TS7026: JSX element implicitly has type 'any' because no interface 'JSX.IntrinsicElements' exists.
main.tsx(3592,21): error TS7026: JSX element implicitly has type 'any' because no interface 'JSX.IntrinsicElements' exists.
main.tsx(3593,21): error TS7026: JSX element implicitly has type 'any' because no interface 'JSX.IntrinsicElements' exists.
main.tsx(3598,21): error TS7026: JSX element implicitly has type 'any' because no interface 'JSX.IntrinsicElements' exists.
main.tsx(3599,19): error TS7026: JSX element implicitly has type 'any' because no interface 'JSX.IntrinsicElements' exists.
main.tsx(3601,15): error TS7026: JSX element implicitly has type 'any' because no interface 'JSX.IntrinsicElements' exists.
main.tsx(3602,13): error TS7026: JSX element implicitly has type 'any' because no interface 'JSX.IntrinsicElements' exists.
main.tsx(3605,13): error TS7026: JSX element implicitly has type 'any' because no interface 'JSX.IntrinsicElements' exists.
main.tsx(3607,13): error TS7026: JSX element implicitly has type 'any' because no interface 'JSX.IntrinsicElements' exists.
main.tsx(3609,9): error TS7026: JSX element implicitly has type 'any' because no interface 'JSX.IntrinsicElements' exists.
main.tsx(3611,9): error TS7026: JSX element implicitly has type 'any' because no interface 'JSX.IntrinsicElements' exists.
main.tsx(3613,13): error TS7026: JSX element implicitly has type 'any' because no interface 'JSX.IntrinsicElements' exists.
main.tsx(3614,15): error TS7026: JSX element implicitly has type 'any' because no interface 'JSX.IntrinsicElements' exists.
main.tsx(3615,17): error TS7026: JSX element implicitly has type 'any' because no interface 'JSX.IntrinsicElements' exists.
main.tsx(3615,53): error TS7026: JSX element implicitly has type 'any' because no interface 'JSX.IntrinsicElements' exists.
main.tsx(3616,17): error TS7026: JSX element implicitly has type 'any' because no interface 'JSX.IntrinsicElements' exists.
main.tsx(3616,60): error TS7026: JSX element implicitly has type 'any' because no interface 'JSX.IntrinsicElements' exists.
main.tsx(3617,17): error TS7026: JSX element implicitly has type 'any' because no interface 'JSX.IntrinsicElements' exists.
main.tsx(3617,58): error TS7026: JSX element implicitly has type 'any' because no interface 'JSX.IntrinsicElements' exists.
main.tsx(3618,17): error TS7026: JSX element implicitly has type 'any' because no interface 'JSX.IntrinsicElements' exists.
main.tsx(3618,57): error TS7026: JSX element implicitly has type 'any' because no interface 'JSX.IntrinsicElements' exists.
main.tsx(3619,17): error TS7026: JSX element implicitly has type 'any' because no interface 'JSX.IntrinsicElements' exists.
main.tsx(3619,56): error TS7026: JSX element implicitly has type 'any' because no interface 'JSX.IntrinsicElements' exists.
main.tsx(3620,17): error TS7026: JSX element implicitly has type 'any' because no interface 'JSX.IntrinsicElements' exists.
main.tsx(3620,65): error TS7026: JSX element implicitly has type 'any' because no interface 'JSX.IntrinsicElements' exists.
main.tsx(3621,17): error TS7026: JSX element implicitly has type 'any' because no interface 'JSX.IntrinsicElements' exists.
main.tsx(3621,60): error TS7026: JSX element implicitly has type 'any' because no interface 'JSX.IntrinsicElements' exists.
main.tsx(3622,17): error TS7026: JSX element implicitly has type 'any' because no interface 'JSX.IntrinsicElements' exists.
main.tsx(3622,37): error TS7026: JSX element implicitly has type 'any' because no interface 'JSX.IntrinsicElements' exists.
main.tsx(3623,15): error TS7026: JSX element implicitly has type 'any' because no interface 'JSX.IntrinsicElements' exists.
main.tsx(3624,13): error TS7026: JSX element implicitly has type 'any' because no interface 'JSX.IntrinsicElements' exists.
main.tsx(3625,13): error TS7026: JSX element implicitly has type 'any' because no interface 'JSX.IntrinsicElements' exists.
main.tsx(3626,27): error TS7006: Parameter 'row' implicitly has an 'any' type.
main.tsx(3627,17): error TS7026: JSX element implicitly has type 'any' because no interface 'JSX.IntrinsicElements' exists.
main.tsx(3628,19): error TS7026: JSX element implicitly has type 'any' because no interface 'JSX.IntrinsicElements' exists.
main.tsx(3628,59): error TS7026: JSX element implicitly has type 'any' because no interface 'JSX.IntrinsicElements' exists.
main.tsx(3629,19): error TS7026: JSX element implicitly has type 'any' because no interface 'JSX.IntrinsicElements' exists.
main.tsx(3629,71): error TS7026: JSX element implicitly has type 'any' because no interface 'JSX.IntrinsicElements' exists.
main.tsx(3630,19): error TS7026: JSX element implicitly has type 'any' because no interface 'JSX.IntrinsicElements' exists.
main.tsx(3630,49): error TS7026: JSX element implicitly has type 'any' because no interface 'JSX.IntrinsicElements' exists.
main.tsx(3631,19): error TS7026: JSX element implicitly has type 'any' because no interface 'JSX.IntrinsicElements' exists.
main.tsx(3631,63): error TS7026: JSX element implicitly has type 'any' because no interface 'JSX.IntrinsicElements' exists.
main.tsx(3632,19): error TS7026: JSX element implicitly has type 'any' because no interface 'JSX.IntrinsicElements' exists.
main.tsx(3632,50): error TS7026: JSX element implicitly has type 'any' because no interface 'JSX.IntrinsicElements' exists.
main.tsx(3633,19): error TS7026: JSX element implicitly has type 'any' because no interface 'JSX.IntrinsicElements' exists.
main.tsx(3633,75): error TS7026: JSX element implicitly has type 'any' because no interface 'JSX.IntrinsicElements' exists.
main.tsx(3634,19): error TS7026: JSX element implicitly has type 'any' because no interface 'JSX.IntrinsicElements' exists.
main.tsx(3634,55): error TS7026: JSX element implicitly has type 'any' because no interface 'JSX.IntrinsicElements' exists.
main.tsx(3635,19): error TS7026: JSX element implicitly has type 'any' because no interface 'JSX.IntrinsicElements' exists.
main.tsx(3636,21): error TS7026: JSX element implicitly has type 'any' because no interface 'JSX.IntrinsicElements' exists.
main.tsx(3642,21): error TS7026: JSX element implicitly has type 'any' because no interface 'JSX.IntrinsicElements' exists.
main.tsx(3644,23): error TS7026: JSX element implicitly has type 'any' because no interface 'JSX.IntrinsicElements' exists.
main.tsx(3649,23): error TS7026: JSX element implicitly has type 'any' because no interface 'JSX.IntrinsicElements' exists.
main.tsx(3651,19): error TS7026: JSX element implicitly has type 'any' because no interface 'JSX.IntrinsicElements' exists.
main.tsx(3652,17): error TS7026: JSX element implicitly has type 'any' because no interface 'JSX.IntrinsicElements' exists.
main.tsx(3654,13): error TS7026: JSX element implicitly has type 'any' because no interface 'JSX.IntrinsicElements' exists.
main.tsx(3657,13): error TS7026: JSX element implicitly has type 'any' because no interface 'JSX.IntrinsicElements' exists.
main.tsx(3659,13): error TS7026: JSX element implicitly has type 'any' because no interface 'JSX.IntrinsicElements' exists.
main.tsx(3661,9): error TS7026: JSX element implicitly has type 'any' because no interface 'JSX.IntrinsicElements' exists.
main.tsx(3681,24): error TS7006: Parameter 'n' implicitly has an 'any' type.
main.tsx(3683,10): error TS7026: JSX element implicitly has type 'any' because no interface 'JSX.IntrinsicElements' exists.
main.tsx(3684,5): error TS7026: JSX element implicitly has type 'any' because no interface 'JSX.IntrinsicElements' exists.
main.tsx(3684,96): error TS7026: JSX element implicitly has type 'any' because no interface 'JSX.IntrinsicElements' exists.
main.tsx(3684,292): error TS7026: JSX element implicitly has type 'any' because no interface 'JSX.IntrinsicElements' exists.
main.tsx(3684,303): error TS7026: JSX element implicitly has type 'any' because no interface 'JSX.IntrinsicElements' exists.
main.tsx(3685,5): error TS7026: JSX element implicitly has type 'any' because no interface 'JSX.IntrinsicElements' exists.
main.tsx(3685,62): error TS7006: Parameter 'e' implicitly has an 'any' type.
main.tsx(3686,5): error TS7026: JSX element implicitly has type 'any' because no interface 'JSX.IntrinsicElements' exists.
main.tsx(3686,95): error TS7026: JSX element implicitly has type 'any' because no interface 'JSX.IntrinsicElements' exists.
main.tsx(3689,5): error TS7026: JSX element implicitly has type 'any' because no interface 'JSX.IntrinsicElements' exists.
main.tsx(3689,49): error TS7026: JSX element implicitly has type 'any' because no interface 'JSX.IntrinsicElements' exists.
main.tsx(3690,59): error TS7026: JSX element implicitly has type 'any' because no interface 'JSX.IntrinsicElements' exists.
main.tsx(3690,196): error TS7006: Parameter 'e' implicitly has an 'any' type.
main.tsx(3691,47): error TS7026: JSX element implicitly has type 'any' because no interface 'JSX.IntrinsicElements' exists.
main.tsx(3691,156): error TS7006: Parameter 'e' implicitly has an 'any' type.
main.tsx(3692,38): error TS7026: JSX element implicitly has type 'any' because no interface 'JSX.IntrinsicElements' exists.
main.tsx(3692,138): error TS7006: Parameter 'e' implicitly has an 'any' type.
main.tsx(3692,195): error TS7026: JSX element implicitly has type 'any' because no interface 'JSX.IntrinsicElements' exists.
main.tsx(3692,234): error TS7026: JSX element implicitly has type 'any' because no interface 'JSX.IntrinsicElements' exists.
main.tsx(3692,243): error TS7026: JSX element implicitly has type 'any' because no interface 'JSX.IntrinsicElements' exists.
main.tsx(3692,286): error TS7026: JSX element implicitly has type 'any' because no interface 'JSX.IntrinsicElements' exists.
main.tsx(3692,295): error TS7026: JSX element implicitly has type 'any' because no interface 'JSX.IntrinsicElements' exists.
main.tsx(3693,92): error TS7026: JSX element implicitly has type 'any' because no interface 'JSX.IntrinsicElements' exists.
main.tsx(3693,192): error TS7006: Parameter 'e' implicitly has an 'any' type.
main.tsx(3693,323): error TS7026: JSX element implicitly has type 'any' because no interface 'JSX.IntrinsicElements' exists.
main.tsx(3693,423): error TS7006: Parameter 'e' implicitly has an 'any' type.
main.tsx(3694,5): error TS7026: JSX element implicitly has type 'any' because no interface 'JSX.IntrinsicElements' exists.
main.tsx(3694,75): error TS7026: JSX element implicitly has type 'any' because no interface 'JSX.IntrinsicElements' exists.
main.tsx(3694,197): error TS7006: Parameter 'e' implicitly has an 'any' type.
main.tsx(3695,5): error TS7026: JSX element implicitly has type 'any' because no interface 'JSX.IntrinsicElements' exists.
main.tsx(3695,139): error TS7026: JSX element implicitly has type 'any' because no interface 'JSX.IntrinsicElements' exists.
main.tsx(3695,236): error TS7026: JSX element implicitly has type 'any' because no interface 'JSX.IntrinsicElements' exists.
main.tsx(3695,246): error TS7026: JSX element implicitly has type 'any' because no interface 'JSX.IntrinsicElements' exists.
main.tsx(3695,252): error TS7026: JSX element implicitly has type 'any' because no interface 'JSX.IntrinsicElements' exists.
main.tsx(3697,32): error TS7026: JSX element implicitly has type 'any' because no interface 'JSX.IntrinsicElements' exists.
main.tsx(3697,112): error TS7006: Parameter 'item' implicitly has an 'any' type.
main.tsx(3697,118): error TS7026: JSX element implicitly has type 'any' because no interface 'JSX.IntrinsicElements' exists.
main.tsx(3697,229): error TS7026: JSX element implicitly has type 'any' because no interface 'JSX.IntrinsicElements' exists.
main.tsx(3697,254): error TS7026: JSX element implicitly has type 'any' because no interface 'JSX.IntrinsicElements' exists.
main.tsx(3697,318): error TS7026: JSX element implicitly has type 'any' because no interface 'JSX.IntrinsicElements' exists.
main.tsx(3697,322): error TS7026: JSX element implicitly has type 'any' because no interface 'JSX.IntrinsicElements' exists.
main.tsx(3697,390): error TS7026: JSX element implicitly has type 'any' because no interface 'JSX.IntrinsicElements' exists.
main.tsx(3697,535): error TS7026: JSX element implicitly has type 'any' because no interface 'JSX.IntrinsicElements' exists.
main.tsx(3697,643): error TS7026: JSX element implicitly has type 'any' because no interface 'JSX.IntrinsicElements' exists.
main.tsx(3697,648): error TS7026: JSX element implicitly has type 'any' because no interface 'JSX.IntrinsicElements' exists.
main.tsx(3697,674): error TS7026: JSX element implicitly has type 'any' because no interface 'JSX.IntrinsicElements' exists.
main.tsx(3697,765): error TS7026: JSX element implicitly has type 'any' because no interface 'JSX.IntrinsicElements' exists.
main.tsx(3697,775): error TS7026: JSX element implicitly has type 'any' because no interface 'JSX.IntrinsicElements' exists.
main.tsx(3697,783): error TS7026: JSX element implicitly has type 'any' because no interface 'JSX.IntrinsicElements' exists.
main.tsx(3698,36): error TS7026: JSX element implicitly has type 'any' because no interface 'JSX.IntrinsicElements' exists.
main.tsx(3698,163): error TS7026: JSX element implicitly has type 'any' because no interface 'JSX.IntrinsicElements' exists.
main.tsx(3698,259): error TS7026: JSX element implicitly has type 'any' because no interface 'JSX.IntrinsicElements' exists.
main.tsx(3703,10): error TS7026: JSX element implicitly has type 'any' because no interface 'JSX.IntrinsicElements' exists.
main.tsx(3703,59): error TS7026: JSX element implicitly has type 'any' because no interface 'JSX.IntrinsicElements' exists.
main.tsx(3703,97): error TS7026: JSX element implicitly has type 'any' because no interface 'JSX.IntrinsicElements' exists.
main.tsx(3703,266): error TS7026: JSX element implicitly has type 'any' because no interface 'JSX.IntrinsicElements' exists.
main.tsx(3703,299): error TS7026: JSX element implicitly has type 'any' because no interface 'JSX.IntrinsicElements' exists.
main.tsx(3703,514): error TS7026: JSX element implicitly has type 'any' because no interface 'JSX.IntrinsicElements' exists.
main.tsx(3703,545): error TS7026: JSX element implicitly has type 'any' because no interface 'JSX.IntrinsicElements' exists.
main.tsx(3703,637): error TS7026: JSX element implicitly has type 'any' because no interface 'JSX.IntrinsicElements' exists.
main.tsx(3703,647): error TS7026: JSX element implicitly has type 'any' because no interface 'JSX.IntrinsicElements' exists.
main.tsx(3704,298): error TS7026: JSX element implicitly has type 'any' because no interface 'JSX.IntrinsicElements' exists.
main.tsx(3769,14): error TS7006: Parameter 'previous' implicitly has an 'any' type.
main.tsx(3821,5): error TS7026: JSX element implicitly has type 'any' because no interface 'JSX.IntrinsicElements' exists.
main.tsx(3831,15): error TS7026: JSX element implicitly has type 'any' because no interface 'JSX.IntrinsicElements' exists.
main.tsx(3837,15): error TS7026: JSX element implicitly has type 'any' because no interface 'JSX.IntrinsicElements' exists.
main.tsx(3844,11): error TS7026: JSX element implicitly has type 'any' because no interface 'JSX.IntrinsicElements' exists.
main.tsx(3846,15): error TS7026: JSX element implicitly has type 'any' because no interface 'JSX.IntrinsicElements' exists.
main.tsx(3848,28): error TS7006: Parameter 'event' implicitly has an 'any' type.
main.tsx(3858,15): error TS7026: JSX element implicitly has type 'any' because no interface 'JSX.IntrinsicElements' exists.
main.tsx(3860,28): error TS7006: Parameter 'event' implicitly has an 'any' type.
main.tsx(3869,19): error TS7026: JSX element implicitly has type 'any' because no interface 'JSX.IntrinsicElements' exists.
main.tsx(3871,19): error TS7026: JSX element implicitly has type 'any' because no interface 'JSX.IntrinsicElements' exists.
main.tsx(3873,15): error TS7026: JSX element implicitly has type 'any' because no interface 'JSX.IntrinsicElements' exists.
main.tsx(3876,15): error TS7026: JSX element implicitly has type 'any' because no interface 'JSX.IntrinsicElements' exists.
main.tsx(3879,28): error TS7006: Parameter 'event' implicitly has an 'any' type.
main.tsx(3889,15): error TS7026: JSX element implicitly has type 'any' because no interface 'JSX.IntrinsicElements' exists.
main.tsx(3891,28): error TS7006: Parameter 'event' implicitly has an 'any' type.
main.tsx(3901,21): error TS7026: JSX element implicitly has type 'any' because no interface 'JSX.IntrinsicElements' exists.
main.tsx(3903,21): error TS7026: JSX element implicitly has type 'any' because no interface 'JSX.IntrinsicElements' exists.
main.tsx(3906,15): error TS7026: JSX element implicitly has type 'any' because no interface 'JSX.IntrinsicElements' exists.
main.tsx(3915,17): error TS7026: JSX element implicitly has type 'any' because no interface 'JSX.IntrinsicElements' exists.
main.tsx(3920,30): error TS7006: Parameter 'event' implicitly has an 'any' type.
main.tsx(3932,17): error TS7026: JSX element implicitly has type 'any' because no interface 'JSX.IntrinsicElements' exists.
main.tsx(3937,30): error TS7006: Parameter 'event' implicitly has an 'any' type.
main.tsx(3948,15): error TS7026: JSX element implicitly has type 'any' because no interface 'JSX.IntrinsicElements' exists.
main.tsx(3950,28): error TS7006: Parameter 'event' implicitly has an 'any' type.
main.tsx(3964,15): error TS7026: JSX element implicitly has type 'any' because no interface 'JSX.IntrinsicElements' exists.
main.tsx(3966,28): error TS7006: Parameter 'event' implicitly has an 'any' type.
main.tsx(3980,13): error TS7026: JSX element implicitly has type 'any' because no interface 'JSX.IntrinsicElements' exists.
main.tsx(3981,15): error TS7026: JSX element implicitly has type 'any' because no interface 'JSX.IntrinsicElements' exists.
main.tsx(3986,15): error TS7026: JSX element implicitly has type 'any' because no interface 'JSX.IntrinsicElements' exists.
main.tsx(3987,13): error TS7026: JSX element implicitly has type 'any' because no interface 'JSX.IntrinsicElements' exists.
main.tsx(3988,11): error TS7026: JSX element implicitly has type 'any' because no interface 'JSX.IntrinsicElements' exists.
main.tsx(4000,9): error TS7026: JSX element implicitly has type 'any' because no interface 'JSX.IntrinsicElements' exists.
main.tsx(4001,27): error TS7006: Parameter 'item' implicitly has an 'any' type.
main.tsx(4002,13): error TS7026: JSX element implicitly has type 'any' because no interface 'JSX.IntrinsicElements' exists.
main.tsx(4006,15): error TS7026: JSX element implicitly has type 'any' because no interface 'JSX.IntrinsicElements' exists.
main.tsx(4007,17): error TS7026: JSX element implicitly has type 'any' because no interface 'JSX.IntrinsicElements' exists.
main.tsx(4008,19): error TS7026: JSX element implicitly has type 'any' because no interface 'JSX.IntrinsicElements' exists.
main.tsx(4008,71): error TS7026: JSX element implicitly has type 'any' because no interface 'JSX.IntrinsicElements' exists.
main.tsx(4013,17): error TS7026: JSX element implicitly has type 'any' because no interface 'JSX.IntrinsicElements' exists.
main.tsx(4014,17): error TS7026: JSX element implicitly has type 'any' because no interface 'JSX.IntrinsicElements' exists.
main.tsx(4018,17): error TS7026: JSX element implicitly has type 'any' because no interface 'JSX.IntrinsicElements' exists.
main.tsx(4019,15): error TS7026: JSX element implicitly has type 'any' because no interface 'JSX.IntrinsicElements' exists.
main.tsx(4021,17): error TS7026: JSX element implicitly has type 'any' because no interface 'JSX.IntrinsicElements' exists.
main.tsx(4022,19): error TS7026: JSX element implicitly has type 'any' because no interface 'JSX.IntrinsicElements' exists.
main.tsx(4028,19): error TS7026: JSX element implicitly has type 'any' because no interface 'JSX.IntrinsicElements' exists.
main.tsx(4029,19): error TS7026: JSX element implicitly has type 'any' because no interface 'JSX.IntrinsicElements' exists.
main.tsx(4036,19): error TS7026: JSX element implicitly has type 'any' because no interface 'JSX.IntrinsicElements' exists.
main.tsx(4037,19): error TS7026: JSX element implicitly has type 'any' because no interface 'JSX.IntrinsicElements' exists.
main.tsx(4042,19): error TS7026: JSX element implicitly has type 'any' because no interface 'JSX.IntrinsicElements' exists.
main.tsx(4043,17): error TS7026: JSX element implicitly has type 'any' because no interface 'JSX.IntrinsicElements' exists.
main.tsx(4045,13): error TS7026: JSX element implicitly has type 'any' because no interface 'JSX.IntrinsicElements' exists.
main.tsx(4048,13): error TS7026: JSX element implicitly has type 'any' because no interface 'JSX.IntrinsicElements' exists.
main.tsx(4050,13): error TS7026: JSX element implicitly has type 'any' because no interface 'JSX.IntrinsicElements' exists.
main.tsx(4052,9): error TS7026: JSX element implicitly has type 'any' because no interface 'JSX.IntrinsicElements' exists.
main.tsx(4063,9): error TS7026: JSX element implicitly has type 'any' because no interface 'JSX.IntrinsicElements' exists.
main.tsx(4065,13): error TS7026: JSX element implicitly has type 'any' because no interface 'JSX.IntrinsicElements' exists.
main.tsx(4066,15): error TS7026: JSX element implicitly has type 'any' because no interface 'JSX.IntrinsicElements' exists.
main.tsx(4067,17): error TS7026: JSX element implicitly has type 'any' because no interface 'JSX.IntrinsicElements' exists.
main.tsx(4067,58): error TS7026: JSX element implicitly has type 'any' because no interface 'JSX.IntrinsicElements' exists.
main.tsx(4068,17): error TS7026: JSX element implicitly has type 'any' because no interface 'JSX.IntrinsicElements' exists.
main.tsx(4068,57): error TS7026: JSX element implicitly has type 'any' because no interface 'JSX.IntrinsicElements' exists.
main.tsx(4069,17): error TS7026: JSX element implicitly has type 'any' because no interface 'JSX.IntrinsicElements' exists.
main.tsx(4069,57): error TS7026: JSX element implicitly has type 'any' because no interface 'JSX.IntrinsicElements' exists.
main.tsx(4070,17): error TS7026: JSX element implicitly has type 'any' because no interface 'JSX.IntrinsicElements' exists.
main.tsx(4070,58): error TS7026: JSX element implicitly has type 'any' because no interface 'JSX.IntrinsicElements' exists.
main.tsx(4071,17): error TS7026: JSX element implicitly has type 'any' because no interface 'JSX.IntrinsicElements' exists.
main.tsx(4071,58): error TS7026: JSX element implicitly has type 'any' because no interface 'JSX.IntrinsicElements' exists.
main.tsx(4072,17): error TS7026: JSX element implicitly has type 'any' because no interface 'JSX.IntrinsicElements' exists.
main.tsx(4072,56): error TS7026: JSX element implicitly has type 'any' because no interface 'JSX.IntrinsicElements' exists.
main.tsx(4073,15): error TS7026: JSX element implicitly has type 'any' because no interface 'JSX.IntrinsicElements' exists.
main.tsx(4074,13): error TS7026: JSX element implicitly has type 'any' because no interface 'JSX.IntrinsicElements' exists.
main.tsx(4075,13): error TS7026: JSX element implicitly has type 'any' because no interface 'JSX.IntrinsicElements' exists.
main.tsx(4076,26): error TS7006: Parameter 'item' implicitly has an 'any' type.
main.tsx(4079,19): error TS7026: JSX element implicitly has type 'any' because no interface 'JSX.IntrinsicElements' exists.
main.tsx(4080,21): error TS7026: JSX element implicitly has type 'any' because no interface 'JSX.IntrinsicElements' exists.
main.tsx(4080,74): error TS7026: JSX element implicitly has type 'any' because no interface 'JSX.IntrinsicElements' exists.
main.tsx(4081,21): error TS7026: JSX element implicitly has type 'any' because no interface 'JSX.IntrinsicElements' exists.
main.tsx(4085,21): error TS7026: JSX element implicitly has type 'any' because no interface 'JSX.IntrinsicElements' exists.
main.tsx(4086,21): error TS7026: JSX element implicitly has type 'any' because no interface 'JSX.IntrinsicElements' exists.
main.tsx(4100,21): error TS7026: JSX element implicitly has type 'any' because no interface 'JSX.IntrinsicElements' exists.
main.tsx(4101,21): error TS7026: JSX element implicitly has type 'any' because no interface 'JSX.IntrinsicElements' exists.
main.tsx(4101,69): error TS7026: JSX element implicitly has type 'any' because no interface 'JSX.IntrinsicElements' exists.
main.tsx(4102,21): error TS7026: JSX element implicitly has type 'any' because no interface 'JSX.IntrinsicElements' exists.
main.tsx(4104,21): error TS7026: JSX element implicitly has type 'any' because no interface 'JSX.IntrinsicElements' exists.
main.tsx(4105,21): error TS7026: JSX element implicitly has type 'any' because no interface 'JSX.IntrinsicElements' exists.
main.tsx(4107,21): error TS7026: JSX element implicitly has type 'any' because no interface 'JSX.IntrinsicElements' exists.
main.tsx(4108,19): error TS7026: JSX element implicitly has type 'any' because no interface 'JSX.IntrinsicElements' exists.
main.tsx(4112,17): error TS7026: JSX element implicitly has type 'any' because no interface 'JSX.IntrinsicElements' exists.
main.tsx(4113,19): error TS7026: JSX element implicitly has type 'any' because no interface 'JSX.IntrinsicElements' exists.
main.tsx(4118,19): error TS7026: JSX element implicitly has type 'any' because no interface 'JSX.IntrinsicElements' exists.
main.tsx(4119,17): error TS7026: JSX element implicitly has type 'any' because no interface 'JSX.IntrinsicElements' exists.
main.tsx(4121,13): error TS7026: JSX element implicitly has type 'any' because no interface 'JSX.IntrinsicElements' exists.
main.tsx(4123,9): error TS7026: JSX element implicitly has type 'any' because no interface 'JSX.IntrinsicElements' exists.
main.tsx(4125,5): error TS7026: JSX element implicitly has type 'any' because no interface 'JSX.IntrinsicElements' exists.
main.tsx(4141,84): error TS7006: Parameter 'm' implicitly has an 'any' type.
main.tsx(4141,111): error TS7006: Parameter 'm' implicitly has an 'any' type.
main.tsx(4142,309): error TS7006: Parameter 'n' implicitly has an 'any' type.
main.tsx(4147,222): error TS7006: Parameter 'n' implicitly has an 'any' type.
main.tsx(4150,10): error TS7026: JSX element implicitly has type 'any' because no interface 'JSX.IntrinsicElements' exists.
main.tsx(4152,7): error TS7026: JSX element implicitly has type 'any' because no interface 'JSX.IntrinsicElements' exists.
main.tsx(4152,115): error TS7026: JSX element implicitly has type 'any' because no interface 'JSX.IntrinsicElements' exists.
main.tsx(4152,227): error TS7006: Parameter 'e' implicitly has an 'any' type.
main.tsx(4152,341): error TS7026: JSX element implicitly has type 'any' because no interface 'JSX.IntrinsicElements' exists.
main.tsx(4152,459): error TS7006: Parameter 'e' implicitly has an 'any' type.
main.tsx(4152,529): error TS7026: JSX element implicitly has type 'any' because no interface 'JSX.IntrinsicElements' exists.
main.tsx(4152,666): error TS7026: JSX element implicitly has type 'any' because no interface 'JSX.IntrinsicElements' exists.
main.tsx(4152,672): error TS7026: JSX element implicitly has type 'any' because no interface 'JSX.IntrinsicElements' exists.
main.tsx(4153,7): error TS7026: JSX element implicitly has type 'any' because no interface 'JSX.IntrinsicElements' exists.
main.tsx(4153,97): error TS7026: JSX element implicitly has type 'any' because no interface 'JSX.IntrinsicElements' exists.
main.tsx(4155,7): error TS7026: JSX element implicitly has type 'any' because no interface 'JSX.IntrinsicElements' exists.
main.tsx(4155,164): error TS7026: JSX element implicitly has type 'any' because no interface 'JSX.IntrinsicElements' exists.
main.tsx(4155,317): error TS7026: JSX element implicitly has type 'any' because no interface 'JSX.IntrinsicElements' exists.
main.tsx(4155,328): error TS7026: JSX element implicitly has type 'any' because no interface 'JSX.IntrinsicElements' exists.
main.tsx(4156,7): error TS7026: JSX element implicitly has type 'any' because no interface 'JSX.IntrinsicElements' exists.
main.tsx(4156,98): error TS7026: JSX element implicitly has type 'any' because no interface 'JSX.IntrinsicElements' exists.
main.tsx(4156,105): error TS7026: JSX element implicitly has type 'any' because no interface 'JSX.IntrinsicElements' exists.
main.tsx(4156,217): error TS7026: JSX element implicitly has type 'any' because no interface 'JSX.IntrinsicElements' exists.
main.tsx(4156,256): error TS7026: JSX element implicitly has type 'any' because no interface 'JSX.IntrinsicElements' exists.
main.tsx(4156,263): error TS7026: JSX element implicitly has type 'any' because no interface 'JSX.IntrinsicElements' exists.
main.tsx(4156,268): error TS7026: JSX element implicitly has type 'any' because no interface 'JSX.IntrinsicElements' exists.
main.tsx(4156,276): error TS7026: JSX element implicitly has type 'any' because no interface 'JSX.IntrinsicElements' exists.
main.tsx(4156,331): error TS7006: Parameter 'row' implicitly has an 'any' type.
main.tsx(4156,336): error TS7026: JSX element implicitly has type 'any' because no interface 'JSX.IntrinsicElements' exists.
main.tsx(4156,353): error TS7026: JSX element implicitly has type 'any' because no interface 'JSX.IntrinsicElements' exists.
main.tsx(4156,404): error TS7026: JSX element implicitly has type 'any' because no interface 'JSX.IntrinsicElements' exists.
main.tsx(4156,409): error TS7026: JSX element implicitly has type 'any' because no interface 'JSX.IntrinsicElements' exists.
main.tsx(4156,445): error TS7026: JSX element implicitly has type 'any' because no interface 'JSX.IntrinsicElements' exists.
main.tsx(4156,450): error TS7026: JSX element implicitly has type 'any' because no interface 'JSX.IntrinsicElements' exists.
main.tsx(4156,491): error TS7026: JSX element implicitly has type 'any' because no interface 'JSX.IntrinsicElements' exists.
main.tsx(4156,496): error TS7026: JSX element implicitly has type 'any' because no interface 'JSX.IntrinsicElements' exists.
main.tsx(4156,569): error TS7006: Parameter 'm' implicitly has an 'any' type.
main.tsx(4156,596): error TS7006: Parameter 'm' implicitly has an 'any' type.
main.tsx(4156,631): error TS7026: JSX element implicitly has type 'any' because no interface 'JSX.IntrinsicElements' exists.
main.tsx(4156,636): error TS7026: JSX element implicitly has type 'any' because no interface 'JSX.IntrinsicElements' exists.
main.tsx(4156,774): error TS7026: JSX element implicitly has type 'any' because no interface 'JSX.IntrinsicElements' exists.
main.tsx(4156,779): error TS7026: JSX element implicitly has type 'any' because no interface 'JSX.IntrinsicElements' exists.
main.tsx(4156,799): error TS7026: JSX element implicitly has type 'any' because no interface 'JSX.IntrinsicElements' exists.
main.tsx(4156,897): error TS7026: JSX element implicitly has type 'any' because no interface 'JSX.IntrinsicElements' exists.
main.tsx(4156,906): error TS7026: JSX element implicitly has type 'any' because no interface 'JSX.IntrinsicElements' exists.
main.tsx(4156,911): error TS7026: JSX element implicitly has type 'any' because no interface 'JSX.IntrinsicElements' exists.
main.tsx(4156,918): error TS7026: JSX element implicitly has type 'any' because no interface 'JSX.IntrinsicElements' exists.
main.tsx(4156,944): error TS7026: JSX element implicitly has type 'any' because no interface 'JSX.IntrinsicElements' exists.
main.tsx(4158,233): error TS7026: JSX element implicitly has type 'any' because no interface 'JSX.IntrinsicElements' exists.
main.tsx(4158,272): error TS7006: Parameter 'event' implicitly has an 'any' type.
main.tsx(4158,279): error TS7026: JSX element implicitly has type 'any' because no interface 'JSX.IntrinsicElements' exists.
main.tsx(4158,358): error TS7026: JSX element implicitly has type 'any' because no interface 'JSX.IntrinsicElements' exists.
main.tsx(4158,450): error TS7026: JSX element implicitly has type 'any' because no interface 'JSX.IntrinsicElements' exists.
main.tsx(4158,454): error TS7026: JSX element implicitly has type 'any' because no interface 'JSX.IntrinsicElements' exists.
main.tsx(4158,523): error TS7026: JSX element implicitly has type 'any' because no interface 'JSX.IntrinsicElements' exists.
main.tsx(4158,527): error TS7026: JSX element implicitly has type 'any' because no interface 'JSX.IntrinsicElements' exists.
main.tsx(4158,570): error TS7026: JSX element implicitly has type 'any' because no interface 'JSX.IntrinsicElements' exists.
main.tsx(4158,661): error TS7026: JSX element implicitly has type 'any' because no interface 'JSX.IntrinsicElements' exists.
main.tsx(4158,666): error TS7026: JSX element implicitly has type 'any' because no interface 'JSX.IntrinsicElements' exists.
main.tsx(4160,17): error TS7026: JSX element implicitly has type 'any' because no interface 'JSX.IntrinsicElements' exists.
main.tsx(4160,61): error TS7026: JSX element implicitly has type 'any' because no interface 'JSX.IntrinsicElements' exists.
main.tsx(4160,139): error TS7026: JSX element implicitly has type 'any' because no interface 'JSX.IntrinsicElements' exists.
main.tsx(4161,38): error TS7026: JSX element implicitly has type 'any' because no interface 'JSX.IntrinsicElements' exists.
main.tsx(4161,137): error TS7006: Parameter 'e' implicitly has an 'any' type.
main.tsx(4161,246): error TS7026: JSX element implicitly has type 'any' because no interface 'JSX.IntrinsicElements' exists.
main.tsx(4161,298): error TS7026: JSX element implicitly has type 'any' because no interface 'JSX.IntrinsicElements' exists.
main.tsx(4161,353): error TS7026: JSX element implicitly has type 'any' because no interface 'JSX.IntrinsicElements' exists.
main.tsx(4161,402): error TS7026: JSX element implicitly has type 'any' because no interface 'JSX.IntrinsicElements' exists.
main.tsx(4161,413): error TS7026: JSX element implicitly has type 'any' because no interface 'JSX.IntrinsicElements' exists.
main.tsx(4162,9): error TS7026: JSX element implicitly has type 'any' because no interface 'JSX.IntrinsicElements' exists.
main.tsx(4162,57): error TS7026: JSX element implicitly has type 'any' because no interface 'JSX.IntrinsicElements' exists.
main.tsx(4162,118): error TS7006: Parameter 'e' implicitly has an 'any' type.
main.tsx(4162,200): error TS7026: JSX element implicitly has type 'any' because no interface 'JSX.IntrinsicElements' exists.
main.tsx(4163,34): error TS7026: JSX element implicitly has type 'any' because no interface 'JSX.IntrinsicElements' exists.
main.tsx(4163,61): error TS7026: JSX element implicitly has type 'any' because no interface 'JSX.IntrinsicElements' exists.
main.tsx(4163,102): error TS7026: JSX element implicitly has type 'any' because no interface 'JSX.IntrinsicElements' exists.
main.tsx(4163,130): error TS7026: JSX element implicitly has type 'any' because no interface 'JSX.IntrinsicElements' exists.
main.tsx(4163,206): error TS7026: JSX element implicitly has type 'any' because no interface 'JSX.IntrinsicElements' exists.
main.tsx(4163,345): error TS7006: Parameter 'e' implicitly has an 'any' type.
main.tsx(4163,369): error TS7006: Parameter 'v' implicitly has an 'any' type.
main.tsx(4163,412): error TS7006: Parameter 'code' implicitly has an 'any' type.
main.tsx(4163,485): error TS7026: JSX element implicitly has type 'any' because no interface 'JSX.IntrinsicElements' exists.
main.tsx(4163,495): error TS7026: JSX element implicitly has type 'any' because no interface 'JSX.IntrinsicElements' exists.
main.tsx(4164,63): error TS7026: JSX element implicitly has type 'any' because no interface 'JSX.IntrinsicElements' exists.
main.tsx(4164,187): error TS7006: Parameter 'e' implicitly has an 'any' type.
main.tsx(4166,7): error TS7026: JSX element implicitly has type 'any' because no interface 'JSX.IntrinsicElements' exists.
main.tsx(4168,3): error TS7026: JSX element implicitly has type 'any' because no interface 'JSX.IntrinsicElements' exists.
main.tsx(4198,6): error TS7006: Parameter 'item' implicitly has an 'any' type.
main.tsx(4206,5): error TS7026: JSX element implicitly has type 'any' because no interface 'JSX.IntrinsicElements' exists.
main.tsx(4215,9): error TS7026: JSX element implicitly has type 'any' because no interface 'JSX.IntrinsicElements' exists.
main.tsx(4217,13): error TS7026: JSX element implicitly has type 'any' because no interface 'JSX.IntrinsicElements' exists.
main.tsx(4219,26): error TS7006: Parameter 'e' implicitly has an 'any' type.
main.tsx(4230,17): error TS7026: JSX element implicitly has type 'any' because no interface 'JSX.IntrinsicElements' exists.
main.tsx(4232,17): error TS7026: JSX element implicitly has type 'any' because no interface 'JSX.IntrinsicElements' exists.
main.tsx(4234,13): error TS7026: JSX element implicitly has type 'any' because no interface 'JSX.IntrinsicElements' exists.
main.tsx(4237,13): error TS7026: JSX element implicitly has type 'any' because no interface 'JSX.IntrinsicElements' exists.
main.tsx(4239,26): error TS7006: Parameter 'e' implicitly has an 'any' type.
main.tsx(4243,11): error TS7026: JSX element implicitly has type 'any' because no interface 'JSX.IntrinsicElements' exists.
main.tsx(4244,13): error TS7026: JSX element implicitly has type 'any' because no interface 'JSX.IntrinsicElements' exists.
main.tsx(4249,13): error TS7026: JSX element implicitly has type 'any' because no interface 'JSX.IntrinsicElements' exists.
main.tsx(4250,11): error TS7026: JSX element implicitly has type 'any' because no interface 'JSX.IntrinsicElements' exists.
main.tsx(4251,9): error TS7026: JSX element implicitly has type 'any' because no interface 'JSX.IntrinsicElements' exists.
main.tsx(4253,11): error TS7026: JSX element implicitly has type 'any' because no interface 'JSX.IntrinsicElements' exists.
main.tsx(4260,11): error TS7026: JSX element implicitly has type 'any' because no interface 'JSX.IntrinsicElements' exists.
main.tsx(4271,13): error TS7026: JSX element implicitly has type 'any' because no interface 'JSX.IntrinsicElements' exists.
main.tsx(4273,26): error TS7006: Parameter 'e' implicitly has an 'any' type.
main.tsx(4279,9): error TS7026: JSX element implicitly has type 'any' because no interface 'JSX.IntrinsicElements' exists.
main.tsx(4280,26): error TS7006: Parameter 'item' implicitly has an 'any' type.
main.tsx(4281,13): error TS7026: JSX element implicitly has type 'any' because no interface 'JSX.IntrinsicElements' exists.
main.tsx(4286,15): error TS7026: JSX element implicitly has type 'any' because no interface 'JSX.IntrinsicElements' exists.
main.tsx(4288,15): error TS7026: JSX element implicitly has type 'any' because no interface 'JSX.IntrinsicElements' exists.
main.tsx(4289,15): error TS7026: JSX element implicitly has type 'any' because no interface 'JSX.IntrinsicElements' exists.
main.tsx(4291,15): error TS7026: JSX element implicitly has type 'any' because no interface 'JSX.IntrinsicElements' exists.
main.tsx(4292,15): error TS7026: JSX element implicitly has type 'any' because no interface 'JSX.IntrinsicElements' exists.
main.tsx(4296,15): error TS7026: JSX element implicitly has type 'any' because no interface 'JSX.IntrinsicElements' exists.
main.tsx(4297,13): error TS7026: JSX element implicitly has type 'any' because no interface 'JSX.IntrinsicElements' exists.
main.tsx(4300,13): error TS7026: JSX element implicitly has type 'any' because no interface 'JSX.IntrinsicElements' exists.
main.tsx(4302,13): error TS7026: JSX element implicitly has type 'any' because no interface 'JSX.IntrinsicElements' exists.
main.tsx(4304,9): error TS7026: JSX element implicitly has type 'any' because no interface 'JSX.IntrinsicElements' exists.
main.tsx(4306,5): error TS7026: JSX element implicitly has type 'any' because no interface 'JSX.IntrinsicElements' exists.
main.tsx(4359,10): error TS7006: Parameter 'sum' implicitly has an 'any' type.
main.tsx(4359,15): error TS7006: Parameter 'row' implicitly has an 'any' type.
main.tsx(4363,10): error TS7006: Parameter 'sum' implicitly has an 'any' type.
main.tsx(4363,15): error TS7006: Parameter 'row' implicitly has an 'any' type.
main.tsx(4367,10): error TS7006: Parameter 'sum' implicitly has an 'any' type.
main.tsx(4367,15): error TS7006: Parameter 'row' implicitly has an 'any' type.
main.tsx(4466,5): error TS7026: JSX element implicitly has type 'any' because no interface 'JSX.IntrinsicElements' exists.
main.tsx(4467,7): error TS7026: JSX element implicitly has type 'any' because no interface 'JSX.IntrinsicElements' exists.
main.tsx(4498,7): error TS7026: JSX element implicitly has type 'any' because no interface 'JSX.IntrinsicElements' exists.
main.tsx(4507,13): error TS7026: JSX element implicitly has type 'any' because no interface 'JSX.IntrinsicElements' exists.
main.tsx(4509,13): error TS7026: JSX element implicitly has type 'any' because no interface 'JSX.IntrinsicElements' exists.
main.tsx(4512,9): error TS7026: JSX element implicitly has type 'any' because no interface 'JSX.IntrinsicElements' exists.
main.tsx(4514,13): error TS7026: JSX element implicitly has type 'any' because no interface 'JSX.IntrinsicElements' exists.
main.tsx(4519,15): error TS7026: JSX element implicitly has type 'any' because no interface 'JSX.IntrinsicElements' exists.
main.tsx(4519,76): error TS7026: JSX element implicitly has type 'any' because no interface 'JSX.IntrinsicElements' exists.
main.tsx(4521,13): error TS7026: JSX element implicitly has type 'any' because no interface 'JSX.IntrinsicElements' exists.
main.tsx(4523,9): error TS7026: JSX element implicitly has type 'any' because no interface 'JSX.IntrinsicElements' exists.
main.tsx(4525,5): error TS7026: JSX element implicitly has type 'any' because no interface 'JSX.IntrinsicElements' exists.
main.tsx(4562,5): error TS7026: JSX element implicitly has type 'any' because no interface 'JSX.IntrinsicElements' exists.
main.tsx(4563,7): error TS7026: JSX element implicitly has type 'any' because no interface 'JSX.IntrinsicElements' exists.
main.tsx(4564,9): error TS7026: JSX element implicitly has type 'any' because no interface 'JSX.IntrinsicElements' exists.
main.tsx(4566,13): error TS7026: JSX element implicitly has type 'any' because no interface 'JSX.IntrinsicElements' exists.
main.tsx(4572,13): error TS7026: JSX element implicitly has type 'any' because no interface 'JSX.IntrinsicElements' exists.
main.tsx(4574,9): error TS7026: JSX element implicitly has type 'any' because no interface 'JSX.IntrinsicElements' exists.
main.tsx(4575,7): error TS7026: JSX element implicitly has type 'any' because no interface 'JSX.IntrinsicElements' exists.
main.tsx(4606,5): error TS7026: JSX element implicitly has type 'any' because no interface 'JSX.IntrinsicElements' exists.
main.tsx(4709,5): error TS7026: JSX element implicitly has type 'any' because no interface 'JSX.IntrinsicElements' exists.
main.tsx(4710,7): error TS7026: JSX element implicitly has type 'any' because no interface 'JSX.IntrinsicElements' exists.
main.tsx(4711,9): error TS7026: JSX element implicitly has type 'any' because no interface 'JSX.IntrinsicElements' exists.
main.tsx(4712,11): error TS7026: JSX element implicitly has type 'any' because no interface 'JSX.IntrinsicElements' exists.
main.tsx(4713,13): error TS7026: JSX element implicitly has type 'any' because no interface 'JSX.IntrinsicElements' exists.
main.tsx(4714,15): error TS7026: JSX element implicitly has type 'any' because no interface 'JSX.IntrinsicElements' exists.
main.tsx(4714,90): error TS7026: JSX element implicitly has type 'any' because no interface 'JSX.IntrinsicElements' exists.
main.tsx(4715,13): error TS7026: JSX element implicitly has type 'any' because no interface 'JSX.IntrinsicElements' exists.
main.tsx(4716,13): error TS7026: JSX element implicitly has type 'any' because no interface 'JSX.IntrinsicElements' exists.
main.tsx(4718,13): error TS7026: JSX element implicitly has type 'any' because no interface 'JSX.IntrinsicElements' exists.
main.tsx(4719,13): error TS7026: JSX element implicitly has type 'any' because no interface 'JSX.IntrinsicElements' exists.
main.tsx(4724,13): error TS7026: JSX element implicitly has type 'any' because no interface 'JSX.IntrinsicElements' exists.
main.tsx(4725,11): error TS7026: JSX element implicitly has type 'any' because no interface 'JSX.IntrinsicElements' exists.
main.tsx(4728,13): error TS7026: JSX element implicitly has type 'any' because no interface 'JSX.IntrinsicElements' exists.
main.tsx(4730,13): error TS7026: JSX element implicitly has type 'any' because no interface 'JSX.IntrinsicElements' exists.
main.tsx(4732,13): error TS7026: JSX element implicitly has type 'any' because no interface 'JSX.IntrinsicElements' exists.
main.tsx(4733,15): error TS7026: JSX element implicitly has type 'any' because no interface 'JSX.IntrinsicElements' exists.
main.tsx(4734,17): error TS7026: JSX element implicitly has type 'any' because no interface 'JSX.IntrinsicElements' exists.
main.tsx(4735,19): error TS7026: JSX element implicitly has type 'any' because no interface 'JSX.IntrinsicElements' exists.
main.tsx(4737,19): error TS7026: JSX element implicitly has type 'any' because no interface 'JSX.IntrinsicElements' exists.
main.tsx(4738,19): error TS7026: JSX element implicitly has type 'any' because no interface 'JSX.IntrinsicElements' exists.
main.tsx(4740,19): error TS7026: JSX element implicitly has type 'any' because no interface 'JSX.IntrinsicElements' exists.
main.tsx(4741,17): error TS7026: JSX element implicitly has type 'any' because no interface 'JSX.IntrinsicElements' exists.
main.tsx(4742,17): error TS7026: JSX element implicitly has type 'any' because no interface 'JSX.IntrinsicElements' exists.
main.tsx(4743,19): error TS7026: JSX element implicitly has type 'any' because no interface 'JSX.IntrinsicElements' exists.
main.tsx(4745,19): error TS7026: JSX element implicitly has type 'any' because no interface 'JSX.IntrinsicElements' exists.
main.tsx(4746,19): error TS7026: JSX element implicitly has type 'any' because no interface 'JSX.IntrinsicElements' exists.
main.tsx(4748,19): error TS7026: JSX element implicitly has type 'any' because no interface 'JSX.IntrinsicElements' exists.
main.tsx(4749,17): error TS7026: JSX element implicitly has type 'any' because no interface 'JSX.IntrinsicElements' exists.
main.tsx(4750,15): error TS7026: JSX element implicitly has type 'any' because no interface 'JSX.IntrinsicElements' exists.
main.tsx(4753,19): error TS7026: JSX element implicitly has type 'any' because no interface 'JSX.IntrinsicElements' exists.
main.tsx(4753,71): error TS7026: JSX element implicitly has type 'any' because no interface 'JSX.IntrinsicElements' exists.
main.tsx(4756,17): error TS7026: JSX element implicitly has type 'any' because no interface 'JSX.IntrinsicElements' exists.
main.tsx(4764,19): error TS7026: JSX element implicitly has type 'any' because no interface 'JSX.IntrinsicElements' exists.
main.tsx(4766,19): error TS7026: JSX element implicitly has type 'any' because no interface 'JSX.IntrinsicElements' exists.
main.tsx(4769,17): error TS7026: JSX element implicitly has type 'any' because no interface 'JSX.IntrinsicElements' exists.
main.tsx(4775,30): error TS7006: Parameter 'event' implicitly has an 'any' type.
main.tsx(4781,19): error TS7026: JSX element implicitly has type 'any' because no interface 'JSX.IntrinsicElements' exists.
main.tsx(4783,19): error TS7026: JSX element implicitly has type 'any' because no interface 'JSX.IntrinsicElements' exists.
main.tsx(4786,17): error TS7026: JSX element implicitly has type 'any' because no interface 'JSX.IntrinsicElements' exists.
main.tsx(4792,30): error TS7006: Parameter 'event' implicitly has an 'any' type.
main.tsx(4797,17): error TS7026: JSX element implicitly has type 'any' because no interface 'JSX.IntrinsicElements' exists.
main.tsx(4799,17): error TS7026: JSX element implicitly has type 'any' because no interface 'JSX.IntrinsicElements' exists.
main.tsx(4802,17): error TS7026: JSX element implicitly has type 'any' because no interface 'JSX.IntrinsicElements' exists.
main.tsx(4804,17): error TS7026: JSX element implicitly has type 'any' because no interface 'JSX.IntrinsicElements' exists.
main.tsx(4815,13): error TS7026: JSX element implicitly has type 'any' because no interface 'JSX.IntrinsicElements' exists.
main.tsx(4817,13): error TS7026: JSX element implicitly has type 'any' because no interface 'JSX.IntrinsicElements' exists.
main.tsx(4818,15): error TS7026: JSX element implicitly has type 'any' because no interface 'JSX.IntrinsicElements' exists.
main.tsx(4820,15): error TS7026: JSX element implicitly has type 'any' because no interface 'JSX.IntrinsicElements' exists.
main.tsx(4821,13): error TS7026: JSX element implicitly has type 'any' because no interface 'JSX.IntrinsicElements' exists.
main.tsx(4824,11): error TS7026: JSX element implicitly has type 'any' because no interface 'JSX.IntrinsicElements' exists.
main.tsx(4829,11): error TS7026: JSX element implicitly has type 'any' because no interface 'JSX.IntrinsicElements' exists.
main.tsx(4830,9): error TS7026: JSX element implicitly has type 'any' because no interface 'JSX.IntrinsicElements' exists.
main.tsx(4831,7): error TS7026: JSX element implicitly has type 'any' because no interface 'JSX.IntrinsicElements' exists.
main.tsx(4832,5): error TS7026: JSX element implicitly has type 'any' because no interface 'JSX.IntrinsicElements' exists.
main.tsx(4865,5): error TS7026: JSX element implicitly has type 'any' because no interface 'JSX.IntrinsicElements' exists.
main.tsx(4867,9): error TS7026: JSX element implicitly has type 'any' because no interface 'JSX.IntrinsicElements' exists.
main.tsx(4869,9): error TS7026: JSX element implicitly has type 'any' because no interface 'JSX.IntrinsicElements' exists.
main.tsx(4870,9): error TS7026: JSX element implicitly has type 'any' because no interface 'JSX.IntrinsicElements' exists.
main.tsx(4875,9): error TS7026: JSX element implicitly has type 'any' because no interface 'JSX.IntrinsicElements' exists.
main.tsx(4876,9): error TS7026: JSX element implicitly has type 'any' because no interface 'JSX.IntrinsicElements' exists.
main.tsx(4878,13): error TS7026: JSX element implicitly has type 'any' because no interface 'JSX.IntrinsicElements' exists.
main.tsx(4884,26): error TS7006: Parameter 'event' implicitly has an 'any' type.
main.tsx(4889,13): error TS7026: JSX element implicitly has type 'any' because no interface 'JSX.IntrinsicElements' exists.
main.tsx(4895,26): error TS7006: Parameter 'event' implicitly has an 'any' type.
main.tsx(4900,13): error TS7026: JSX element implicitly has type 'any' because no interface 'JSX.IntrinsicElements' exists.
main.tsx(4902,13): error TS7026: JSX element implicitly has type 'any' because no interface 'JSX.IntrinsicElements' exists.
main.tsx(4909,11): error TS7026: JSX element implicitly has type 'any' because no interface 'JSX.IntrinsicElements' exists.
main.tsx(4915,11): error TS7026: JSX element implicitly has type 'any' because no interface 'JSX.IntrinsicElements' exists.
main.tsx(4916,9): error TS7026: JSX element implicitly has type 'any' because no interface 'JSX.IntrinsicElements' exists.
main.tsx(4918,5): error TS7026: JSX element implicitly has type 'any' because no interface 'JSX.IntrinsicElements' exists.
main.tsx(4970,5): error TS7026: JSX element implicitly has type 'any' because no interface 'JSX.IntrinsicElements' exists.
main.tsx(4972,9): error TS7026: JSX element implicitly has type 'any' because no interface 'JSX.IntrinsicElements' exists.
main.tsx(4974,9): error TS7026: JSX element implicitly has type 'any' because no interface 'JSX.IntrinsicElements' exists.
main.tsx(4975,9): error TS7026: JSX element implicitly has type 'any' because no interface 'JSX.IntrinsicElements' exists.
main.tsx(4980,9): error TS7026: JSX element implicitly has type 'any' because no interface 'JSX.IntrinsicElements' exists.
main.tsx(4982,11): error TS7026: JSX element implicitly has type 'any' because no interface 'JSX.IntrinsicElements' exists.
main.tsx(4984,11): error TS7026: JSX element implicitly has type 'any' because no interface 'JSX.IntrinsicElements' exists.
main.tsx(4986,11): error TS7026: JSX element implicitly has type 'any' because no interface 'JSX.IntrinsicElements' exists.
main.tsx(4988,15): error TS7026: JSX element implicitly has type 'any' because no interface 'JSX.IntrinsicElements' exists.
main.tsx(4995,28): error TS7006: Parameter 'event' implicitly has an 'any' type.
main.tsx(5000,15): error TS7026: JSX element implicitly has type 'any' because no interface 'JSX.IntrinsicElements' exists.
main.tsx(5002,15): error TS7026: JSX element implicitly has type 'any' because no interface 'JSX.IntrinsicElements' exists.
main.tsx(5009,13): error TS7026: JSX element implicitly has type 'any' because no interface 'JSX.IntrinsicElements' exists.
main.tsx(5015,13): error TS7026: JSX element implicitly has type 'any' because no interface 'JSX.IntrinsicElements' exists.
main.tsx(5016,11): error TS7026: JSX element implicitly has type 'any' because no interface 'JSX.IntrinsicElements' exists.
main.tsx(5019,5): error TS7026: JSX element implicitly has type 'any' because no interface 'JSX.IntrinsicElements' exists.
main.tsx(5271,26): error TS7006: Parameter 'value' implicitly has an 'any' type.
main.tsx(5290,100): error TS7006: Parameter 'n' implicitly has an 'any' type.
main.tsx(5321,39): error TS7031: Binding element 'initialSession' implicitly has an 'any' type.
main.tsx(5329,15): error TS7006: Parameter 'error' implicitly has an 'any' type.
main.tsx(5338,42): error TS7006: Parameter 'event' implicitly has an 'any' type.
main.tsx(5338,49): error TS7006: Parameter 'nextSession' implicitly has an 'any' type.
main.tsx(5390,18): error TS7031: Binding element 'error' implicitly has an 'any' type.
main.tsx(5397,25): error TS7006: Parameter 'previous' implicitly has an 'any' type.
main.tsx(5449,94): error TS7006: Parameter 'n' implicitly has an 'any' type.
main.tsx(5451,42): error TS7006: Parameter 'n' implicitly has an 'any' type.
main.tsx(5471,39): error TS7006: Parameter 'previous' implicitly has an 'any' type.
main.tsx(5587,41): error TS7006: Parameter 'value' implicitly has an 'any' type.
main.tsx(5603,34): error TS7006: Parameter 'value' implicitly has an 'any' type.
main.tsx(5611,133): error TS7006: Parameter 'value' implicitly has an 'any' type.
main.tsx(5662,35): error TS7006: Parameter 'item' implicitly has an 'any' type.
main.tsx(5677,54): error TS7006: Parameter 'n' implicitly has an 'any' type.
main.tsx(5763,15): error TS7006: Parameter 'previous' implicitly has an 'any' type.
main.tsx(5777,131): error TS7006: Parameter 'n' implicitly has an 'any' type.
main.tsx(5821,121): error TS7006: Parameter 'n' implicitly has an 'any' type.
main.tsx(5827,38): error TS7006: Parameter 'item' implicitly has an 'any' type.
main.tsx(5871,14): error TS7006: Parameter 'previous' implicitly has an 'any' type.
main.tsx(5896,38): error TS7006: Parameter 'item' implicitly has an 'any' type.
main.tsx(5911,16): error TS7006: Parameter 'previous' implicitly has an 'any' type.
main.tsx(5920,35): error TS7006: Parameter 'item' implicitly has an 'any' type.
main.tsx(5928,20): error TS7006: Parameter 'previous' implicitly has an 'any' type.
main.tsx(5934,16): error TS7006: Parameter 'previous' implicitly has an 'any' type.
main.tsx(5941,14): error TS7006: Parameter 'previous' implicitly has an 'any' type.
main.tsx(5945,18): error TS7006: Parameter 'previous' implicitly has an 'any' type.
main.tsx(5957,31): error TS2307: Cannot find module 'xlsx' or its corresponding type declarations.
main.tsx(5976,6): error TS7006: Parameter 'item' implicitly has an 'any' type.
main.tsx(5978,44): error TS7006: Parameter 'item' implicitly has an 'any' type.
main.tsx(5980,6): error TS7006: Parameter 'item' implicitly has an 'any' type.
main.tsx(5982,43): error TS7006: Parameter 'item' implicitly has an 'any' type.
main.tsx(5985,41): error TS7006: Parameter 'item' implicitly has an 'any' type.
main.tsx(5986,47): error TS7006: Parameter 'item' implicitly has an 'any' type.
main.tsx(5987,50): error TS7006: Parameter 'item' implicitly has an 'any' type.
main.tsx(6013,7): error TS7026: JSX element implicitly has type 'any' because no interface 'JSX.IntrinsicElements' exists.
main.tsx(6015,7): error TS7026: JSX element implicitly has type 'any' because no interface 'JSX.IntrinsicElements' exists.
main.tsx(6037,12): error TS7026: JSX element implicitly has type 'any' because no interface 'JSX.IntrinsicElements' exists.
main.tsx(6037,152): error TS7026: JSX element implicitly has type 'any' because no interface 'JSX.IntrinsicElements' exists.
main.tsx(6037,227): error TS7026: JSX element implicitly has type 'any' because no interface 'JSX.IntrinsicElements' exists.
main.tsx(6037,232): error TS7026: JSX element implicitly has type 'any' because no interface 'JSX.IntrinsicElements' exists.
main.tsx(6037,364): error TS7026: JSX element implicitly has type 'any' because no interface 'JSX.IntrinsicElements' exists.
main.tsx(6037,370): error TS7026: JSX element implicitly has type 'any' because no interface 'JSX.IntrinsicElements' exists.
main.tsx(6037,482): error TS7026: JSX element implicitly has type 'any' because no interface 'JSX.IntrinsicElements' exists.
main.tsx(6037,557): error TS7026: JSX element implicitly has type 'any' because no interface 'JSX.IntrinsicElements' exists.
main.tsx(6037,566): error TS7026: JSX element implicitly has type 'any' because no interface 'JSX.IntrinsicElements' exists.
main.tsx(6037,579): error TS7026: JSX element implicitly has type 'any' because no interface 'JSX.IntrinsicElements' exists.
main.tsx(6038,54): error TS7026: JSX element implicitly has type 'any' because no interface 'JSX.IntrinsicElements' exists.
main.tsx(6038,261): error TS7026: JSX element implicitly has type 'any' because no interface 'JSX.IntrinsicElements' exists.
main.tsx(6041,7): error TS7026: JSX element implicitly has type 'any' because no interface 'JSX.IntrinsicElements' exists.
main.tsx(6042,9): error TS7026: JSX element implicitly has type 'any' because no interface 'JSX.IntrinsicElements' exists.
main.tsx(6043,11): error TS7026: JSX element implicitly has type 'any' because no interface 'JSX.IntrinsicElements' exists.
main.tsx(6044,13): error TS7026: JSX element implicitly has type 'any' because no interface 'JSX.IntrinsicElements' exists.
main.tsx(6045,15): error TS7026: JSX element implicitly has type 'any' because no interface 'JSX.IntrinsicElements' exists.
main.tsx(6046,17): error TS7026: JSX element implicitly has type 'any' because no interface 'JSX.IntrinsicElements' exists.
main.tsx(6046,92): error TS7026: JSX element implicitly has type 'any' because no interface 'JSX.IntrinsicElements' exists.
main.tsx(6047,15): error TS7026: JSX element implicitly has type 'any' because no interface 'JSX.IntrinsicElements' exists.
main.tsx(6048,15): error TS7026: JSX element implicitly has type 'any' because no interface 'JSX.IntrinsicElements' exists.
main.tsx(6050,15): error TS7026: JSX element implicitly has type 'any' because no interface 'JSX.IntrinsicElements' exists.
main.tsx(6051,13): error TS7026: JSX element implicitly has type 'any' because no interface 'JSX.IntrinsicElements' exists.
main.tsx(6052,13): error TS7026: JSX element implicitly has type 'any' because no interface 'JSX.IntrinsicElements' exists.
main.tsx(6055,19): error TS7026: JSX element implicitly has type 'any' because no interface 'JSX.IntrinsicElements' exists.
main.tsx(6057,19): error TS7026: JSX element implicitly has type 'any' because no interface 'JSX.IntrinsicElements' exists.
main.tsx(6060,17): error TS7026: JSX element implicitly has type 'any' because no interface 'JSX.IntrinsicElements' exists.
main.tsx(6064,30): error TS7006: Parameter 'e' implicitly has an 'any' type.
main.tsx(6071,19): error TS7026: JSX element implicitly has type 'any' because no interface 'JSX.IntrinsicElements' exists.
main.tsx(6073,19): error TS7026: JSX element implicitly has type 'any' because no interface 'JSX.IntrinsicElements' exists.
main.tsx(6076,17): error TS7026: JSX element implicitly has type 'any' because no interface 'JSX.IntrinsicElements' exists.
main.tsx(6080,30): error TS7006: Parameter 'e' implicitly has an 'any' type.
main.tsx(6086,17): error TS7026: JSX element implicitly has type 'any' because no interface 'JSX.IntrinsicElements' exists.
main.tsx(6088,17): error TS7026: JSX element implicitly has type 'any' because no interface 'JSX.IntrinsicElements' exists.
main.tsx(6093,13): error TS7026: JSX element implicitly has type 'any' because no interface 'JSX.IntrinsicElements' exists.
main.tsx(6094,13): error TS7026: JSX element implicitly has type 'any' because no interface 'JSX.IntrinsicElements' exists.
main.tsx(6095,15): error TS7026: JSX element implicitly has type 'any' because no interface 'JSX.IntrinsicElements' exists.
main.tsx(6100,15): error TS7026: JSX element implicitly has type 'any' because no interface 'JSX.IntrinsicElements' exists.
main.tsx(6101,15): error TS7026: JSX element implicitly has type 'any' because no interface 'JSX.IntrinsicElements' exists.
main.tsx(6106,15): error TS7026: JSX element implicitly has type 'any' because no interface 'JSX.IntrinsicElements' exists.
main.tsx(6107,13): error TS7026: JSX element implicitly has type 'any' because no interface 'JSX.IntrinsicElements' exists.
main.tsx(6108,11): error TS7026: JSX element implicitly has type 'any' because no interface 'JSX.IntrinsicElements' exists.
main.tsx(6109,9): error TS7026: JSX element implicitly has type 'any' because no interface 'JSX.IntrinsicElements' exists.
main.tsx(6110,7): error TS7026: JSX element implicitly has type 'any' because no interface 'JSX.IntrinsicElements' exists.
main.tsx(6114,17): error TS2322: Type '{ children: any[]; key: any; brand: string; userName: any; roleLabel: string; language: any; active: string; subActive: string; onLanguage: any; onLogout: () => Promise<void>; onNavigate: (key: string, sub: string | undefined) => void; items: ({ ...; } | { ...; })[]; }' is not assignable to type 'Props'.
  Property 'key' does not exist on type 'Props'.
main.tsx(6126,23): error TS7026: JSX element implicitly has type 'any' because no interface 'JSX.IntrinsicElements' exists.
main.tsx(6126,81): error TS7026: JSX element implicitly has type 'any' because no interface 'JSX.IntrinsicElements' exists.
main.tsx(6126,201): error TS7006: Parameter 'n' implicitly has an 'any' type.
main.tsx(6126,233): error TS7026: JSX element implicitly has type 'any' because no interface 'JSX.IntrinsicElements' exists.
main.tsx(6126,242): error TS7026: JSX element implicitly has type 'any' because no interface 'JSX.IntrinsicElements' exists.
main.tsx(6127,33): error TS7026: JSX element implicitly has type 'any' because no interface 'JSX.IntrinsicElements' exists.
main.tsx(6127,69): error TS7026: JSX element implicitly has type 'any' because no interface 'JSX.IntrinsicElements' exists.
main.tsx(6127,161): error TS7026: JSX element implicitly has type 'any' because no interface 'JSX.IntrinsicElements' exists.
main.tsx(6127,171): error TS7026: JSX element implicitly has type 'any' because no interface 'JSX.IntrinsicElements' exists.
main.tsx(6127,221): error TS7006: Parameter 'item' implicitly has an 'any' type.
main.tsx(6127,227): error TS7026: JSX element implicitly has type 'any' because no interface 'JSX.IntrinsicElements' exists.
main.tsx(6127,350): error TS7026: JSX element implicitly has type 'any' because no interface 'JSX.IntrinsicElements' exists.
main.tsx(6127,356): error TS7026: JSX element implicitly has type 'any' because no interface 'JSX.IntrinsicElements' exists.
main.tsx(6127,478): error TS7026: JSX element implicitly has type 'any' because no interface 'JSX.IntrinsicElements' exists.
main.tsx(6127,487): error TS7026: JSX element implicitly has type 'any' because no interface 'JSX.IntrinsicElements' exists.
main.tsx(6127,493): error TS7026: JSX element implicitly has type 'any' because no interface 'JSX.IntrinsicElements' exists.
main.tsx(6129,13): error TS7026: JSX element implicitly has type 'any' because no interface 'JSX.IntrinsicElements' exists.
main.tsx(6139,21): error TS7026: JSX element implicitly has type 'any' because no interface 'JSX.IntrinsicElements' exists.
main.tsx(6140,23): error TS7026: JSX element implicitly has type 'any' because no interface 'JSX.IntrinsicElements' exists.
main.tsx(6145,23): error TS7026: JSX element implicitly has type 'any' because no interface 'JSX.IntrinsicElements' exists.
main.tsx(6146,23): error TS7026: JSX element implicitly has type 'any' because no interface 'JSX.IntrinsicElements' exists.
main.tsx(6151,23): error TS7026: JSX element implicitly has type 'any' because no interface 'JSX.IntrinsicElements' exists.
main.tsx(6152,23): error TS7026: JSX element implicitly has type 'any' because no interface 'JSX.IntrinsicElements' exists.
main.tsx(6157,23): error TS7026: JSX element implicitly has type 'any' because no interface 'JSX.IntrinsicElements' exists.
main.tsx(6158,23): error TS7026: JSX element implicitly has type 'any' because no interface 'JSX.IntrinsicElements' exists.
main.tsx(6160,23): error TS7026: JSX element implicitly has type 'any' because no interface 'JSX.IntrinsicElements' exists.
main.tsx(6161,23): error TS7026: JSX element implicitly has type 'any' because no interface 'JSX.IntrinsicElements' exists.
main.tsx(6161,185): error TS7026: JSX element implicitly has type 'any' because no interface 'JSX.IntrinsicElements' exists.
main.tsx(6162,21): error TS7026: JSX element implicitly has type 'any' because no interface 'JSX.IntrinsicElements' exists.
main.tsx(6166,19): error TS7026: JSX element implicitly has type 'any' because no interface 'JSX.IntrinsicElements' exists.
main.tsx(6167,21): error TS7026: JSX element implicitly has type 'any' because no interface 'JSX.IntrinsicElements' exists.
main.tsx(6169,21): error TS7026: JSX element implicitly has type 'any' because no interface 'JSX.IntrinsicElements' exists.
main.tsx(6170,45): error TS7006: Parameter 'item' implicitly has an 'any' type.
main.tsx(6173,25): error TS7026: JSX element implicitly has type 'any' because no interface 'JSX.IntrinsicElements' exists.
main.tsx(6177,27): error TS7026: JSX element implicitly has type 'any' because no interface 'JSX.IntrinsicElements' exists.
main.tsx(6182,27): error TS7026: JSX element implicitly has type 'any' because no interface 'JSX.IntrinsicElements' exists.
main.tsx(6183,27): error TS7026: JSX element implicitly has type 'any' because no interface 'JSX.IntrinsicElements' exists.
main.tsx(6187,46): error TS7026: JSX element implicitly has type 'any' because no interface 'JSX.IntrinsicElements' exists.
main.tsx(6188,25): error TS7026: JSX element implicitly has type 'any' because no interface 'JSX.IntrinsicElements' exists.
main.tsx(6191,19): error TS7026: JSX element implicitly has type 'any' because no interface 'JSX.IntrinsicElements' exists.
main.tsx(6194,19): error TS7026: JSX element implicitly has type 'any' because no interface 'JSX.IntrinsicElements' exists.
main.tsx(6195,21): error TS7026: JSX element implicitly has type 'any' because no interface 'JSX.IntrinsicElements' exists.
main.tsx(6197,21): error TS7026: JSX element implicitly has type 'any' because no interface 'JSX.IntrinsicElements' exists.
main.tsx(6198,37): error TS7006: Parameter 'item' implicitly has an 'any' type.
main.tsx(6199,23): error TS7026: JSX element implicitly has type 'any' because no interface 'JSX.IntrinsicElements' exists.
main.tsx(6210,23): error TS7026: JSX element implicitly has type 'any' because no interface 'JSX.IntrinsicElements' exists.
main.tsx(6212,19): error TS7026: JSX element implicitly has type 'any' because no interface 'JSX.IntrinsicElements' exists.
main.tsx(6214,17): error TS7026: JSX element implicitly has type 'any' because no interface 'JSX.IntrinsicElements' exists.
main.tsx(6214,124): error TS7026: JSX element implicitly has type 'any' because no interface 'JSX.IntrinsicElements' exists.
main.tsx(6214,237): error TS7006: Parameter 'e' implicitly has an 'any' type.
main.tsx(6214,288): error TS7026: JSX element implicitly has type 'any' because no interface 'JSX.IntrinsicElements' exists.
main.tsx(6214,333): error TS7026: JSX element implicitly has type 'any' because no interface 'JSX.IntrinsicElements' exists.
main.tsx(6214,387): error TS7006: Parameter 'item' implicitly has an 'any' type.
main.tsx(6214,425): error TS7026: JSX element implicitly has type 'any' because no interface 'JSX.IntrinsicElements' exists.
main.tsx(6214,518): error TS7026: JSX element implicitly has type 'any' because no interface 'JSX.IntrinsicElements' exists.
main.tsx(6214,552): error TS7006: Parameter 'item' implicitly has an 'any' type.
main.tsx(6214,558): error TS7026: JSX element implicitly has type 'any' because no interface 'JSX.IntrinsicElements' exists.
main.tsx(6214,611): error TS7026: JSX element implicitly has type 'any' because no interface 'JSX.IntrinsicElements' exists.
main.tsx(6214,622): error TS7026: JSX element implicitly has type 'any' because no interface 'JSX.IntrinsicElements' exists.
main.tsx(6214,648): error TS7026: JSX element implicitly has type 'any' because no interface 'JSX.IntrinsicElements' exists.
main.tsx(6215,17): error TS7026: JSX element implicitly has type 'any' because no interface 'JSX.IntrinsicElements' exists.
main.tsx(6217,21): error TS7026: JSX element implicitly has type 'any' because no interface 'JSX.IntrinsicElements' exists.
main.tsx(6220,34): error TS7006: Parameter 'e' implicitly has an 'any' type.
main.tsx(6230,21): error TS7026: JSX element implicitly has type 'any' because no interface 'JSX.IntrinsicElements' exists.
main.tsx(6233,34): error TS7006: Parameter 'e' implicitly has an 'any' type.
main.tsx(6241,21): error TS7026: JSX element implicitly has type 'any' because no interface 'JSX.IntrinsicElements' exists.
main.tsx(6242,42): error TS7006: Parameter 'item' implicitly has an 'any' type.
main.tsx(6243,25): error TS7026: JSX element implicitly has type 'any' because no interface 'JSX.IntrinsicElements' exists.
main.tsx(6245,21): error TS7026: JSX element implicitly has type 'any' because no interface 'JSX.IntrinsicElements' exists.
main.tsx(6248,21): error TS7026: JSX element implicitly has type 'any' because no interface 'JSX.IntrinsicElements' exists.
main.tsx(6250,34): error TS7006: Parameter 'e' implicitly has an 'any' type.
main.tsx(6258,23): error TS7026: JSX element implicitly has type 'any' because no interface 'JSX.IntrinsicElements' exists.
main.tsx(6258,66): error TS7026: JSX element implicitly has type 'any' because no interface 'JSX.IntrinsicElements' exists.
main.tsx(6259,55): error TS7006: Parameter 'item' implicitly has an 'any' type.
main.tsx(6259,86): error TS7026: JSX element implicitly has type 'any' because no interface 'JSX.IntrinsicElements' exists.
main.tsx(6259,134): error TS7026: JSX element implicitly has type 'any' because no interface 'JSX.IntrinsicElements' exists.
main.tsx(6260,41): error TS7006: Parameter 'item' implicitly has an 'any' type.
main.tsx(6260,47): error TS7026: JSX element implicitly has type 'any' because no interface 'JSX.IntrinsicElements' exists.
main.tsx(6260,112): error TS7026: JSX element implicitly has type 'any' because no interface 'JSX.IntrinsicElements' exists.
main.tsx(6261,21): error TS7026: JSX element implicitly has type 'any' because no interface 'JSX.IntrinsicElements' exists.
main.tsx(6264,21): error TS7026: JSX element implicitly has type 'any' because no interface 'JSX.IntrinsicElements' exists.
main.tsx(6265,23): error TS7026: JSX element implicitly has type 'any' because no interface 'JSX.IntrinsicElements' exists.
main.tsx(6268,36): error TS7006: Parameter 'e' implicitly has an 'any' type.
main.tsx(6276,21): error TS7026: JSX element implicitly has type 'any' because no interface 'JSX.IntrinsicElements' exists.
main.tsx(6277,21): error TS7026: JSX element implicitly has type 'any' because no interface 'JSX.IntrinsicElements' exists.
main.tsx(6278,44): error TS7006: Parameter 'item' implicitly has an 'any' type.
main.tsx(6279,25): error TS7026: JSX element implicitly has type 'any' because no interface 'JSX.IntrinsicElements' exists.
main.tsx(6281,21): error TS7026: JSX element implicitly has type 'any' because no interface 'JSX.IntrinsicElements' exists.
main.tsx(6284,21): error TS7026: JSX element implicitly has type 'any' because no interface 'JSX.IntrinsicElements' exists.
main.tsx(6288,34): error TS7006: Parameter 'e' implicitly has an 'any' type.
main.tsx(6298,21): error TS7026: JSX element implicitly has type 'any' because no interface 'JSX.IntrinsicElements' exists.
main.tsx(6300,34): error TS7006: Parameter 'e' implicitly has an 'any' type.
main.tsx(6309,19): error TS7026: JSX element implicitly has type 'any' because no interface 'JSX.IntrinsicElements' exists.
main.tsx(6317,19): error TS7026: JSX element implicitly has type 'any' because no interface 'JSX.IntrinsicElements' exists.
main.tsx(6318,17): error TS7026: JSX element implicitly has type 'any' because no interface 'JSX.IntrinsicElements' exists.
main.tsx(6319,17): error TS7026: JSX element implicitly has type 'any' because no interface 'JSX.IntrinsicElements' exists.
main.tsx(6320,19): error TS7026: JSX element implicitly has type 'any' because no interface 'JSX.IntrinsicElements' exists.
main.tsx(6321,53): error TS7006: Parameter 'value' implicitly has an 'any' type.
main.tsx(6330,19): error TS7026: JSX element implicitly has type 'any' because no interface 'JSX.IntrinsicElements' exists.
main.tsx(6331,19): error TS7026: JSX element implicitly has type 'any' because no interface 'JSX.IntrinsicElements' exists.
main.tsx(6337,19): error TS7026: JSX element implicitly has type 'any' because no interface 'JSX.IntrinsicElements' exists.
main.tsx(6338,17): error TS7026: JSX element implicitly has type 'any' because no interface 'JSX.IntrinsicElements' exists.
main.tsx(6340,19): error TS7026: JSX element implicitly has type 'any' because no interface 'JSX.IntrinsicElements' exists.
main.tsx(6342,23): error TS7026: JSX element implicitly has type 'any' because no interface 'JSX.IntrinsicElements' exists.
main.tsx(6344,36): error TS7006: Parameter 'e' implicitly has an 'any' type.
main.tsx(6346,30): error TS7006: Parameter 'item' implicitly has an 'any' type.
main.tsx(6365,25): error TS7026: JSX element implicitly has type 'any' because no interface 'JSX.IntrinsicElements' exists.
main.tsx(6367,25): error TS7026: JSX element implicitly has type 'any' because no interface 'JSX.IntrinsicElements' exists.
main.tsx(6368,42): error TS7006: Parameter 'item' implicitly has an 'any' type.
main.tsx(6369,27): error TS7026: JSX element implicitly has type 'any' because no interface 'JSX.IntrinsicElements' exists.
main.tsx(6371,27): error TS7026: JSX element implicitly has type 'any' because no interface 'JSX.IntrinsicElements' exists.
main.tsx(6373,23): error TS7026: JSX element implicitly has type 'any' because no interface 'JSX.IntrinsicElements' exists.
main.tsx(6376,23): error TS7026: JSX element implicitly has type 'any' because no interface 'JSX.IntrinsicElements' exists.
main.tsx(6378,36): error TS7006: Parameter 'e' implicitly has an 'any' type.
main.tsx(6380,30): error TS7006: Parameter 'item' implicitly has an 'any' type.
main.tsx(6397,25): error TS7026: JSX element implicitly has type 'any' because no interface 'JSX.IntrinsicElements' exists.
main.tsx(6397,68): error TS7026: JSX element implicitly has type 'any' because no interface 'JSX.IntrinsicElements' exists.
main.tsx(6400,30): error TS7006: Parameter 'item' implicitly has an 'any' type.
main.tsx(6404,33): error TS7006: Parameter 'item' implicitly has an 'any' type.
main.tsx(6405,29): error TS7026: JSX element implicitly has type 'any' because no interface 'JSX.IntrinsicElements' exists.
main.tsx(6407,29): error TS7026: JSX element implicitly has type 'any' because no interface 'JSX.IntrinsicElements' exists.
main.tsx(6409,23): error TS7026: JSX element implicitly has type 'any' because no interface 'JSX.IntrinsicElements' exists.
main.tsx(6412,23): error TS7026: JSX element implicitly has type 'any' because no interface 'JSX.IntrinsicElements' exists.
main.tsx(6415,36): error TS7006: Parameter 'e' implicitly has an 'any' type.
main.tsx(6423,23): error TS7026: JSX element implicitly has type 'any' because no interface 'JSX.IntrinsicElements' exists.
main.tsx(6424,46): error TS7006: Parameter 'item' implicitly has an 'any' type.
main.tsx(6425,27): error TS7026: JSX element implicitly has type 'any' because no interface 'JSX.IntrinsicElements' exists.
main.tsx(6427,23): error TS7026: JSX element implicitly has type 'any' because no interface 'JSX.IntrinsicElements' exists.
main.tsx(6430,23): error TS7026: JSX element implicitly has type 'any' because no interface 'JSX.IntrinsicElements' exists.
main.tsx(6433,36): error TS7006: Parameter 'e' implicitly has an 'any' type.
main.tsx(6441,23): error TS7026: JSX element implicitly has type 'any' because no interface 'JSX.IntrinsicElements' exists.
main.tsx(6442,43): error TS7006: Parameter 'item' implicitly has an 'any' type.
main.tsx(6443,27): error TS7026: JSX element implicitly has type 'any' because no interface 'JSX.IntrinsicElements' exists.
main.tsx(6445,23): error TS7026: JSX element implicitly has type 'any' because no interface 'JSX.IntrinsicElements' exists.
main.tsx(6448,23): error TS7026: JSX element implicitly has type 'any' because no interface 'JSX.IntrinsicElements' exists.
main.tsx(6450,36): error TS7006: Parameter 'e' implicitly has an 'any' type.
main.tsx(6458,25): error TS7026: JSX element implicitly has type 'any' because no interface 'JSX.IntrinsicElements' exists.
main.tsx(6458,71): error TS7026: JSX element implicitly has type 'any' because no interface 'JSX.IntrinsicElements' exists.
main.tsx(6459,25): error TS7026: JSX element implicitly has type 'any' because no interface 'JSX.IntrinsicElements' exists.
main.tsx(6461,25): error TS7026: JSX element implicitly has type 'any' because no interface 'JSX.IntrinsicElements' exists.
main.tsx(6462,25): error TS7026: JSX element implicitly has type 'any' because no interface 'JSX.IntrinsicElements' exists.
main.tsx(6462,71): error TS7026: JSX element implicitly has type 'any' because no interface 'JSX.IntrinsicElements' exists.
main.tsx(6463,25): error TS7026: JSX element implicitly has type 'any' because no interface 'JSX.IntrinsicElements' exists.
main.tsx(6465,25): error TS7026: JSX element implicitly has type 'any' because no interface 'JSX.IntrinsicElements' exists.
main.tsx(6466,23): error TS7026: JSX element implicitly has type 'any' because no interface 'JSX.IntrinsicElements' exists.
main.tsx(6468,19): error TS7026: JSX element implicitly has type 'any' because no interface 'JSX.IntrinsicElements' exists.
main.tsx(6473,17): error TS7026: JSX element implicitly has type 'any' because no interface 'JSX.IntrinsicElements' exists.
main.tsx(6481,23): error TS7026: JSX element implicitly has type 'any' because no interface 'JSX.IntrinsicElements' exists.
main.tsx(6502,25): error TS7026: JSX element implicitly has type 'any' because no interface 'JSX.IntrinsicElements' exists.
main.tsx(6503,58): error TS7006: Parameter 'value' implicitly has an 'any' type.
main.tsx(6507,25): error TS7026: JSX element implicitly has type 'any' because no interface 'JSX.IntrinsicElements' exists.
main.tsx(6508,25): error TS7026: JSX element implicitly has type 'any' because no interface 'JSX.IntrinsicElements' exists.
main.tsx(6511,51): error TS7006: Parameter 'value' implicitly has an 'any' type.
main.tsx(6516,25): error TS7026: JSX element implicitly has type 'any' because no interface 'JSX.IntrinsicElements' exists.
main.tsx(6517,23): error TS7026: JSX element implicitly has type 'any' because no interface 'JSX.IntrinsicElements' exists.
main.tsx(6520,19): error TS7026: JSX element implicitly has type 'any' because no interface 'JSX.IntrinsicElements' exists.
main.tsx(6521,21): error TS7026: JSX element implicitly has type 'any' because no interface 'JSX.IntrinsicElements' exists.
main.tsx(6523,34): error TS7006: Parameter 'e' implicitly has an 'any' type.
main.tsx(6530,21): error TS7026: JSX element implicitly has type 'any' because no interface 'JSX.IntrinsicElements' exists.
main.tsx(6533,34): error TS7006: Parameter 'e' implicitly has an 'any' type.
main.tsx(6539,21): error TS7026: JSX element implicitly has type 'any' because no interface 'JSX.IntrinsicElements' exists.
main.tsx(6541,34): error TS7006: Parameter 'e' implicitly has an 'any' type.
main.tsx(6544,23): error TS7026: JSX element implicitly has type 'any' because no interface 'JSX.IntrinsicElements' exists.
main.tsx(6544,57): error TS7026: JSX element implicitly has type 'any' because no interface 'JSX.IntrinsicElements' exists.
main.tsx(6545,41): error TS7006: Parameter 'item' implicitly has an 'any' type.
main.tsx(6545,47): error TS7026: JSX element implicitly has type 'any' because no interface 'JSX.IntrinsicElements' exists.
main.tsx(6545,112): error TS7026: JSX element implicitly has type 'any' because no interface 'JSX.IntrinsicElements' exists.
main.tsx(6546,21): error TS7026: JSX element implicitly has type 'any' because no interface 'JSX.IntrinsicElements' exists.
main.tsx(6555,19): error TS7026: JSX element implicitly has type 'any' because no interface 'JSX.IntrinsicElements' exists.
main.tsx(6556,19): error TS7026: JSX element implicitly has type 'any' because no interface 'JSX.IntrinsicElements' exists.
main.tsx(6557,182): error TS7026: JSX element implicitly has type 'any' because no interface 'JSX.IntrinsicElements' exists.
main.tsx(6557,296): error TS7006: Parameter 'e' implicitly has an 'any' type.
main.tsx(6557,323): error TS7026: JSX element implicitly has type 'any' because no interface 'JSX.IntrinsicElements' exists.
main.tsx(6557,415): error TS7026: JSX element implicitly has type 'any' because no interface 'JSX.IntrinsicElements' exists.
main.tsx(6557,444): error TS7006: Parameter 'item' implicitly has an 'any' type.
main.tsx(6557,545): error TS7006: Parameter 'item' implicitly has an 'any' type.
main.tsx(6557,551): error TS7026: JSX element implicitly has type 'any' because no interface 'JSX.IntrinsicElements' exists.
main.tsx(6557,648): error TS7026: JSX element implicitly has type 'any' because no interface 'JSX.IntrinsicElements' exists.
main.tsx(6557,659): error TS7026: JSX element implicitly has type 'any' because no interface 'JSX.IntrinsicElements' exists.
main.tsx(6558,21): error TS7026: JSX element implicitly has type 'any' because no interface 'JSX.IntrinsicElements' exists.
main.tsx(6558,205): error TS7006: Parameter 'e' implicitly has an 'any' type.
main.tsx(6558,241): error TS7026: JSX element implicitly has type 'any' because no interface 'JSX.IntrinsicElements' exists.
main.tsx(6558,285): error TS7026: JSX element implicitly has type 'any' because no interface 'JSX.IntrinsicElements' exists.
main.tsx(6558,361): error TS7026: JSX element implicitly has type 'any' because no interface 'JSX.IntrinsicElements' exists.
main.tsx(6558,415): error TS7026: JSX element implicitly has type 'any' because no interface 'JSX.IntrinsicElements' exists.
main.tsx(6558,426): error TS7026: JSX element implicitly has type 'any' because no interface 'JSX.IntrinsicElements' exists.
main.tsx(6559,19): error TS7026: JSX element implicitly has type 'any' because no interface 'JSX.IntrinsicElements' exists.
main.tsx(6560,19): error TS7026: JSX element implicitly has type 'any' because no interface 'JSX.IntrinsicElements' exists.
main.tsx(6560,177): error TS7026: JSX element implicitly has type 'any' because no interface 'JSX.IntrinsicElements' exists.
main.tsx(6561,29): error TS7026: JSX element implicitly has type 'any' because no interface 'JSX.IntrinsicElements' exists.
main.tsx(6561,77): error TS7026: JSX element implicitly has type 'any' because no interface 'JSX.IntrinsicElements' exists.
main.tsx(6563,21): error TS7026: JSX element implicitly has type 'any' because no interface 'JSX.IntrinsicElements' exists.
main.tsx(6565,25): error TS7026: JSX element implicitly has type 'any' because no interface 'JSX.IntrinsicElements' exists.
main.tsx(6569,27): error TS7026: JSX element implicitly has type 'any' because no interface 'JSX.IntrinsicElements' exists.
main.tsx(6572,40): error TS7006: Parameter 'e' implicitly has an 'any' type.
main.tsx(6573,50): error TS7006: Parameter 'previous' implicitly has an 'any' type.
main.tsx(6576,54): error TS7006: Parameter 'item' implicitly has an 'any' type.
main.tsx(6581,25): error TS7026: JSX element implicitly has type 'any' because no interface 'JSX.IntrinsicElements' exists.
main.tsx(6583,21): error TS7026: JSX element implicitly has type 'any' because no interface 'JSX.IntrinsicElements' exists.
main.tsx(6585,17): error TS7026: JSX element implicitly has type 'any' because no interface 'JSX.IntrinsicElements' exists.
main.tsx(6586,17): error TS7026: JSX element implicitly has type 'any' because no interface 'JSX.IntrinsicElements' exists.
main.tsx(6588,21): error TS7026: JSX element implicitly has type 'any' because no interface 'JSX.IntrinsicElements' exists.
main.tsx(6589,23): error TS7026: JSX element implicitly has type 'any' because no interface 'JSX.IntrinsicElements' exists.
main.tsx(6591,27): error TS7026: JSX element implicitly has type 'any' because no interface 'JSX.IntrinsicElements' exists.
main.tsx(6591,61): error TS7026: JSX element implicitly has type 'any' because no interface 'JSX.IntrinsicElements' exists.
main.tsx(6594,27): error TS7026: JSX element implicitly has type 'any' because no interface 'JSX.IntrinsicElements' exists.
main.tsx(6594,61): error TS7026: JSX element implicitly has type 'any' because no interface 'JSX.IntrinsicElements' exists.
main.tsx(6597,27): error TS7026: JSX element implicitly has type 'any' because no interface 'JSX.IntrinsicElements' exists.
main.tsx(6597,62): error TS7026: JSX element implicitly has type 'any' because no interface 'JSX.IntrinsicElements' exists.
main.tsx(6600,27): error TS7026: JSX element implicitly has type 'any' because no interface 'JSX.IntrinsicElements' exists.
main.tsx(6600,64): error TS7026: JSX element implicitly has type 'any' because no interface 'JSX.IntrinsicElements' exists.
main.tsx(6602,46): error TS7026: JSX element implicitly has type 'any' because no interface 'JSX.IntrinsicElements' exists.
main.tsx(6602,81): error TS7026: JSX element implicitly has type 'any' because no interface 'JSX.IntrinsicElements' exists.
main.tsx(6603,48): error TS7026: JSX element implicitly has type 'any' because no interface 'JSX.IntrinsicElements' exists.
main.tsx(6603,81): error TS7026: JSX element implicitly has type 'any' because no interface 'JSX.IntrinsicElements' exists.
main.tsx(6604,47): error TS7026: JSX element implicitly has type 'any' because no interface 'JSX.IntrinsicElements' exists.
main.tsx(6604,79): error TS7026: JSX element implicitly has type 'any' because no interface 'JSX.IntrinsicElements' exists.
main.tsx(6606,27): error TS7026: JSX element implicitly has type 'any' because no interface 'JSX.IntrinsicElements' exists.
main.tsx(6606,71): error TS7026: JSX element implicitly has type 'any' because no interface 'JSX.IntrinsicElements' exists.
main.tsx(6609,27): error TS7026: JSX element implicitly has type 'any' because no interface 'JSX.IntrinsicElements' exists.
main.tsx(6609,61): error TS7026: JSX element implicitly has type 'any' because no interface 'JSX.IntrinsicElements' exists.
main.tsx(6612,27): error TS7026: JSX element implicitly has type 'any' because no interface 'JSX.IntrinsicElements' exists.
main.tsx(6612,61): error TS7026: JSX element implicitly has type 'any' because no interface 'JSX.IntrinsicElements' exists.
main.tsx(6615,27): error TS7026: JSX element implicitly has type 'any' because no interface 'JSX.IntrinsicElements' exists.
main.tsx(6615,69): error TS7026: JSX element implicitly has type 'any' because no interface 'JSX.IntrinsicElements' exists.
main.tsx(6618,27): error TS7026: JSX element implicitly has type 'any' because no interface 'JSX.IntrinsicElements' exists.
main.tsx(6618,72): error TS7026: JSX element implicitly has type 'any' because no interface 'JSX.IntrinsicElements' exists.
main.tsx(6621,27): error TS7026: JSX element implicitly has type 'any' because no interface 'JSX.IntrinsicElements' exists.
main.tsx(6621,72): error TS7026: JSX element implicitly has type 'any' because no interface 'JSX.IntrinsicElements' exists.
main.tsx(6624,27): error TS7026: JSX element implicitly has type 'any' because no interface 'JSX.IntrinsicElements' exists.
main.tsx(6624,71): error TS7026: JSX element implicitly has type 'any' because no interface 'JSX.IntrinsicElements' exists.
main.tsx(6627,27): error TS7026: JSX element implicitly has type 'any' because no interface 'JSX.IntrinsicElements' exists.
main.tsx(6627,53): error TS7026: JSX element implicitly has type 'any' because no interface 'JSX.IntrinsicElements' exists.
main.tsx(6629,23): error TS7026: JSX element implicitly has type 'any' because no interface 'JSX.IntrinsicElements' exists.
main.tsx(6630,21): error TS7026: JSX element implicitly has type 'any' because no interface 'JSX.IntrinsicElements' exists.
main.tsx(6631,21): error TS7026: JSX element implicitly has type 'any' because no interface 'JSX.IntrinsicElements' exists.
main.tsx(6633,25): error TS7026: JSX element implicitly has type 'any' because no interface 'JSX.IntrinsicElements' exists.
main.tsx(6634,27): error TS7026: JSX element implicitly has type 'any' because no interface 'JSX.IntrinsicElements' exists.
main.tsx(6639,27): error TS7026: JSX element implicitly has type 'any' because no interface 'JSX.IntrinsicElements' exists.
main.tsx(6640,25): error TS7026: JSX element implicitly has type 'any' because no interface 'JSX.IntrinsicElements' exists.
main.tsx(6642,46): error TS7006: Parameter 'row' implicitly has an 'any' type.
main.tsx(6642,51): error TS7006: Parameter 'index' implicitly has an 'any' type.
main.tsx(6643,27): error TS7026: JSX element implicitly has type 'any' because no interface 'JSX.IntrinsicElements' exists.
main.tsx(6648,31): error TS7026: JSX element implicitly has type 'any' because no interface 'JSX.IntrinsicElements' exists.
main.tsx(6650,31): error TS7026: JSX element implicitly has type 'any' because no interface 'JSX.IntrinsicElements' exists.
main.tsx(6653,31): error TS7026: JSX element implicitly has type 'any' because no interface 'JSX.IntrinsicElements' exists.
main.tsx(6655,31): error TS7026: JSX element implicitly has type 'any' because no interface 'JSX.IntrinsicElements' exists.
main.tsx(6658,31): error TS7026: JSX element implicitly has type 'any' because no interface 'JSX.IntrinsicElements' exists.
main.tsx(6666,31): error TS7026: JSX element implicitly has type 'any' because no interface 'JSX.IntrinsicElements' exists.
main.tsx(6669,31): error TS7026: JSX element implicitly has type 'any' because no interface 'JSX.IntrinsicElements' exists.
main.tsx(6670,33): error TS7026: JSX element implicitly has type 'any' because no interface 'JSX.IntrinsicElements' exists.
main.tsx(6672,33): error TS7026: JSX element implicitly has type 'any' because no interface 'JSX.IntrinsicElements' exists.
main.tsx(6673,33): error TS7026: JSX element implicitly has type 'any' because no interface 'JSX.IntrinsicElements' exists.
main.tsx(6675,33): error TS7026: JSX element implicitly has type 'any' because no interface 'JSX.IntrinsicElements' exists.
main.tsx(6676,31): error TS7026: JSX element implicitly has type 'any' because no interface 'JSX.IntrinsicElements' exists.
main.tsx(6678,50): error TS7026: JSX element implicitly has type 'any' because no interface 'JSX.IntrinsicElements' exists.
main.tsx(6678,110): error TS7026: JSX element implicitly has type 'any' because no interface 'JSX.IntrinsicElements' exists.
main.tsx(6679,52): error TS7026: JSX element implicitly has type 'any' because no interface 'JSX.IntrinsicElements' exists.
main.tsx(6679,127): error TS7026: JSX element implicitly has type 'any' because no interface 'JSX.IntrinsicElements' exists.
main.tsx(6680,51): error TS7026: JSX element implicitly has type 'any' because no interface 'JSX.IntrinsicElements' exists.
main.tsx(6680,274): error TS7026: JSX element implicitly has type 'any' because no interface 'JSX.IntrinsicElements' exists.
main.tsx(6680,362): error TS7026: JSX element implicitly has type 'any' because no interface 'JSX.IntrinsicElements' exists.
main.tsx(6680,367): error TS7026: JSX element implicitly has type 'any' because no interface 'JSX.IntrinsicElements' exists.
main.tsx(6682,31): error TS7026: JSX element implicitly has type 'any' because no interface 'JSX.IntrinsicElements' exists.
main.tsx(6686,31): error TS7026: JSX element implicitly has type 'any' because no interface 'JSX.IntrinsicElements' exists.
main.tsx(6689,31): error TS7026: JSX element implicitly has type 'any' because no interface 'JSX.IntrinsicElements' exists.
main.tsx(6691,35): error TS7026: JSX element implicitly has type 'any' because no interface 'JSX.IntrinsicElements' exists.
main.tsx(6694,48): error TS7006: Parameter 'e' implicitly has an 'any' type.
main.tsx(6698,49): error TS7006: Parameter 'e' implicitly has an 'any' type.
main.tsx(6715,35): error TS7026: JSX element implicitly has type 'any' because no interface 'JSX.IntrinsicElements' exists.
main.tsx(6727,39): error TS7026: JSX element implicitly has type 'any' because no interface 'JSX.IntrinsicElements' exists.
main.tsx(6727,88): error TS7026: JSX element implicitly has type 'any' because no interface 'JSX.IntrinsicElements' exists.
main.tsx(6729,35): error TS7026: JSX element implicitly has type 'any' because no interface 'JSX.IntrinsicElements' exists.
main.tsx(6731,31): error TS7026: JSX element implicitly has type 'any' because no interface 'JSX.IntrinsicElements' exists.
main.tsx(6734,31): error TS7026: JSX element implicitly has type 'any' because no interface 'JSX.IntrinsicElements' exists.
main.tsx(6736,31): error TS7026: JSX element implicitly has type 'any' because no interface 'JSX.IntrinsicElements' exists.
main.tsx(6739,31): error TS7026: JSX element implicitly has type 'any' because no interface 'JSX.IntrinsicElements' exists.
main.tsx(6741,36): error TS7006: Parameter 'item' implicitly has an 'any' type.
main.tsx(6745,31): error TS7026: JSX element implicitly has type 'any' because no interface 'JSX.IntrinsicElements' exists.
main.tsx(6748,31): error TS7026: JSX element implicitly has type 'any' because no interface 'JSX.IntrinsicElements' exists.
main.tsx(6750,36): error TS7006: Parameter 'item' implicitly has an 'any' type.
main.tsx(6754,31): error TS7026: JSX element implicitly has type 'any' because no interface 'JSX.IntrinsicElements' exists.
main.tsx(6757,31): error TS7026: JSX element implicitly has type 'any' because no interface 'JSX.IntrinsicElements' exists.
main.tsx(6759,31): error TS7026: JSX element implicitly has type 'any' because no interface 'JSX.IntrinsicElements' exists.
main.tsx(6762,31): error TS7026: JSX element implicitly has type 'any' because no interface 'JSX.IntrinsicElements' exists.
main.tsx(6764,31): error TS7026: JSX element implicitly has type 'any' because no interface 'JSX.IntrinsicElements' exists.
main.tsx(6767,31): error TS7026: JSX element implicitly has type 'any' because no interface 'JSX.IntrinsicElements' exists.
main.tsx(6768,33): error TS7026: JSX element implicitly has type 'any' because no interface 'JSX.IntrinsicElements' exists.
main.tsx(6773,33): error TS7026: JSX element implicitly has type 'any' because no interface 'JSX.IntrinsicElements' exists.
main.tsx(6774,43): error TS7026: JSX element implicitly has type 'any' because no interface 'JSX.IntrinsicElements' exists.
main.tsx(6774,176): error TS7026: JSX element implicitly has type 'any' because no interface 'JSX.IntrinsicElements' exists.
main.tsx(6775,103): error TS7026: JSX element implicitly has type 'any' because no interface 'JSX.IntrinsicElements' exists.
main.tsx(6775,323): error TS7026: JSX element implicitly has type 'any' because no interface 'JSX.IntrinsicElements' exists.
main.tsx(6775,332): error TS7026: JSX element implicitly has type 'any' because no interface 'JSX.IntrinsicElements' exists.
main.tsx(6775,543): error TS7026: JSX element implicitly has type 'any' because no interface 'JSX.IntrinsicElements' exists.
main.tsx(6776,31): error TS7026: JSX element implicitly has type 'any' because no interface 'JSX.IntrinsicElements' exists.
main.tsx(6778,27): error TS7026: JSX element implicitly has type 'any' because no interface 'JSX.IntrinsicElements' exists.
main.tsx(6782,25): error TS7026: JSX element implicitly has type 'any' because no interface 'JSX.IntrinsicElements' exists.
main.tsx(6783,27): error TS7026: JSX element implicitly has type 'any' because no interface 'JSX.IntrinsicElements' exists.
main.tsx(6788,27): error TS7026: JSX element implicitly has type 'any' because no interface 'JSX.IntrinsicElements' exists.
main.tsx(6789,25): error TS7026: JSX element implicitly has type 'any' because no interface 'JSX.IntrinsicElements' exists.
main.tsx(6791,21): error TS7026: JSX element implicitly has type 'any' because no interface 'JSX.IntrinsicElements' exists.
main.tsx(6793,17): error TS7026: JSX element implicitly has type 'any' because no interface 'JSX.IntrinsicElements' exists.
main.tsx(6794,17): error TS7026: JSX element implicitly has type 'any' because no interface 'JSX.IntrinsicElements' exists.
main.tsx(6795,19): error TS7026: JSX element implicitly has type 'any' because no interface 'JSX.IntrinsicElements' exists.
main.tsx(6796,21): error TS7026: JSX element implicitly has type 'any' because no interface 'JSX.IntrinsicElements' exists.
main.tsx(6798,54): error TS7006: Parameter 'value' implicitly has an 'any' type.
main.tsx(6800,46): error TS7026: JSX element implicitly has type 'any' because no interface 'JSX.IntrinsicElements' exists.
main.tsx(6801,21): error TS7026: JSX element implicitly has type 'any' because no interface 'JSX.IntrinsicElements' exists.
main.tsx(6803,21): error TS7026: JSX element implicitly has type 'any' because no interface 'JSX.IntrinsicElements' exists.
main.tsx(6804,21): error TS7026: JSX element implicitly has type 'any' because no interface 'JSX.IntrinsicElements' exists.
main.tsx(6808,54): error TS7006: Parameter 'value' implicitly has an 'any' type.
main.tsx(6810,46): error TS7026: JSX element implicitly has type 'any' because no interface 'JSX.IntrinsicElements' exists.
main.tsx(6811,19): error TS7026: JSX element implicitly has type 'any' because no interface 'JSX.IntrinsicElements' exists.
main.tsx(6812,19): error TS7026: JSX element implicitly has type 'any' because no interface 'JSX.IntrinsicElements' exists.
main.tsx(6813,21): error TS7026: JSX element implicitly has type 'any' because no interface 'JSX.IntrinsicElements' exists.
main.tsx(6815,21): error TS7026: JSX element implicitly has type 'any' because no interface 'JSX.IntrinsicElements' exists.
main.tsx(6816,21): error TS7026: JSX element implicitly has type 'any' because no interface 'JSX.IntrinsicElements' exists.
main.tsx(6819,21): error TS7026: JSX element implicitly has type 'any' because no interface 'JSX.IntrinsicElements' exists.
main.tsx(6820,19): error TS7026: JSX element implicitly has type 'any' because no interface 'JSX.IntrinsicElements' exists.
main.tsx(6821,19): error TS7026: JSX element implicitly has type 'any' because no interface 'JSX.IntrinsicElements' exists.
main.tsx(6822,21): error TS7026: JSX element implicitly has type 'any' because no interface 'JSX.IntrinsicElements' exists.
main.tsx(6824,21): error TS7026: JSX element implicitly has type 'any' because no interface 'JSX.IntrinsicElements' exists.
main.tsx(6825,21): error TS7026: JSX element implicitly has type 'any' because no interface 'JSX.IntrinsicElements' exists.
main.tsx(6827,34): error TS7006: Parameter 'e' implicitly has an 'any' type.
main.tsx(6834,25): error TS7026: JSX element implicitly has type 'any' because no interface 'JSX.IntrinsicElements' exists.
main.tsx(6834,50): error TS7026: JSX element implicitly has type 'any' because no interface 'JSX.IntrinsicElements' exists.
main.tsx(6836,21): error TS7026: JSX element implicitly has type 'any' because no interface 'JSX.IntrinsicElements' exists.
main.tsx(6837,19): error TS7026: JSX element implicitly has type 'any' because no interface 'JSX.IntrinsicElements' exists.
main.tsx(6838,17): error TS7026: JSX element implicitly has type 'any' because no interface 'JSX.IntrinsicElements' exists.
main.tsx(6840,13): error TS7026: JSX element implicitly has type 'any' because no interface 'JSX.IntrinsicElements' exists.
main.tsx(6853,15): error TS7026: JSX element implicitly has type 'any' because no interface 'JSX.IntrinsicElements' exists.
main.tsx(6853,100): error TS7026: JSX element implicitly has type 'any' because no interface 'JSX.IntrinsicElements' exists.
main.tsx(6854,15): error TS7026: JSX element implicitly has type 'any' because no interface 'JSX.IntrinsicElements' exists.
main.tsx(6862,21): error TS7026: JSX element implicitly has type 'any' because no interface 'JSX.IntrinsicElements' exists.
main.tsx(6863,23): error TS7026: JSX element implicitly has type 'any' because no interface 'JSX.IntrinsicElements' exists.
main.tsx(6865,36): error TS7006: Parameter 'e' implicitly has an 'any' type.
main.tsx(6873,23): error TS7026: JSX element implicitly has type 'any' because no interface 'JSX.IntrinsicElements' exists.
main.tsx(6882,23): error TS7026: JSX element implicitly has type 'any' because no interface 'JSX.IntrinsicElements' exists.
main.tsx(6883,21): error TS7026: JSX element implicitly has type 'any' because no interface 'JSX.IntrinsicElements' exists.
main.tsx(6886,15): error TS7026: JSX element implicitly has type 'any' because no interface 'JSX.IntrinsicElements' exists.
main.tsx(6887,15): error TS7026: JSX element implicitly has type 'any' because no interface 'JSX.IntrinsicElements' exists.
main.tsx(6888,28): error TS7006: Parameter 'log' implicitly has an 'any' type.
main.tsx(6889,19): error TS7026: JSX element implicitly has type 'any' because no interface 'JSX.IntrinsicElements' exists.
main.tsx(6890,21): error TS7026: JSX element implicitly has type 'any' because no interface 'JSX.IntrinsicElements' exists.
main.tsx(6891,23): error TS7026: JSX element implicitly has type 'any' because no interface 'JSX.IntrinsicElements' exists.
main.tsx(6893,23): error TS7026: JSX element implicitly has type 'any' because no interface 'JSX.IntrinsicElements' exists.
main.tsx(6894,23): error TS7026: JSX element implicitly has type 'any' because no interface 'JSX.IntrinsicElements' exists.
main.tsx(6896,23): error TS7026: JSX element implicitly has type 'any' because no interface 'JSX.IntrinsicElements' exists.
main.tsx(6897,21): error TS7026: JSX element implicitly has type 'any' because no interface 'JSX.IntrinsicElements' exists.
main.tsx(6898,21): error TS7026: JSX element implicitly has type 'any' because no interface 'JSX.IntrinsicElements' exists.
main.tsx(6898,103): error TS7026: JSX element implicitly has type 'any' because no interface 'JSX.IntrinsicElements' exists.
main.tsx(6899,21): error TS7026: JSX element implicitly has type 'any' because no interface 'JSX.IntrinsicElements' exists.
main.tsx(6913,23): error TS7026: JSX element implicitly has type 'any' because no interface 'JSX.IntrinsicElements' exists.
main.tsx(6915,23): error TS7026: JSX element implicitly has type 'any' because no interface 'JSX.IntrinsicElements' exists.
main.tsx(6916,21): error TS7026: JSX element implicitly has type 'any' because no interface 'JSX.IntrinsicElements' exists.
main.tsx(6917,19): error TS7026: JSX element implicitly has type 'any' because no interface 'JSX.IntrinsicElements' exists.
main.tsx(6920,19): error TS7026: JSX element implicitly has type 'any' because no interface 'JSX.IntrinsicElements' exists.
main.tsx(6922,19): error TS7026: JSX element implicitly has type 'any' because no interface 'JSX.IntrinsicElements' exists.
main.tsx(6924,15): error TS7026: JSX element implicitly has type 'any' because no interface 'JSX.IntrinsicElements' exists.
main.tsx(6925,15): error TS7026: JSX element implicitly has type 'any' because no interface 'JSX.IntrinsicElements' exists.
main.tsx(6927,19): error TS7026: JSX element implicitly has type 'any' because no interface 'JSX.IntrinsicElements' exists.
main.tsx(6928,21): error TS7026: JSX element implicitly has type 'any' because no interface 'JSX.IntrinsicElements' exists.
main.tsx(6929,23): error TS7026: JSX element implicitly has type 'any' because no interface 'JSX.IntrinsicElements' exists.
main.tsx(6929,60): error TS7026: JSX element implicitly has type 'any' because no interface 'JSX.IntrinsicElements' exists.
main.tsx(6930,23): error TS7026: JSX element implicitly has type 'any' because no interface 'JSX.IntrinsicElements' exists.
main.tsx(6930,57): error TS7026: JSX element implicitly has type 'any' because no interface 'JSX.IntrinsicElements' exists.
main.tsx(6931,23): error TS7026: JSX element implicitly has type 'any' because no interface 'JSX.IntrinsicElements' exists.
main.tsx(6931,62): error TS7026: JSX element implicitly has type 'any' because no interface 'JSX.IntrinsicElements' exists.
main.tsx(6932,23): error TS7026: JSX element implicitly has type 'any' because no interface 'JSX.IntrinsicElements' exists.
main.tsx(6934,23): error TS7026: JSX element implicitly has type 'any' because no interface 'JSX.IntrinsicElements' exists.
main.tsx(6935,23): error TS7026: JSX element implicitly has type 'any' because no interface 'JSX.IntrinsicElements' exists.
main.tsx(6935,60): error TS7026: JSX element implicitly has type 'any' because no interface 'JSX.IntrinsicElements' exists.
main.tsx(6936,21): error TS7026: JSX element implicitly has type 'any' because no interface 'JSX.IntrinsicElements' exists.
main.tsx(6937,19): error TS7026: JSX element implicitly has type 'any' because no interface 'JSX.IntrinsicElements' exists.
main.tsx(6938,19): error TS7026: JSX element implicitly has type 'any' because no interface 'JSX.IntrinsicElements' exists.
main.tsx(6940,23): error TS7026: JSX element implicitly has type 'any' because no interface 'JSX.IntrinsicElements' exists.
main.tsx(6941,25): error TS7026: JSX element implicitly has type 'any' because no interface 'JSX.IntrinsicElements' exists.
main.tsx(6946,25): error TS7026: JSX element implicitly has type 'any' because no interface 'JSX.IntrinsicElements' exists.
main.tsx(6947,23): error TS7026: JSX element implicitly has type 'any' because no interface 'JSX.IntrinsicElements' exists.
main.tsx(6949,33): error TS7006: Parameter 'log' implicitly has an 'any' type.
main.tsx(6949,38): error TS7006: Parameter 'index' implicitly has an 'any' type.
main.tsx(6950,25): error TS7026: JSX element implicitly has type 'any' because no interface 'JSX.IntrinsicElements' exists.
main.tsx(6954,27): error TS7026: JSX element implicitly has type 'any' because no interface 'JSX.IntrinsicElements' exists.
main.tsx(6956,27): error TS7026: JSX element implicitly has type 'any' because no interface 'JSX.IntrinsicElements' exists.
main.tsx(6957,27): error TS7026: JSX element implicitly has type 'any' because no interface 'JSX.IntrinsicElements' exists.
main.tsx(6959,27): error TS7026: JSX element implicitly has type 'any' because no interface 'JSX.IntrinsicElements' exists.
main.tsx(6960,27): error TS7026: JSX element implicitly has type 'any' because no interface 'JSX.IntrinsicElements' exists.
main.tsx(6975,27): error TS7026: JSX element implicitly has type 'any' because no interface 'JSX.IntrinsicElements' exists.
main.tsx(6976,27): error TS7026: JSX element implicitly has type 'any' because no interface 'JSX.IntrinsicElements' exists.
main.tsx(6978,27): error TS7026: JSX element implicitly has type 'any' because no interface 'JSX.IntrinsicElements' exists.
main.tsx(6979,27): error TS7026: JSX element implicitly has type 'any' because no interface 'JSX.IntrinsicElements' exists.
main.tsx(6981,27): error TS7026: JSX element implicitly has type 'any' because no interface 'JSX.IntrinsicElements' exists.
main.tsx(6982,25): error TS7026: JSX element implicitly has type 'any' because no interface 'JSX.IntrinsicElements' exists.
main.tsx(6986,23): error TS7026: JSX element implicitly has type 'any' because no interface 'JSX.IntrinsicElements' exists.
main.tsx(6987,25): error TS7026: JSX element implicitly has type 'any' because no interface 'JSX.IntrinsicElements' exists.
main.tsx(6992,25): error TS7026: JSX element implicitly has type 'any' because no interface 'JSX.IntrinsicElements' exists.
main.tsx(6993,23): error TS7026: JSX element implicitly has type 'any' because no interface 'JSX.IntrinsicElements' exists.
main.tsx(6995,19): error TS7026: JSX element implicitly has type 'any' because no interface 'JSX.IntrinsicElements' exists.
main.tsx(6997,15): error TS7026: JSX element implicitly has type 'any' because no interface 'JSX.IntrinsicElements' exists.
main.tsx(6998,15): error TS7026: JSX element implicitly has type 'any' because no interface 'JSX.IntrinsicElements' exists.
main.tsx(6999,17): error TS7026: JSX element implicitly has type 'any' because no interface 'JSX.IntrinsicElements' exists.
main.tsx(7000,19): error TS7026: JSX element implicitly has type 'any' because no interface 'JSX.IntrinsicElements' exists.
main.tsx(7002,49): error TS7006: Parameter 'value' implicitly has an 'any' type.
main.tsx(7004,44): error TS7026: JSX element implicitly has type 'any' because no interface 'JSX.IntrinsicElements' exists.
main.tsx(7005,19): error TS7026: JSX element implicitly has type 'any' because no interface 'JSX.IntrinsicElements' exists.
main.tsx(7007,19): error TS7026: JSX element implicitly has type 'any' because no interface 'JSX.IntrinsicElements' exists.
main.tsx(7008,19): error TS7026: JSX element implicitly has type 'any' because no interface 'JSX.IntrinsicElements' exists.
main.tsx(7010,49): error TS7006: Parameter 'value' implicitly has an 'any' type.
main.tsx(7012,44): error TS7026: JSX element implicitly has type 'any' because no interface 'JSX.IntrinsicElements' exists.
main.tsx(7013,17): error TS7026: JSX element implicitly has type 'any' because no interface 'JSX.IntrinsicElements' exists.
main.tsx(7014,17): error TS7026: JSX element implicitly has type 'any' because no interface 'JSX.IntrinsicElements' exists.
main.tsx(7016,17): error TS7026: JSX element implicitly has type 'any' because no interface 'JSX.IntrinsicElements' exists.
main.tsx(7017,15): error TS7026: JSX element implicitly has type 'any' because no interface 'JSX.IntrinsicElements' exists.
main.tsx(7021,137): error TS7006: Parameter 'n' implicitly has an 'any' type.
main.tsx(7023,11): error TS7026: JSX element implicitly has type 'any' because no interface 'JSX.IntrinsicElements' exists.
main.tsx(7023,63): error TS7026: JSX element implicitly has type 'any' because no interface 'JSX.IntrinsicElements' exists.
main.tsx(7023,202): error TS7026: JSX element implicitly has type 'any' because no interface 'JSX.IntrinsicElements' exists.
main.tsx(7023,347): error TS7026: JSX element implicitly has type 'any' because no interface 'JSX.IntrinsicElements' exists.
main.tsx(7023,499): error TS7006: Parameter 'e' implicitly has an 'any' type.
main.tsx(7023,709): error TS7026: JSX element implicitly has type 'any' because no interface 'JSX.IntrinsicElements' exists.
main.tsx(7050,51): error TS7026: JSX element implicitly has type 'any' because no interface 'JSX.IntrinsicElements' exists.
main.tsx(7050,191): error TS7026: JSX element implicitly has type 'any' because no interface 'JSX.IntrinsicElements' exists.
main.tsx(7050,259): error TS7026: JSX element implicitly has type 'any' because no interface 'JSX.IntrinsicElements' exists.
main.tsx(7050,264): error TS7026: JSX element implicitly has type 'any' because no interface 'JSX.IntrinsicElements' exists.
main.tsx(7050,337): error TS7026: JSX element implicitly has type 'any' because no interface 'JSX.IntrinsicElements' exists.
main.tsx(7050,341): error TS7026: JSX element implicitly has type 'any' because no interface 'JSX.IntrinsicElements' exists.
main.tsx(7050,466): error TS7026: JSX element implicitly has type 'any' because no interface 'JSX.IntrinsicElements' exists.
main.tsx(7050,477): error TS7026: JSX element implicitly has type 'any' because no interface 'JSX.IntrinsicElements' exists.
src/production-api.ts(10,35): error TS7006: Parameter 'row' implicitly has an 'any' type.
src/production-api.ts(18,25): error TS7006: Parameter 'row' implicitly has an 'any' type.
src/supabase.ts(3,51): error TS2307: Cannot find module '@supabase/supabase-js' or its corresponding type declarations.
src/ui/AppShell.tsx(2,62): error TS2307: Cannot find module 'react' or its corresponding type declarations.
src/ui/AppShell.tsx(27,36): error TS7026: JSX element implicitly has type 'any' because no interface 'JSX.IntrinsicElements' exists.
src/ui/AppShell.tsx(28,22): error TS7026: JSX element implicitly has type 'any' because no interface 'JSX.IntrinsicElements' exists.
src/ui/AppShell.tsx(29,7): error TS7026: JSX element implicitly has type 'any' because no interface 'JSX.IntrinsicElements' exists.
src/ui/AppShell.tsx(29,188): error TS7026: JSX element implicitly has type 'any' because no interface 'JSX.IntrinsicElements' exists.
src/ui/AppShell.tsx(30,49): error TS7026: JSX element implicitly has type 'any' because no interface 'JSX.IntrinsicElements' exists.
src/ui/AppShell.tsx(30,107): error TS7026: JSX element implicitly has type 'any' because no interface 'JSX.IntrinsicElements' exists.
src/ui/AppShell.tsx(30,323): error TS7026: JSX element implicitly has type 'any' because no interface 'JSX.IntrinsicElements' exists.
src/ui/AppShell.tsx(30,334): error TS7026: JSX element implicitly has type 'any' because no interface 'JSX.IntrinsicElements' exists.
src/ui/AppShell.tsx(31,5): error TS7026: JSX element implicitly has type 'any' because no interface 'JSX.IntrinsicElements' exists.
src/ui/AppShell.tsx(32,14): error TS7026: JSX element implicitly has type 'any' because no interface 'JSX.IntrinsicElements' exists.
src/ui/AppShell.tsx(32,54): error TS7026: JSX element implicitly has type 'any' because no interface 'JSX.IntrinsicElements' exists.
src/ui/AppShell.tsx(32,67): error TS7026: JSX element implicitly has type 'any' because no interface 'JSX.IntrinsicElements' exists.
src/ui/AppShell.tsx(32,71): error TS7026: JSX element implicitly has type 'any' because no interface 'JSX.IntrinsicElements' exists.
src/ui/AppShell.tsx(32,85): error TS7026: JSX element implicitly has type 'any' because no interface 'JSX.IntrinsicElements' exists.
src/ui/AppShell.tsx(32,89): error TS7026: JSX element implicitly has type 'any' because no interface 'JSX.IntrinsicElements' exists.
src/ui/AppShell.tsx(32,186): error TS7026: JSX element implicitly has type 'any' because no interface 'JSX.IntrinsicElements' exists.
src/ui/AppShell.tsx(32,195): error TS7026: JSX element implicitly has type 'any' because no interface 'JSX.IntrinsicElements' exists.
src/ui/AppShell.tsx(33,3): error TS7026: JSX element implicitly has type 'any' because no interface 'JSX.IntrinsicElements' exists.
src/ui/AppShell.tsx(34,18): error TS7026: JSX element implicitly has type 'any' because no interface 'JSX.IntrinsicElements' exists.
src/ui/AppShell.tsx(34,18): error TS2875: This JSX tag requires the module path 'react/jsx-runtime' to exist, but none could be found. Make sure you have types for the appropriate package installed.
src/ui/AppShell.tsx(34,67): error TS7026: JSX element implicitly has type 'any' because no interface 'JSX.IntrinsicElements' exists.
src/ui/AppShell.tsx(34,105): error TS7026: JSX element implicitly has type 'any' because no interface 'JSX.IntrinsicElements' exists.
src/ui/AppShell.tsx(34,112): error TS7026: JSX element implicitly has type 'any' because no interface 'JSX.IntrinsicElements' exists.
src/ui/AppShell.tsx(34,156): error TS7026: JSX element implicitly has type 'any' because no interface 'JSX.IntrinsicElements' exists.
src/ui/AppShell.tsx(34,163): error TS7026: JSX element implicitly has type 'any' because no interface 'JSX.IntrinsicElements' exists.
src/ui/AppShell.tsx(35,10): error TS7026: JSX element implicitly has type 'any' because no interface 'JSX.IntrinsicElements' exists.
src/ui/AppShell.tsx(36,5): error TS7026: JSX element implicitly has type 'any' because no interface 'JSX.IntrinsicElements' exists.
src/ui/AppShell.tsx(36,89): error TS7026: JSX element implicitly has type 'any' because no interface 'JSX.IntrinsicElements' exists.
src/ui/AppShell.tsx(37,18): error TS7026: JSX element implicitly has type 'any' because no interface 'JSX.IntrinsicElements' exists.
src/ui/AppShell.tsx(38,7): error TS7026: JSX element implicitly has type 'any' because no interface 'JSX.IntrinsicElements' exists.
src/ui/AppShell.tsx(38,56): error TS7026: JSX element implicitly has type 'any' because no interface 'JSX.IntrinsicElements' exists.
src/ui/AppShell.tsx(40,7): error TS7026: JSX element implicitly has type 'any' because no interface 'JSX.IntrinsicElements' exists.
src/ui/AppShell.tsx(40,47): error TS7026: JSX element implicitly has type 'any' because no interface 'JSX.IntrinsicElements' exists.
src/ui/AppShell.tsx(40,168): error TS7026: JSX element implicitly has type 'any' because no interface 'JSX.IntrinsicElements' exists.
src/ui/AppShell.tsx(40,177): error TS7026: JSX element implicitly has type 'any' because no interface 'JSX.IntrinsicElements' exists.
src/ui/AppShell.tsx(41,5): error TS7026: JSX element implicitly has type 'any' because no interface 'JSX.IntrinsicElements' exists.
src/ui/AppShell.tsx(42,5): error TS7026: JSX element implicitly has type 'any' because no interface 'JSX.IntrinsicElements' exists.
src/ui/AppShell.tsx(43,7): error TS7026: JSX element implicitly has type 'any' because no interface 'JSX.IntrinsicElements' exists.
src/ui/AppShell.tsx(44,9): error TS7026: JSX element implicitly has type 'any' because no interface 'JSX.IntrinsicElements' exists.
src/ui/AppShell.tsx(45,11): error TS7026: JSX element implicitly has type 'any' because no interface 'JSX.IntrinsicElements' exists.
src/ui/AppShell.tsx(45,274): error TS7026: JSX element implicitly has type 'any' because no interface 'JSX.IntrinsicElements' exists.
src/ui/AppShell.tsx(46,23): error TS7026: JSX element implicitly has type 'any' because no interface 'JSX.IntrinsicElements' exists.
src/ui/AppShell.tsx(46,164): error TS7026: JSX element implicitly has type 'any' because no interface 'JSX.IntrinsicElements' exists.
src/ui/AppShell.tsx(47,11): error TS7026: JSX element implicitly has type 'any' because no interface 'JSX.IntrinsicElements' exists.
src/ui/AppShell.tsx(47,129): error TS7026: JSX element implicitly has type 'any' because no interface 'JSX.IntrinsicElements' exists.
src/ui/AppShell.tsx(48,9): error TS7026: JSX element implicitly has type 'any' because no interface 'JSX.IntrinsicElements' exists.
src/ui/AppShell.tsx(49,9): error TS7026: JSX element implicitly has type 'any' because no interface 'JSX.IntrinsicElements' exists.
src/ui/AppShell.tsx(50,11): error TS7026: JSX element implicitly has type 'any' because no interface 'JSX.IntrinsicElements' exists.
src/ui/AppShell.tsx(50,49): error TS7026: JSX element implicitly has type 'any' because no interface 'JSX.IntrinsicElements' exists.
src/ui/AppShell.tsx(50,82): error TS7026: JSX element implicitly has type 'any' because no interface 'JSX.IntrinsicElements' exists.
src/ui/AppShell.tsx(50,89): error TS7026: JSX element implicitly has type 'any' because no interface 'JSX.IntrinsicElements' exists.
src/ui/AppShell.tsx(50,131): error TS7026: JSX element implicitly has type 'any' because no interface 'JSX.IntrinsicElements' exists.
src/ui/AppShell.tsx(50,138): error TS7026: JSX element implicitly has type 'any' because no interface 'JSX.IntrinsicElements' exists.
src/ui/AppShell.tsx(51,11): error TS7026: JSX element implicitly has type 'any' because no interface 'JSX.IntrinsicElements' exists.
src/ui/AppShell.tsx(51,80): error TS7006: Parameter 'e' implicitly has an 'any' type.
src/ui/AppShell.tsx(51,128): error TS7026: JSX element implicitly has type 'any' because no interface 'JSX.IntrinsicElements' exists.
src/ui/AppShell.tsx(51,156): error TS7026: JSX element implicitly has type 'any' because no interface 'JSX.IntrinsicElements' exists.
src/ui/AppShell.tsx(51,165): error TS7026: JSX element implicitly has type 'any' because no interface 'JSX.IntrinsicElements' exists.
src/ui/AppShell.tsx(51,186): error TS7026: JSX element implicitly has type 'any' because no interface 'JSX.IntrinsicElements' exists.
src/ui/AppShell.tsx(51,195): error TS7026: JSX element implicitly has type 'any' because no interface 'JSX.IntrinsicElements' exists.
src/ui/AppShell.tsx(52,11): error TS7026: JSX element implicitly has type 'any' because no interface 'JSX.IntrinsicElements' exists.
src/ui/AppShell.tsx(52,123): error TS7026: JSX element implicitly has type 'any' because no interface 'JSX.IntrinsicElements' exists.
src/ui/AppShell.tsx(53,9): error TS7026: JSX element implicitly has type 'any' because no interface 'JSX.IntrinsicElements' exists.
src/ui/AppShell.tsx(54,7): error TS7026: JSX element implicitly has type 'any' because no interface 'JSX.IntrinsicElements' exists.
src/ui/AppShell.tsx(55,7): error TS7026: JSX element implicitly has type 'any' because no interface 'JSX.IntrinsicElements' exists.
src/ui/AppShell.tsx(55,91): error TS7026: JSX element implicitly has type 'any' because no interface 'JSX.IntrinsicElements' exists.
src/ui/AppShell.tsx(56,5): error TS7026: JSX element implicitly has type 'any' because no interface 'JSX.IntrinsicElements' exists.
src/ui/AppShell.tsx(57,5): error TS7026: JSX element implicitly has type 'any' because no interface 'JSX.IntrinsicElements' exists.
src/ui/AppShell.tsx(57,166): error TS7006: Parameter 'e' implicitly has an 'any' type.
src/ui/AppShell.tsx(57,388): error TS7006: Parameter 'e' implicitly has an 'any' type.
src/ui/AppShell.tsx(58,7): error TS7026: JSX element implicitly has type 'any' because no interface 'JSX.IntrinsicElements' exists.
src/ui/AppShell.tsx(58,56): error TS7026: JSX element implicitly has type 'any' because no interface 'JSX.IntrinsicElements' exists.
src/ui/AppShell.tsx(58,166): error TS7026: JSX element implicitly has type 'any' because no interface 'JSX.IntrinsicElements' exists.
src/ui/AppShell.tsx(58,175): error TS7026: JSX element implicitly has type 'any' because no interface 'JSX.IntrinsicElements' exists.
src/ui/AppShell.tsx(60,5): error TS7026: JSX element implicitly has type 'any' because no interface 'JSX.IntrinsicElements' exists.
src/ui/AppShell.tsx(61,3): error TS7026: JSX element implicitly has type 'any' because no interface 'JSX.IntrinsicElements' exists.
src/ui/ResponsiveTable.tsx(1,116): error TS2307: Cannot find module 'react' or its corresponding type declarations.
src/ui/ResponsiveTable.tsx(5,29): error TS7006: Parameter 'child' implicitly has an 'any' type.
src/ui/ResponsiveTable.tsx(32,10): error TS7026: JSX element implicitly has type 'any' because no interface 'JSX.IntrinsicElements' exists.
src/ui/ResponsiveTable.tsx(32,10): error TS2875: This JSX tag requires the module path 'react/jsx-runtime' to exist, but none could be found. Make sure you have types for the appropriate package installed.
src/ui/ResponsiveTable.tsx(32,90): error TS7026: JSX element implicitly has type 'any' because no interface 'JSX.IntrinsicElements' exists.
src/ui/usePageState.ts(1,97): error TS2307: Cannot find module 'react' or its corresponding type declarations.
src/ui/usePageState.ts(11,41): error TS7006: Parameter 'next' implicitly has an 'any' type.
src/ui/usePageState.ts(11,56): error TS7006: Parameter 'previous' implicitly has an 'any' type.
EXIT_CODE=2
